-- --------------------------------------------------------
-- Sunucu:                       127.0.0.1
-- Sunucu sürümü:                10.4.32-MariaDB - mariadb.org binary distribution
-- Sunucu İşletim Sistemi:       Win64
-- HeidiSQL Sürüm:               12.8.0.6908
-- --------------------------------------------------------

/*!40101 SET @OLD_CHARACTER_SET_CLIENT=@@CHARACTER_SET_CLIENT */;
/*!40101 SET NAMES utf8 */;
/*!50503 SET NAMES utf8mb4 */;
/*!40103 SET @OLD_TIME_ZONE=@@TIME_ZONE */;
/*!40103 SET TIME_ZONE='+00:00' */;
/*!40014 SET @OLD_FOREIGN_KEY_CHECKS=@@FOREIGN_KEY_CHECKS, FOREIGN_KEY_CHECKS=0 */;
/*!40101 SET @OLD_SQL_MODE=@@SQL_MODE, SQL_MODE='NO_AUTO_VALUE_ON_ZERO' */;
/*!40111 SET @OLD_SQL_NOTES=@@SQL_NOTES, SQL_NOTES=0 */;


-- puantoryeni için veritabanı yapısı dökülüyor
CREATE DATABASE IF NOT EXISTS `puantoryeni` /*!40100 DEFAULT CHARACTER SET latin5 COLLATE latin5_turkish_ci */;
USE `puantoryeni`;

-- tablo yapısı dökülüyor puantoryeni.authority
CREATE TABLE IF NOT EXISTS `authority` (
  `id` int(10) NOT NULL AUTO_INCREMENT,
  `authName` varchar(50) DEFAULT NULL,
  `authTitle` varchar(50) DEFAULT NULL,
  `authGroup` int(2) DEFAULT NULL,
  `authValue` int(1) DEFAULT NULL,
  `isActive` int(1) DEFAULT NULL,
  PRIMARY KEY (`id`)
) ENGINE=InnoDB AUTO_INCREMENT=66 DEFAULT CHARSET=utf8 COLLATE=utf8_general_ci;

-- puantoryeni.authority: ~58 rows (yaklaşık) tablosu için veriler indiriliyor
DELETE FROM `authority`;
INSERT INTO `authority` (`id`, `authName`, `authTitle`, `authGroup`, `authValue`, `isActive`) VALUES
	(1, 'customeradd', 'Müşteri Ekle', 1, 1, 1),
	(2, 'customeredit', 'Müşteri Düzenle', 1, 1, 1),
	(3, 'customerdelete', 'Müşteri Sil', 1, 1, 1),
	(4, 'purchaseadd', 'Satın Alma Ekle', 2, 1, 1),
	(5, 'purchaseedit', 'Satın Alma Düzenle', 2, 1, 1),
	(6, 'purchasedelete', 'Satın Alma Sil', 2, 1, 1),
	(7, 'offertemplateadd', 'Teklif Şablon Ekle', 3, 1, 1),
	(8, 'offertemplateview', 'Teklif Şablon Görüntüle', 3, 1, 1),
	(9, 'offertemplatedel', 'Teklif Şablon Sil', 3, 1, 1),
	(10, 'doccategories', 'Evrak Kategori Yönetimi', 4, 1, 1),
	(11, 'docdelete', 'Evrak Sil', 4, 1, 1),
	(12, 'outdocview', 'Giden Evrak Görüntüle', 4, 1, 1),
	(13, 'outdocadd', 'Giden Evrak Ekle', 4, 1, 1),
	(14, 'indocview', 'Gelen Evrak Görüntüle', 4, 1, 1),
	(15, 'indocadd', 'Gelen Evrak Ekle', 4, 1, 1),
	(16, 'serviceAdd', 'Servis Ekle', 5, 1, 1),
	(17, 'serviceView', 'Servis Görüntüle', 5, 1, 1),
	(18, 'serviceDel', 'Servis Sil', 5, 1, 1),
	(19, 'fileadd', 'Dosya Ekle', 6, 1, 1),
	(20, 'fileview', 'Dosya Görüntüle', 6, 1, 1),
	(21, 'filedelete', 'Dosya Sil', 6, 1, 1),
	(22, 'missionadd', 'Görev Ekle', 7, 1, 1),
	(23, 'missionview', 'Görev Görüntüle', 7, 1, 1),
	(24, 'allmisview', 'Tüm Görevleri Görüntüle', 7, 1, 1),
	(25, 'useradd', 'Kullanıcı Ekle', 99, 1, 1),
	(26, 'useredit', 'Kullanıcı Düzenle', 99, 1, 1),
	(27, 'userdelete', 'Kullanıcı Sil', 99, 1, 1),
	(29, 'noteadd', 'Not Ekle', 9, 1, 1),
	(30, 'noteedit', 'Not Düzenle', 9, 1, 1),
	(31, 'notedelete', 'Not Sil', 9, 1, 1),
	(32, 'todoadd', 'Yapılacak Ekle', 10, 1, 1),
	(33, 'todoedit', 'Yapılacak Düzenle', 10, 1, 1),
	(34, 'tododelete', 'Yapılacak Sil', 10, 1, 1),
	(35, 'reminderadd', 'Hatırlatma Ekle', 10, 1, 1),
	(36, 'productcategory', 'Ürün/Hizmet Kategori Yönetimi', 11, 1, 1),
	(37, 'productadd', 'Ürün Ekle', 11, 1, 1),
	(38, 'productedit', 'Ürün Güncelle', 11, 1, 1),
	(39, 'productdelete', 'Ürün Sil', 11, 1, 1),
	(40, 'mailandsmssend', 'Mail/Sms Gönder', 12, 1, 1),
	(41, 'panelsettings', 'Panel Ayarlarını Yönet', 12, 1, 1),
	(42, 'offeradd', 'Teklif Ekle', 13, 1, 1),
	(43, 'offerview', 'Teklif Görüntüle', 13, 1, 1),
	(44, 'offeredit', 'Teklif Düzenle', 13, 1, 1),
	(45, 'offerdelete', 'Teklif Sil', 13, 1, 1),
	(50, 'userview', 'Kullanıcı Görüntüle', 99, 1, 1),
	(51, 'authdefine', 'Yetki Türü Tanımlama', 14, 1, 1),
	(52, 'missiontake', 'Görev Al', 7, 1, 1),
	(54, 'serviceEdit', 'Servis Düzenle', 5, 1, 1),
	(56, 'authDel', 'Yetki Türü Silme', 14, NULL, 1),
	(57, 'authEdit', 'Yetki Türü Düzenleme', 14, NULL, 1),
	(58, 'offercopy', 'Teklif Kopyala', 13, NULL, 1),
	(59, 'reportview', 'Rapor Görüntüle', 16, 1, 1),
	(60, 'reportadd', 'Rapor Ekle', 16, 1, 1),
	(61, 'reportedit', 'Rapor Düzenle', 16, 1, 1),
	(62, 'reportdel', 'Rapor Sil', 16, 1, 1),
	(63, 'purchase-demand-add', 'Satın Alma Talebi Ekle', 2, 1, 1),
	(64, 'mail-accounts-manage', 'Mail Hesaplarını Yönet', 12, 1, 1),
	(65, 'docedit', 'Evrak Düzenleme Sayfası', 4, 1, 1);

-- tablo yapısı dökülüyor puantoryeni.auths
CREATE TABLE IF NOT EXISTS `auths` (
  `id` int(11) NOT NULL AUTO_INCREMENT,
  `name` varchar(50) NOT NULL DEFAULT '0',
  `title` varchar(50) NOT NULL DEFAULT '0',
  `value` int(1) NOT NULL DEFAULT 1,
  `is_active` int(1) NOT NULL DEFAULT 1,
  `parent_id` int(1) NOT NULL DEFAULT 0,
  `tooltip_1` varchar(255) DEFAULT NULL,
  `tooltip_2` varchar(255) DEFAULT NULL,
  `tooltip_3` varchar(255) DEFAULT NULL,
  `tooltip_4` varchar(255) DEFAULT NULL,
  PRIMARY KEY (`id`)
) ENGINE=InnoDB AUTO_INCREMENT=9 DEFAULT CHARSET=latin5 COLLATE=latin5_turkish_ci;

-- puantoryeni.auths: ~9 rows (yaklaşık) tablosu için veriler indiriliyor
DELETE FROM `auths`;
INSERT INTO `auths` (`id`, `name`, `title`, `value`, `is_active`, `parent_id`, `tooltip_1`, `tooltip_2`, `tooltip_3`, `tooltip_4`) VALUES
	(1, 'mainpage', 'Ana Sayfa Bilgileri', 1, 1, 0, NULL, NULL, NULL, NULL),
	(2, 'puantaj', 'Puantaj Sayfası Bilgileri', 1, 1, 0, 'puantah bigilerin görür', NULL, NULL, NULL),
	(3, 'bordro', 'Bordro Sayfası Bilgileri', 1, 1, 0, 'Bordro Sayfasını göremez', 'Bordro Sayfasını görür,işlem yapamaz', 'Bordro sayfasında ekleme ve düzenleme yapablir', 'Bordro sayfasındaki tüm yetkilere sahiptir.'),
	(4, 'person', 'Personel Sayfası Bilgileri', 1, 1, 0, NULL, NULL, NULL, NULL),
	(5, 'person_wage', 'Personel Sayfası Ücret Bilgilieri', 1, 1, 4, NULL, NULL, NULL, NULL),
	(6, 'person_wage', 'Personel Sayfası Ücret Bilgilieri', 1, 1, 4, NULL, NULL, NULL, NULL),
	(7, 'bordro', 'Bordro Sayfası Bilgileri', 1, 1, 3, NULL, NULL, NULL, NULL),
	(8, 'bordro', 'Bordro Sayfası Bilgileri', 1, 1, 3, 'Bordro Sayfasını göremez', 'Bordro Sayfasını görür,işlem yapamaz', 'Bordro sayfasında ekleme ve düzenleme yapablir', 'Bordro sayfasındaki tüm yetkilere sahiptir.');

-- tablo yapısı dökülüyor puantoryeni.cases
CREATE TABLE IF NOT EXISTS `cases` (
  `id` int(11) NOT NULL AUTO_INCREMENT,
  `account_id` int(11) NOT NULL DEFAULT 0,
  `firm_id` int(11) DEFAULT NULL,
  `start_budget` decimal(10,2) DEFAULT NULL,
  `case_name` varchar(255) DEFAULT NULL,
  `bank_name` varchar(255) DEFAULT NULL,
  `branch_name` varchar(255) DEFAULT NULL,
  `description` text DEFAULT NULL,
  `isDefault` int(11) DEFAULT NULL,
  PRIMARY KEY (`id`)
) ENGINE=InnoDB AUTO_INCREMENT=50 DEFAULT CHARSET=utf8mb4 COLLATE=utf8mb4_general_ci;

-- puantoryeni.cases: ~9 rows (yaklaşık) tablosu için veriler indiriliyor
DELETE FROM `cases`;
INSERT INTO `cases` (`id`, `account_id`, `firm_id`, `start_budget`, `case_name`, `bank_name`, `branch_name`, `description`, `isDefault`) VALUES
	(22, 4, 2, 90000.00, 'Nakit Kasası', 'Garanti Bankası', 'Konya', 'Gelen Nakitleri Buraya', 0),
	(32, 4, 4, 10000.00, 'Nakit Kasası', 'Türkiye İş Bankası', 'Ankara', 'Gelen Nakitleri Buraya', 0),
	(33, 4, 4, 9000.00, 'Kasa 25', '1', 'Manisa', '', 0),
	(34, 4, 4, 0.00, 'Ziraat TL', '3', 'Yükseltepe', '', 0),
	(35, 60, 8, 1200.00, 'dene', '1', 'konya', '', 1),
	(46, 4, 2, 10000.00, 'Kredi Kartı', 'Garanti Bankası', 'Konya', 'Kredi kartı ile gelen işlemler buraya', 0),
	(47, 4, 4, 10000.00, 'Kredi Kartı', 'Garanti Bankası', 'Konya', 'Kredi kartı ile gelen işlemler buraya', 0),
	(48, 64, 12, 10000.00, 'TL Kasa', 'Akbank', 'Antep', '', 0),
	(49, 60, 15, 90000.00, 'TL Kasası', 'Akbank', 'Ankara', 'Ankara Şantiyesi', 0);

-- tablo yapısı dökülüyor puantoryeni.case_transactions
CREATE TABLE IF NOT EXISTS `case_transactions` (
  `id` int(100) NOT NULL AUTO_INCREMENT,
  `type_id` int(100) NOT NULL,
  `date` varchar(10) NOT NULL,
  `case_id` int(100) NOT NULL,
  `sub_type` int(100) NOT NULL,
  `amount` double NOT NULL DEFAULT 0,
  `amount_money` int(11) DEFAULT NULL,
  `account_name` varchar(255) DEFAULT NULL,
  `description` varchar(255) DEFAULT NULL,
  `created_at` varchar(30) NOT NULL DEFAULT current_timestamp(),
  `updated_at` varchar(30) DEFAULT NULL,
  `company_id` int(100) DEFAULT NULL,
  PRIMARY KEY (`id`)
) ENGINE=InnoDB AUTO_INCREMENT=137 DEFAULT CHARSET=utf8mb4 COLLATE=utf8mb4_general_ci;

-- puantoryeni.case_transactions: ~7 rows (yaklaşık) tablosu için veriler indiriliyor
DELETE FROM `case_transactions`;
INSERT INTO `case_transactions` (`id`, `type_id`, `date`, `case_id`, `sub_type`, `amount`, `amount_money`, `account_name`, `description`, `created_at`, `updated_at`, `company_id`) VALUES
	(58, 1, '', 22, 2, 0, NULL, NULL, '', '2024-06-19 13:10:18', NULL, NULL),
	(131, 1, '2024-09-17', 22, 0, 90000, 2, NULL, '', '2024-09-17 22:33:41', NULL, NULL),
	(132, 1, '2024-09-17', 35, 0, 125000, 3, NULL, '', '2024-09-17 22:34:28', NULL, NULL),
	(133, 1, '2024-09-18', 22, 0, 90, 1, NULL, '', '2024-09-18 21:22:13', NULL, NULL),
	(134, 1, '2024-09-27', 48, 0, 5000, 1, NULL, '', '2024-09-27 12:14:41', NULL, NULL),
	(135, 1, '2024-10-04', 49, 0, 9000, 1, NULL, 'Çay parası', '2024-10-04 08:30:07', NULL, NULL),
	(136, 1, '2024-10-06', 35, 0, 5600, 1, NULL, '', '2024-10-06 11:14:20', NULL, NULL);

-- tablo yapısı dökülüyor puantoryeni.cgroups
CREATE TABLE IF NOT EXISTS `cgroups` (
  `id` int(11) NOT NULL AUTO_INCREMENT,
  `title` varchar(155) NOT NULL,
  `regdate` timestamp NOT NULL DEFAULT current_timestamp(),
  `statu` int(11) NOT NULL,
  PRIMARY KEY (`id`)
) ENGINE=MyISAM AUTO_INCREMENT=104 DEFAULT CHARSET=utf8 COLLATE=utf8_general_ci;

-- puantoryeni.cgroups: 10 rows tablosu için veriler indiriliyor
DELETE FROM `cgroups`;
/*!40000 ALTER TABLE `cgroups` DISABLE KEYS */;
INSERT INTO `cgroups` (`id`, `title`, `regdate`, `statu`) VALUES
	(1, 'Müşteri', '2024-01-24 14:15:23', 1),
	(4, 'Temizlik Şirketi', '2023-12-11 12:28:05', 2),
	(6, 'Hastane Hizmetleri', '2023-12-23 14:32:55', 2),
	(97, 'şirket işlemleri', '2023-12-31 21:00:00', 2),
	(102, 'TEKSTİL ', '2024-01-31 21:00:00', 2),
	(2, 'Tedarikçi', '2024-01-24 14:15:23', 1),
	(100, 'Temizlik', '2024-01-23 21:00:00', 2),
	(101, 'Lojistik', '2024-01-23 21:00:00', 2),
	(3, 'Müşteri+Tedarikçi', '2024-01-24 14:15:23', 1),
	(103, 'ELEKTRONİK', '2024-01-31 21:00:00', 2);
/*!40000 ALTER TABLE `cgroups` ENABLE KEYS */;

-- tablo yapısı dökülüyor puantoryeni.companies
CREATE TABLE IF NOT EXISTS `companies` (
  `id` int(11) NOT NULL AUTO_INCREMENT,
  `grp` int(11) DEFAULT NULL,
  `user_id` int(11) DEFAULT NULL,
  `company_name` varchar(100) DEFAULT NULL,
  `yetkili` varchar(255) DEFAULT NULL,
  `phone` varchar(155) DEFAULT NULL,
  `email` varchar(255) DEFAULT NULL,
  `city` int(11) DEFAULT NULL,
  `town` varchar(100) DEFAULT NULL,
  `address` varchar(250) DEFAULT NULL,
  `tax_number` varchar(100) DEFAULT NULL,
  `account_number` varchar(50) DEFAULT NULL,
  `created_at` timestamp NULL DEFAULT current_timestamp(),
  `creativer` int(11) DEFAULT NULL,
  `OdemeVade` varchar(10) DEFAULT NULL,
  `description` varchar(255) NOT NULL,
  `updater` int(10) NOT NULL,
  `updated_at` varchar(30) NOT NULL,
  PRIMARY KEY (`id`)
) ENGINE=MyISAM AUTO_INCREMENT=106 DEFAULT CHARSET=utf32 COLLATE=utf32_turkish_ci;

-- puantoryeni.companies: 7 rows tablosu için veriler indiriliyor
DELETE FROM `companies`;
/*!40000 ALTER TABLE `companies` DISABLE KEYS */;
INSERT INTO `companies` (`id`, `grp`, `user_id`, `company_name`, `yetkili`, `phone`, `email`, `city`, `town`, `address`, `tax_number`, `account_number`, `created_at`, `creativer`, `OdemeVade`, `description`, `updater`, `updated_at`) VALUES
	(58, 3, 4, 'P.C.C. ENDÜSTRİYEL EKİPMANLAR İNŞ.TES.MÜH.SAN.TİC.LTD.ŞTİ.', 'SONER BEY', '05322210714', 'omer.seckin.74@gmail.com', 16, 'BÜYÜKORHAN', NULL, NULL, '', '2024-02-01 11:00:18', 92, '', 'MARMARA', 0, ''),
	(59, 2, 4, 'POZİTİF ELEKTROMARKET ELEKTRİK SAN. VE TİC. LTD.ŞTİ.', 'SONER BEY', '05322210714', 'omer.seckin.74@gmail.com', 16, 'BÜYÜKORHAN', NULL, NULL, '', '2024-02-01 11:01:45', 92, '', 'MARMARA', 0, ''),
	(67, 2, 4, 'GALATA YANGIN ENVER KAROĞLU ', 'ENVER KAROĞLU', '05353151550', ' info@galatayangin.com', 34, 'BEYLİKDÜZÜ', NULL, NULL, '', '2024-04-24 10:37:00', 5, '', '', 0, ''),
	(68, 1, 3, 'BURSAM BOYA APRE TEKSTİL DOKUMA İNŞAAT TURİZM SANAYİ TİCARET LTD.ŞTİ.', 'EMRE BEY', '', 'omerseckin@aydinogullari.com', 16, 'GÜRSU', NULL, NULL, 'YENİ MÜŞTERİ.SELMAN BEY YÖNLENDİRDİ.', '2024-04-29 13:51:11', 1, '', 'GÜRSU', 0, ''),
	(101, NULL, 4, 'mbeYazilim Com', 'Mehmet Ali Gökmen', '05079432722', 'beyzade83@gmail.com', 2, '', 'Yenibatı Mah', '0010450321', '1234', '2024-09-16 18:29:34', NULL, NULL, 'yazilim firmamız', 0, ''),
	(104, NULL, 65, '', '', '', '', 0, '', '', '', '', '2024-09-23 18:52:18', NULL, NULL, '', 0, ''),
	(105, NULL, 60, 'Aksa Seramik', '', '', '', 2, '', '', '', '', '2024-09-23 19:44:55', NULL, NULL, '', 0, '');
/*!40000 ALTER TABLE `companies` ENABLE KEYS */;

-- tablo yapısı dökülüyor puantoryeni.defines
CREATE TABLE IF NOT EXISTS `defines` (
  `id` int(11) NOT NULL AUTO_INCREMENT,
  `user_id` int(11) NOT NULL DEFAULT 0,
  `group_type` int(2) NOT NULL DEFAULT 0,
  `firm_id` int(11) NOT NULL DEFAULT 0,
  `name` varchar(50) NOT NULL DEFAULT '0',
  `type` int(1) DEFAULT 0,
  `description` varchar(30) DEFAULT NULL,
  `created_at` int(11) DEFAULT current_timestamp(),
  PRIMARY KEY (`id`)
) ENGINE=InnoDB AUTO_INCREMENT=7 DEFAULT CHARSET=latin5 COLLATE=latin5_turkish_ci;

-- puantoryeni.defines: ~5 rows (yaklaşık) tablosu için veriler indiriliyor
DELETE FROM `defines`;
INSERT INTO `defines` (`id`, `user_id`, `group_type`, `firm_id`, `name`, `type`, `description`, `created_at`) VALUES
	(2, 60, 2, 8, 'fasfas', 1, 'dfasdfa', 2147483647),
	(3, 60, 2, 8, 'fasfas', 1, 'dfasdfa', 2147483647),
	(4, 60, 2, 8, 'Eklenen Veri', 2, 'dfasdfa', 2147483647),
	(5, 60, 2, 15, 'Eklenen Veri', 1, '', 2147483647),
	(6, 60, 2, 8, 'Eklenen Veri', 1, '', 2147483647);

-- tablo yapısı dökülüyor puantoryeni.define_numbers
CREATE TABLE IF NOT EXISTS `define_numbers` (
  `id` int(11) NOT NULL AUTO_INCREMENT,
  `ysc` int(20) NOT NULL,
  `hst` int(20) NOT NULL,
  `met` int(20) NOT NULL,
  `yas` int(20) NOT NULL,
  `purchase` int(20) NOT NULL,
  `purchase_demand` int(20) NOT NULL,
  `aas` int(11) NOT NULL,
  `oys` int(11) NOT NULL,
  `offer` int(255) DEFAULT NULL,
  `service` int(255) NOT NULL,
  PRIMARY KEY (`id`)
) ENGINE=MyISAM AUTO_INCREMENT=2 DEFAULT CHARSET=utf32 COLLATE=utf32_turkish_ci;

-- puantoryeni.define_numbers: 1 rows tablosu için veriler indiriliyor
DELETE FROM `define_numbers`;
/*!40000 ALTER TABLE `define_numbers` DISABLE KEYS */;
INSERT INTO `define_numbers` (`id`, `ysc`, `hst`, `met`, `yas`, `purchase`, `purchase_demand`, `aas`, `oys`, `offer`, `service`) VALUES
	(1, 39, 1, 1, 1, 33, 4, 1, 1, 9, 2);
/*!40000 ALTER TABLE `define_numbers` ENABLE KEYS */;

-- tablo yapısı dökülüyor puantoryeni.il
CREATE TABLE IF NOT EXISTS `il` (
  `id` tinyint(4) NOT NULL DEFAULT 0,
  `city_name` varchar(20) NOT NULL,
  PRIMARY KEY (`id`),
  FULLTEXT KEY `ad` (`city_name`)
) ENGINE=MyISAM DEFAULT CHARSET=utf8 COLLATE=utf8_general_ci;

-- puantoryeni.il: 81 rows tablosu için veriler indiriliyor
DELETE FROM `il`;
/*!40000 ALTER TABLE `il` DISABLE KEYS */;
INSERT INTO `il` (`id`, `city_name`) VALUES
	(1, 'Adana'),
	(2, 'Adıyaman'),
	(3, 'Afyonkarahisar'),
	(4, 'Ağrı'),
	(5, 'Amasya'),
	(6, 'Ankara'),
	(7, 'Antalya'),
	(8, 'Artvin'),
	(9, 'Aydın'),
	(10, 'Balıkesir'),
	(11, 'Bilecik'),
	(12, 'Bingöl'),
	(13, 'Bitlis'),
	(14, 'Bolu'),
	(15, 'Burdur'),
	(16, 'Bursa'),
	(17, 'Çanakkale'),
	(18, 'Çankırı'),
	(19, 'Çorum'),
	(20, 'Denizli'),
	(21, 'Diyarbakır'),
	(22, 'Edirne'),
	(23, 'Elazığ'),
	(24, 'Erzincan'),
	(25, 'Erzurum'),
	(26, 'Eskişehir'),
	(27, 'Gaziantep'),
	(28, 'Giresun'),
	(29, 'Gümüşhane'),
	(30, 'Hakkari'),
	(31, 'Hatay'),
	(32, 'Isparta'),
	(33, 'Mersin(İçel)'),
	(34, 'İstanbul'),
	(35, 'İzmir'),
	(36, 'Kars'),
	(37, 'Kastamonu'),
	(38, 'Kayseri'),
	(39, 'Kırklareli'),
	(40, 'Kırşehir'),
	(41, 'Kocaeli'),
	(42, 'Konya'),
	(43, 'Kütahya'),
	(44, 'Malatya'),
	(45, 'Manisa'),
	(46, 'Kahramanmaraş'),
	(47, 'Mardin'),
	(48, 'Muğla'),
	(49, 'Muş'),
	(50, 'Nevşehir'),
	(51, 'Niğde'),
	(52, 'Ordu'),
	(53, 'Rize'),
	(54, 'Sakarya'),
	(55, 'Samsun'),
	(56, 'Siirt'),
	(57, 'Sinop'),
	(58, 'Sivas'),
	(59, 'Tekirdağ'),
	(60, 'Tokat'),
	(61, 'Trabzon'),
	(62, 'Tunceli'),
	(63, 'Şanlıurfa'),
	(64, 'Uşak'),
	(65, 'Van'),
	(66, 'Yozgat'),
	(67, 'Zonguldak'),
	(68, 'Aksaray'),
	(69, 'Bayburt'),
	(70, 'Karaman'),
	(71, 'Kırıkkale'),
	(72, 'Batman'),
	(73, 'Şırnak'),
	(74, 'Bartın'),
	(75, 'Ardahan'),
	(76, 'Iğdır'),
	(77, 'Yalova'),
	(78, 'Karabük'),
	(79, 'Kilis'),
	(80, 'Osmaniye'),
	(81, 'Düzce');
/*!40000 ALTER TABLE `il` ENABLE KEYS */;

-- tablo yapısı dökülüyor puantoryeni.ilce
CREATE TABLE IF NOT EXISTS `ilce` (
  `id` int(4) NOT NULL AUTO_INCREMENT,
  `il_id` tinyint(4) NOT NULL,
  `ilce_adi` varchar(20) NOT NULL,
  PRIMARY KEY (`id`)
) ENGINE=MyISAM AUTO_INCREMENT=959 DEFAULT CHARSET=utf8 COLLATE=utf8_general_ci;

-- puantoryeni.ilce: 958 rows tablosu için veriler indiriliyor
DELETE FROM `ilce`;
/*!40000 ALTER TABLE `ilce` DISABLE KEYS */;
INSERT INTO `ilce` (`id`, `il_id`, `ilce_adi`) VALUES
	(1, 1, 'Aladağ(Karsantı)'),
	(2, 1, 'Ceyhan'),
	(3, 1, 'Çukurova'),
	(4, 1, 'Feke'),
	(5, 1, 'İmamoğlu'),
	(6, 1, 'Karaisalı'),
	(7, 1, 'Karataş'),
	(8, 1, 'Kozan'),
	(9, 1, 'Pozantı'),
	(10, 1, 'Saimbeyli'),
	(11, 1, 'Sarıçam'),
	(12, 1, 'Seyhan'),
	(13, 1, 'Tufanbeyli'),
	(14, 1, 'Yumurtalık'),
	(15, 1, 'Yüreğir'),
	(16, 2, 'Adıyaman'),
	(17, 2, 'Besni'),
	(18, 2, 'Çelikhan'),
	(19, 2, 'Gerger'),
	(20, 2, 'Gölbaşı'),
	(21, 2, 'Kahta'),
	(22, 2, 'Samsat'),
	(23, 2, 'Sincik'),
	(24, 2, 'Tut'),
	(25, 3, 'Afyonkarahisar'),
	(26, 3, 'Başmakçı'),
	(27, 3, 'Bayat'),
	(28, 3, 'Bolvadin'),
	(29, 3, 'Çay'),
	(30, 3, 'Çobanlar'),
	(31, 3, 'Dazkırı'),
	(32, 3, 'Dinar'),
	(33, 3, 'Emirdağ'),
	(34, 3, 'Evciler'),
	(35, 3, 'Hocalar'),
	(36, 3, 'İhsaniye'),
	(37, 3, 'İscehisar'),
	(38, 3, 'Kızılören'),
	(39, 3, 'Sandıklı'),
	(40, 3, 'Sincanlı(Sinanpaşa)'),
	(41, 3, 'Sultandağı'),
	(42, 3, 'Şuhut'),
	(43, 4, 'Ağrı'),
	(44, 4, 'Diyadin'),
	(45, 4, 'Doğubeyazıt'),
	(46, 4, 'Eleşkirt'),
	(47, 4, 'Hamur'),
	(48, 4, 'Patnos'),
	(49, 4, 'Taşlıçay'),
	(50, 4, 'Tutak'),
	(51, 5, 'Amasya'),
	(52, 5, 'Göynücek'),
	(53, 5, 'Gümüşhacıköy'),
	(54, 5, 'Hamamözü'),
	(55, 5, 'Merzifon'),
	(56, 5, 'Suluova'),
	(57, 5, 'Taşova'),
	(58, 6, 'Akyurt'),
	(59, 6, 'Altındağ'),
	(60, 6, 'Ayaş'),
	(61, 6, 'Bala'),
	(62, 6, 'Beypazarı'),
	(63, 6, 'Çamlıdere'),
	(64, 6, 'Çankaya'),
	(65, 6, 'Çubuk'),
	(66, 6, 'Elmadağ'),
	(67, 6, 'Etimesgut'),
	(68, 6, 'Evren'),
	(69, 6, 'Gölbaşı'),
	(70, 6, 'Güdül'),
	(71, 6, 'Haymana'),
	(72, 6, 'Kalecik'),
	(73, 6, 'Kazan'),
	(74, 6, 'Keçiören'),
	(75, 6, 'Kızılcahamam'),
	(76, 6, 'Mamak'),
	(77, 6, 'Nallıhan'),
	(78, 6, 'Polatlı'),
	(79, 6, 'Pursaklar'),
	(80, 6, 'Sincan'),
	(81, 6, 'Şereflikoçhisar'),
	(82, 6, 'Yenimahalle'),
	(83, 7, 'Akseki'),
	(84, 7, 'Aksu'),
	(85, 7, 'Alanya'),
	(86, 7, 'Döşemealtı'),
	(87, 7, 'Elmalı'),
	(88, 7, 'Finike'),
	(89, 7, 'Gazipaşa'),
	(90, 7, 'Gündoğmuş'),
	(91, 7, 'İbradı(Aydınkent)'),
	(92, 7, 'Kale(Demre)'),
	(93, 7, 'Kaş'),
	(94, 7, 'Kemer'),
	(95, 7, 'Kepez'),
	(96, 7, 'Konyaaltı'),
	(97, 7, 'Korkuteli'),
	(98, 7, 'Kumluca'),
	(99, 7, 'Manavgat'),
	(100, 7, 'Muratpaşa'),
	(101, 7, 'Serik'),
	(102, 8, 'Ardanuç'),
	(103, 8, 'Arhavi'),
	(104, 8, 'Artvin'),
	(105, 8, 'Borçka'),
	(106, 8, 'Hopa'),
	(107, 8, 'Murgul(Göktaş)'),
	(108, 8, 'Şavşat'),
	(109, 8, 'Yusufeli'),
	(110, 9, 'Aydın'),
	(111, 9, 'Bozdoğan'),
	(112, 9, 'Buharkent(Çubukdağı)'),
	(113, 9, 'Çine'),
	(114, 9, 'Didim(Yenihisar)'),
	(115, 9, 'Germencik'),
	(116, 9, 'İncirliova'),
	(117, 9, 'Karacasu'),
	(118, 9, 'Karpuzlu'),
	(119, 9, 'Koçarlı'),
	(120, 9, 'Köşk'),
	(121, 9, 'Kuşadası'),
	(122, 9, 'Kuyucak'),
	(123, 9, 'Nazilli'),
	(124, 9, 'Söke'),
	(125, 9, 'Sultanhisar'),
	(126, 9, 'Yenipazar'),
	(127, 10, 'Ayvalık'),
	(128, 10, 'Balıkesir'),
	(129, 10, 'Balya'),
	(130, 10, 'Bandırma'),
	(131, 10, 'Bigadiç'),
	(132, 10, 'Burhaniye'),
	(133, 10, 'Dursunbey'),
	(134, 10, 'Edremit'),
	(135, 10, 'Erdek'),
	(136, 10, 'Gömeç'),
	(137, 10, 'Gönen'),
	(138, 10, 'Havran'),
	(139, 10, 'İvrindi'),
	(140, 10, 'Kepsut'),
	(141, 10, 'Manyas'),
	(142, 10, 'Marmara'),
	(143, 10, 'Savaştepe'),
	(144, 10, 'Sındırgı'),
	(145, 10, 'Susurluk'),
	(146, 11, 'Bilecik'),
	(147, 11, 'Bozüyük'),
	(148, 11, 'Gölpazarı'),
	(149, 11, 'İnhisar'),
	(150, 11, 'Osmaneli'),
	(151, 11, 'Pazaryeri'),
	(152, 11, 'Söğüt'),
	(153, 11, 'Yenipazar'),
	(154, 12, 'Adaklı'),
	(155, 12, 'Bingöl'),
	(156, 12, 'Genç'),
	(157, 12, 'Karlıova'),
	(158, 12, 'Kığı'),
	(159, 12, 'Solhan'),
	(160, 12, 'Yayladere'),
	(161, 12, 'Yedisu'),
	(162, 13, 'Adilcevaz'),
	(163, 13, 'Ahlat'),
	(164, 13, 'Bitlis'),
	(165, 13, 'Güroymak'),
	(166, 13, 'Hizan'),
	(167, 13, 'Mutki'),
	(168, 13, 'Tatvan'),
	(169, 14, 'Bolu'),
	(170, 14, 'Dörtdivan'),
	(171, 14, 'Gerede'),
	(172, 14, 'Göynük'),
	(173, 14, 'Kıbrıscık'),
	(174, 14, 'Mengen'),
	(175, 14, 'Mudurnu'),
	(176, 14, 'Seben'),
	(177, 14, 'Yeniçağa'),
	(178, 15, 'Ağlasun'),
	(179, 15, 'Altınyayla(Dirmil)'),
	(180, 15, 'Bucak'),
	(181, 15, 'Burdur'),
	(182, 15, 'Çavdır'),
	(183, 15, 'Çeltikçi'),
	(184, 15, 'Gölhisar'),
	(185, 15, 'Karamanlı'),
	(186, 15, 'Kemer'),
	(187, 15, 'Tefenni'),
	(188, 15, 'Yeşilova'),
	(189, 16, 'Büyükorhan'),
	(190, 16, 'Gemlik'),
	(191, 16, 'Gürsu'),
	(192, 16, 'Harmancık'),
	(193, 16, 'İnegöl'),
	(194, 16, 'İznik'),
	(195, 16, 'Karacabey'),
	(196, 16, 'Keles'),
	(197, 16, 'Kestel'),
	(198, 16, 'Mudanya'),
	(199, 16, 'Mustafakemalpaşa'),
	(200, 16, 'Nilüfer'),
	(201, 16, 'Orhaneli'),
	(202, 16, 'Orhangazi'),
	(203, 16, 'Osmangazi'),
	(204, 16, 'Yenişehir'),
	(205, 16, 'Yıldırım'),
	(206, 17, 'Ayvacık'),
	(207, 17, 'Bayramiç'),
	(208, 17, 'Biga'),
	(209, 17, 'Bozcaada'),
	(210, 17, 'Çan'),
	(211, 17, 'Çanakkale'),
	(212, 17, 'Eceabat'),
	(213, 17, 'Ezine'),
	(214, 17, 'Gelibolu'),
	(215, 17, 'Gökçeada(İmroz)'),
	(216, 17, 'Lapseki'),
	(217, 17, 'Yenice'),
	(218, 18, 'Atkaracalar'),
	(219, 18, 'Bayramören'),
	(220, 18, 'Çankırı'),
	(221, 18, 'Çerkeş'),
	(222, 18, 'Eldivan'),
	(223, 18, 'Ilgaz'),
	(224, 18, 'Kızılırmak'),
	(225, 18, 'Korgun'),
	(226, 18, 'Kurşunlu'),
	(227, 18, 'Orta'),
	(228, 18, 'Şabanözü'),
	(229, 18, 'Yapraklı'),
	(230, 19, 'Alaca'),
	(231, 19, 'Bayat'),
	(232, 19, 'Boğazkale'),
	(233, 19, 'Çorum'),
	(234, 19, 'Dodurga'),
	(235, 19, 'İskilip'),
	(236, 19, 'Kargı'),
	(237, 19, 'Laçin'),
	(238, 19, 'Mecitözü'),
	(239, 19, 'Oğuzlar(Karaören)'),
	(240, 19, 'Ortaköy'),
	(241, 19, 'Osmancık'),
	(242, 19, 'Sungurlu'),
	(243, 19, 'Uğurludağ'),
	(244, 20, 'Acıpayam'),
	(245, 20, 'Akköy'),
	(246, 20, 'Babadağ'),
	(247, 20, 'Baklan'),
	(248, 20, 'Bekilli'),
	(249, 20, 'Beyağaç'),
	(250, 20, 'Bozkurt'),
	(251, 20, 'Buldan'),
	(252, 20, 'Çal'),
	(253, 20, 'Çameli'),
	(254, 20, 'Çardak'),
	(255, 20, 'Çivril'),
	(256, 20, 'Denizli'),
	(257, 20, 'Güney'),
	(258, 20, 'Honaz'),
	(259, 20, 'Kale'),
	(260, 20, 'Sarayköy'),
	(261, 20, 'Serinhisar'),
	(262, 20, 'Tavas'),
	(263, 21, 'Bağlar'),
	(264, 21, 'Bismil'),
	(265, 21, 'Çermik'),
	(266, 21, 'Çınar'),
	(267, 21, 'Çüngüş'),
	(268, 21, 'Dicle'),
	(269, 21, 'Eğil'),
	(270, 21, 'Ergani'),
	(271, 21, 'Hani'),
	(272, 21, 'Hazro'),
	(273, 21, 'Kayapınar'),
	(274, 21, 'Kocaköy'),
	(275, 21, 'Kulp'),
	(276, 21, 'Lice'),
	(277, 21, 'Silvan'),
	(278, 21, 'Sur'),
	(279, 21, 'Yenişehir'),
	(280, 22, 'Edirne'),
	(281, 22, 'Enez'),
	(282, 22, 'Havsa'),
	(283, 22, 'İpsala'),
	(284, 22, 'Keşan'),
	(285, 22, 'Lalapaşa'),
	(286, 22, 'Meriç'),
	(287, 22, 'Süleoğlu(Süloğlu)'),
	(288, 22, 'Uzunköprü'),
	(289, 23, 'Ağın'),
	(290, 23, 'Alacakaya'),
	(291, 23, 'Arıcak'),
	(292, 23, 'Baskil'),
	(293, 23, 'Elazığ'),
	(294, 23, 'Karakoçan'),
	(295, 23, 'Keban'),
	(296, 23, 'Kovancılar'),
	(297, 23, 'Maden'),
	(298, 23, 'Palu'),
	(299, 23, 'Sivrice'),
	(300, 24, 'Çayırlı'),
	(301, 24, 'Erzincan'),
	(302, 24, 'İliç(Ilıç)'),
	(303, 24, 'Kemah'),
	(304, 24, 'Kemaliye'),
	(305, 24, 'Otlukbeli'),
	(306, 24, 'Refahiye'),
	(307, 24, 'Tercan'),
	(308, 24, 'Üzümlü'),
	(309, 25, 'Aşkale'),
	(310, 25, 'Aziziye(Ilıca)'),
	(311, 25, 'Çat'),
	(312, 25, 'Hınıs'),
	(313, 25, 'Horasan'),
	(314, 25, 'İspir'),
	(315, 25, 'Karaçoban'),
	(316, 25, 'Karayazı'),
	(317, 25, 'Köprüköy'),
	(318, 25, 'Narman'),
	(319, 25, 'Oltu'),
	(320, 25, 'Olur'),
	(321, 25, 'Palandöken'),
	(322, 25, 'Pasinler'),
	(323, 25, 'Pazaryolu'),
	(324, 25, 'Şenkaya'),
	(325, 25, 'Tekman'),
	(326, 25, 'Tortum'),
	(327, 25, 'Uzundere'),
	(328, 25, 'Yakutiye'),
	(329, 26, 'Alpu'),
	(330, 26, 'Beylikova'),
	(331, 26, 'Çifteler'),
	(332, 26, 'Günyüzü'),
	(333, 26, 'Han'),
	(334, 26, 'İnönü'),
	(335, 26, 'Mahmudiye'),
	(336, 26, 'Mihalgazi'),
	(337, 26, 'Mihalıçcık'),
	(338, 26, 'Odunpazarı'),
	(339, 26, 'Sarıcakaya'),
	(340, 26, 'Seyitgazi'),
	(341, 26, 'Sivrihisar'),
	(342, 26, 'Tepebaşı'),
	(343, 27, 'Araban'),
	(344, 27, 'İslahiye'),
	(345, 27, 'Karkamış'),
	(346, 27, 'Nizip'),
	(347, 27, 'Nurdağı'),
	(348, 27, 'Oğuzeli'),
	(349, 27, 'Şahinbey'),
	(350, 27, 'Şehitkamil'),
	(351, 27, 'Yavuzeli'),
	(352, 28, 'Alucra'),
	(353, 28, 'Bulancak'),
	(354, 28, 'Çamoluk'),
	(355, 28, 'Çanakçı'),
	(356, 28, 'Dereli'),
	(357, 28, 'Doğankent'),
	(358, 28, 'Espiye'),
	(359, 28, 'Eynesil'),
	(360, 28, 'Giresun'),
	(361, 28, 'Görele'),
	(362, 28, 'Güce'),
	(363, 28, 'Keşap'),
	(364, 28, 'Piraziz'),
	(365, 28, 'Şebinkarahisar'),
	(366, 28, 'Tirebolu'),
	(367, 28, 'Yağlıdere'),
	(368, 29, 'Gümüşhane'),
	(369, 29, 'Kelkit'),
	(370, 29, 'Köse'),
	(371, 29, 'Kürtün'),
	(372, 29, 'Şiran'),
	(373, 29, 'Torul'),
	(374, 30, 'Çukurca'),
	(375, 30, 'Hakkari'),
	(376, 30, 'Şemdinli'),
	(377, 30, 'Yüksekova'),
	(378, 31, 'Altınözü'),
	(379, 31, 'Antakya'),
	(380, 31, 'Belen'),
	(381, 31, 'Dörtyol'),
	(382, 31, 'Erzin'),
	(383, 31, 'Hassa'),
	(384, 31, 'İskenderun'),
	(385, 31, 'Kırıkhan'),
	(386, 31, 'Kumlu'),
	(387, 31, 'Reyhanlı'),
	(388, 31, 'Samandağ'),
	(389, 31, 'Yayladağı'),
	(390, 32, 'Aksu'),
	(391, 32, 'Atabey'),
	(392, 32, 'Eğridir(Eğirdir)'),
	(393, 32, 'Gelendost'),
	(394, 32, 'Gönen'),
	(395, 32, 'Isparta'),
	(396, 32, 'Keçiborlu'),
	(397, 32, 'Senirkent'),
	(398, 32, 'Sütçüler'),
	(399, 32, 'Şarkikaraağaç'),
	(400, 32, 'Uluborlu'),
	(401, 32, 'Yalvaç'),
	(402, 32, 'Yenişarbademli'),
	(403, 33, 'Akdeniz'),
	(404, 33, 'Anamur'),
	(405, 33, 'Aydıncık'),
	(406, 33, 'Bozyazı'),
	(407, 33, 'Çamlıyayla'),
	(408, 33, 'Erdemli'),
	(409, 33, 'Gülnar (Gülpınar)'),
	(410, 33, 'Mezitli'),
	(411, 33, 'Mut'),
	(412, 33, 'Silifke'),
	(413, 33, 'Tarsus'),
	(414, 33, 'Toroslar'),
	(415, 33, 'Yenişehir'),
	(416, 34, 'Adalar'),
	(417, 34, 'Arnavutköy'),
	(418, 34, 'Ataşehir'),
	(419, 34, 'Avcılar'),
	(420, 34, 'Bağcılar'),
	(421, 34, 'Bahçelievler'),
	(422, 34, 'Bakırköy'),
	(423, 34, 'Başakşehir'),
	(424, 34, 'Bayrampaşa'),
	(425, 34, 'Beşiktaş'),
	(426, 34, 'Beykoz'),
	(427, 34, 'Beylikdüzü'),
	(428, 34, 'Beyoğlu'),
	(429, 34, 'Büyükçekmece'),
	(430, 34, 'Çatalca'),
	(431, 34, 'Çekmeköy'),
	(432, 34, 'Esenler'),
	(433, 34, 'Esenyurt'),
	(434, 34, 'Eyüp'),
	(435, 34, 'Fatih'),
	(436, 34, 'Gaziosmanpaşa'),
	(437, 34, 'Güngören'),
	(438, 34, 'Kadıköy'),
	(439, 34, 'Kağıthane'),
	(440, 34, 'Kartal'),
	(441, 34, 'Küçükçekmece'),
	(442, 34, 'Maltepe'),
	(443, 34, 'Pendik'),
	(444, 34, 'Sancaktepe'),
	(445, 34, 'Sarıyer'),
	(446, 34, 'Silivri'),
	(447, 34, 'Sultanbeyli'),
	(448, 34, 'Sultangazi'),
	(449, 34, 'Şile'),
	(450, 34, 'Şişli'),
	(451, 34, 'Tuzla'),
	(452, 34, 'Ümraniye'),
	(453, 34, 'Üsküdar'),
	(454, 34, 'Zeytinburnu'),
	(455, 35, 'Aliağa'),
	(456, 35, 'Balçova'),
	(457, 35, 'Bayındır'),
	(458, 35, 'Bayraklı'),
	(459, 35, 'Bergama'),
	(460, 35, 'Beydağ'),
	(461, 35, 'Bornova'),
	(462, 35, 'Buca'),
	(463, 35, 'Cumaovası(Menderes)'),
	(464, 35, 'Çeşme'),
	(465, 35, 'Çiğli'),
	(466, 35, 'Dikili'),
	(467, 35, 'Foça'),
	(468, 35, 'Gaziemir'),
	(469, 35, 'Güzelbahçe'),
	(470, 35, 'Karabağlar'),
	(471, 35, 'Karaburun'),
	(472, 35, 'Karşıyaka'),
	(473, 35, 'Kemalpaşa'),
	(474, 35, 'Kınık'),
	(475, 35, 'Kiraz'),
	(476, 35, 'Konak'),
	(477, 35, 'Menemen'),
	(478, 35, 'Narlıdere'),
	(479, 35, 'Ödemiş'),
	(480, 35, 'Seferihisar'),
	(481, 35, 'Selçuk'),
	(482, 35, 'Tire'),
	(483, 35, 'Torbalı'),
	(484, 35, 'Urla'),
	(485, 36, 'Akyaka'),
	(486, 36, 'Arpaçay'),
	(487, 36, 'Digor'),
	(488, 36, 'Kağızman'),
	(489, 36, 'Kars'),
	(490, 36, 'Sarıkamış'),
	(491, 36, 'Selim'),
	(492, 36, 'Susuz'),
	(493, 37, 'Abana'),
	(494, 37, 'Ağlı'),
	(495, 37, 'Araç'),
	(496, 37, 'Azdavay'),
	(497, 37, 'Bozkurt'),
	(498, 37, 'Cide'),
	(499, 37, 'Çatalzeytin'),
	(500, 37, 'Daday'),
	(501, 37, 'Devrekani'),
	(502, 37, 'Doğanyurt'),
	(503, 37, 'Hanönü(Gökçeağaç)'),
	(504, 37, 'İhsangazi'),
	(505, 37, 'İnebolu'),
	(506, 37, 'Kastamonu'),
	(507, 37, 'Küre'),
	(508, 37, 'Pınarbaşı'),
	(509, 37, 'Seydiler'),
	(510, 37, 'Şenpazar'),
	(511, 37, 'Taşköprü'),
	(512, 37, 'Tosya'),
	(513, 38, 'Akkışla'),
	(514, 38, 'Bünyan'),
	(515, 38, 'Develi'),
	(516, 38, 'Felahiye'),
	(517, 38, 'Hacılar'),
	(518, 38, 'İncesu'),
	(519, 38, 'Kocasinan'),
	(520, 38, 'Melikgazi'),
	(521, 38, 'Özvatan(Çukur)'),
	(522, 38, 'Pınarbaşı'),
	(523, 38, 'Sarıoğlan'),
	(524, 38, 'Sarız'),
	(525, 38, 'Talas'),
	(526, 38, 'Tomarza'),
	(527, 38, 'Yahyalı'),
	(528, 38, 'Yeşilhisar'),
	(529, 39, 'Babaeski'),
	(530, 39, 'Demirköy'),
	(531, 39, 'Kırklareli'),
	(532, 39, 'Kofçaz'),
	(533, 39, 'Lüleburgaz'),
	(534, 39, 'Pehlivanköy'),
	(535, 39, 'Pınarhisar'),
	(536, 39, 'Vize'),
	(537, 40, 'Akçakent'),
	(538, 40, 'Akpınar'),
	(539, 40, 'Boztepe'),
	(540, 40, 'Çiçekdağı'),
	(541, 40, 'Kaman'),
	(542, 40, 'Kırşehir'),
	(543, 40, 'Mucur'),
	(544, 41, 'Başiskele'),
	(545, 41, 'Çayırova'),
	(546, 41, 'Darıca'),
	(547, 41, 'Derince'),
	(548, 41, 'Dilovası'),
	(549, 41, 'Gebze'),
	(550, 41, 'Gölcük'),
	(551, 41, 'İzmit'),
	(552, 41, 'Kandıra'),
	(553, 41, 'Karamürsel'),
	(554, 41, 'Kartepe'),
	(555, 41, 'Tütünçiftlik'),
	(556, 42, 'Ahırlı'),
	(557, 42, 'Akören'),
	(558, 42, 'Akşehir'),
	(559, 42, 'Altınekin'),
	(560, 42, 'Beyşehir'),
	(561, 42, 'Bozkır'),
	(562, 42, 'Cihanbeyli'),
	(563, 42, 'Çeltik'),
	(564, 42, 'Çumra'),
	(565, 42, 'Derbent'),
	(566, 42, 'Derebucak'),
	(567, 42, 'Doğanhisar'),
	(568, 42, 'Emirgazi'),
	(569, 42, 'Ereğli'),
	(570, 42, 'Güneysınır'),
	(571, 42, 'Hadim'),
	(572, 42, 'Halkapınar'),
	(573, 42, 'Hüyük'),
	(574, 42, 'Ilgın'),
	(575, 42, 'Kadınhanı'),
	(576, 42, 'Karapınar'),
	(577, 42, 'Karatay'),
	(578, 42, 'Kulu'),
	(579, 42, 'Meram'),
	(580, 42, 'Sarayönü'),
	(581, 42, 'Selçuklu'),
	(582, 42, 'Seydişehir'),
	(583, 42, 'Taşkent'),
	(584, 42, 'Tuzlukçu'),
	(585, 42, 'Yalıhüyük'),
	(586, 42, 'Yunak'),
	(587, 43, 'Altıntaş'),
	(588, 43, 'Aslanapa'),
	(589, 43, 'Çavdarhisar'),
	(590, 43, 'Domaniç'),
	(591, 43, 'Dumlupınar'),
	(592, 43, 'Emet'),
	(593, 43, 'Gediz'),
	(594, 43, 'Hisarcık'),
	(595, 43, 'Kütahya'),
	(596, 43, 'Pazarlar'),
	(597, 43, 'Simav'),
	(598, 43, 'Şaphane'),
	(599, 43, 'Tavşanlı'),
	(600, 43, 'Tunçbilek'),
	(601, 44, 'Akçadağ'),
	(602, 44, 'Arapkir'),
	(603, 44, 'Arguvan'),
	(604, 44, 'Battalgazi'),
	(605, 44, 'Darende'),
	(606, 44, 'Doğanşehir'),
	(607, 44, 'Doğanyol'),
	(608, 44, 'Hekimhan'),
	(609, 44, 'Kale'),
	(610, 44, 'Kuluncak'),
	(611, 44, 'Malatya'),
	(612, 44, 'Pötürge'),
	(613, 44, 'Yazıhan'),
	(614, 44, 'Yeşilyurt'),
	(615, 45, 'Ahmetli'),
	(616, 45, 'Akhisar'),
	(617, 45, 'Alaşehir'),
	(618, 45, 'Demirci'),
	(619, 45, 'Gölmarmara'),
	(620, 45, 'Gördes'),
	(621, 45, 'Kırkağaç'),
	(622, 45, 'Köprübaşı'),
	(623, 45, 'Kula'),
	(624, 45, 'Manisa'),
	(625, 45, 'Salihli'),
	(626, 45, 'Sarıgöl'),
	(627, 45, 'Saruhanlı'),
	(628, 45, 'Selendi'),
	(629, 45, 'Soma'),
	(630, 45, 'Turgutlu'),
	(631, 46, 'Afşin'),
	(632, 46, 'Andırın'),
	(633, 46, 'Çağlayancerit'),
	(634, 46, 'Ekinözü'),
	(635, 46, 'Elbistan'),
	(636, 46, 'Göksun'),
	(637, 46, 'Kahramanmaraş'),
	(638, 46, 'Nurhak'),
	(639, 46, 'Pazarcık'),
	(640, 46, 'Türkoğlu'),
	(641, 47, 'Dargeçit'),
	(642, 47, 'Derik'),
	(643, 47, 'Kızıltepe'),
	(644, 47, 'Mardin'),
	(645, 47, 'Mazıdağı'),
	(646, 47, 'Midyat(Estel)'),
	(647, 47, 'Nusaybin'),
	(648, 47, 'Ömerli'),
	(649, 47, 'Savur'),
	(650, 47, 'Yeşilli'),
	(651, 48, 'Bodrum'),
	(652, 48, 'Dalaman'),
	(653, 48, 'Datça'),
	(654, 48, 'Fethiye'),
	(655, 48, 'Kavaklıdere'),
	(656, 48, 'Köyceğiz'),
	(657, 48, 'Marmaris'),
	(658, 48, 'Milas'),
	(659, 48, 'Muğla'),
	(660, 48, 'Ortaca'),
	(661, 48, 'Ula'),
	(662, 48, 'Yatağan'),
	(663, 49, 'Bulanık'),
	(664, 49, 'Hasköy'),
	(665, 49, 'Korkut'),
	(666, 49, 'Malazgirt'),
	(667, 49, 'Muş'),
	(668, 49, 'Varto'),
	(669, 50, 'Acıgöl'),
	(670, 50, 'Avanos'),
	(671, 50, 'Derinkuyu'),
	(672, 50, 'Gülşehir'),
	(673, 50, 'Hacıbektaş'),
	(674, 50, 'Kozaklı'),
	(675, 50, 'Nevşehir'),
	(676, 50, 'Ürgüp'),
	(677, 51, 'Altunhisar'),
	(678, 51, 'Bor'),
	(679, 51, 'Çamardı'),
	(680, 51, 'Çiftlik(Özyurt)'),
	(681, 51, 'Niğde'),
	(682, 51, 'Ulukışla'),
	(683, 52, 'Akkuş'),
	(684, 52, 'Aybastı'),
	(685, 52, 'Çamaş'),
	(686, 52, 'Çatalpınar'),
	(687, 52, 'Çaybaşı'),
	(688, 52, 'Fatsa'),
	(689, 52, 'Gölköy'),
	(690, 52, 'Gülyalı'),
	(691, 52, 'Gürgentepe'),
	(692, 52, 'İkizce'),
	(693, 52, 'Kabataş'),
	(694, 52, 'Karadüz(Kabadüz)'),
	(695, 52, 'Korgan'),
	(696, 52, 'Kumru'),
	(697, 52, 'Mesudiye'),
	(698, 52, 'Ordu'),
	(699, 52, 'Perşembe'),
	(700, 52, 'Ulubey'),
	(701, 52, 'Ünye'),
	(702, 53, 'Ardeşen'),
	(703, 53, 'Çamlıhemşin'),
	(704, 53, 'Çayeli'),
	(705, 53, 'Derepazarı'),
	(706, 53, 'Fındıklı'),
	(707, 53, 'Güneysu'),
	(708, 53, 'Hemşin'),
	(709, 53, 'İkizdere'),
	(710, 53, 'İyidere'),
	(711, 53, 'Kalkandere'),
	(712, 53, 'Pazar'),
	(713, 53, 'Rize'),
	(714, 54, 'Adapazarı'),
	(715, 54, 'Akyazı'),
	(716, 54, 'Arifiye'),
	(717, 54, 'Erenler'),
	(718, 54, 'Ferizli'),
	(719, 54, 'Geyve'),
	(720, 54, 'Hendek'),
	(721, 54, 'Karapürçek'),
	(722, 54, 'Karasu'),
	(723, 54, 'Kaynarca'),
	(724, 54, 'Kocaali'),
	(725, 54, 'Pamukova'),
	(726, 54, 'Sapanca'),
	(727, 54, 'Serdivan'),
	(728, 54, 'Söğütlü'),
	(729, 54, 'Taraklı'),
	(730, 55, '19 Mayıs(Ballıca)'),
	(731, 55, 'Alaçam'),
	(732, 55, 'Asarcık'),
	(733, 55, 'Atakum'),
	(734, 55, 'Ayvacık'),
	(735, 55, 'Bafra'),
	(736, 55, 'Canik'),
	(737, 55, 'Çarşamba'),
	(738, 55, 'Havza'),
	(739, 55, 'İlkadım'),
	(740, 55, 'Kavak'),
	(741, 55, 'Ladik'),
	(742, 55, 'Salıpazarı'),
	(743, 55, 'Tekkeköy'),
	(744, 55, 'Terme'),
	(745, 55, 'Vezirköprü'),
	(746, 55, 'Yakakent'),
	(747, 56, 'Aydınlar'),
	(748, 56, 'Baykan'),
	(749, 56, 'Eruh'),
	(750, 56, 'Kurtalan'),
	(751, 56, 'Pervari'),
	(752, 56, 'Siirt'),
	(753, 56, 'Şirvan'),
	(754, 57, 'Ayancık'),
	(755, 57, 'Boyabat'),
	(756, 57, 'Dikmen'),
	(757, 57, 'Durağan'),
	(758, 57, 'Erfelek'),
	(759, 57, 'Gerze'),
	(760, 57, 'Saraydüzü'),
	(761, 57, 'Sinop'),
	(762, 57, 'Türkeli'),
	(763, 58, 'Akıncılar'),
	(764, 58, 'Altınyayla'),
	(765, 58, 'Divriği'),
	(766, 58, 'Doğanşar'),
	(767, 58, 'Gemerek'),
	(768, 58, 'Gölova'),
	(769, 58, 'Gürün'),
	(770, 58, 'Hafik'),
	(771, 58, 'İmranlı'),
	(772, 58, 'Kangal'),
	(773, 58, 'Koyulhisar'),
	(774, 58, 'Sivas'),
	(775, 58, 'Suşehri'),
	(776, 58, 'Şarkışla'),
	(777, 58, 'Ulaş'),
	(778, 58, 'Yıldızeli'),
	(779, 58, 'Zara'),
	(780, 59, 'Çerkezköy'),
	(781, 59, 'Çorlu'),
	(782, 59, 'Hayrabolu'),
	(783, 59, 'Malkara'),
	(784, 59, 'Marmaraereğlisi'),
	(785, 59, 'Muratlı'),
	(786, 59, 'Saray'),
	(787, 59, 'Şarköy'),
	(788, 59, 'Tekirdağ'),
	(789, 60, 'Almus'),
	(790, 60, 'Artova'),
	(791, 60, 'Başçiftlik'),
	(792, 60, 'Erbaa'),
	(793, 60, 'Niksar'),
	(794, 60, 'Pazar'),
	(795, 60, 'Reşadiye'),
	(796, 60, 'Sulusaray'),
	(797, 60, 'Tokat'),
	(798, 60, 'Turhal'),
	(799, 60, 'Yeşilyurt'),
	(800, 60, 'Zile'),
	(801, 61, 'Akçaabat'),
	(802, 61, 'Araklı'),
	(803, 61, 'Arsin'),
	(804, 61, 'Beşikdüzü'),
	(805, 61, 'Çarşıbaşı'),
	(806, 61, 'Çaykara'),
	(807, 61, 'Dernekpazarı'),
	(808, 61, 'Düzköy'),
	(809, 61, 'Hayrat'),
	(810, 61, 'Köprübaşı'),
	(811, 61, 'Maçka'),
	(812, 61, 'Of'),
	(813, 61, 'Sürmene'),
	(814, 61, 'Şalpazarı'),
	(815, 61, 'Tonya'),
	(816, 61, 'Trabzon'),
	(817, 61, 'Vakfıkebir'),
	(818, 61, 'Yomra'),
	(819, 62, 'Çemişgezek'),
	(820, 62, 'Hozat'),
	(821, 62, 'Mazgirt'),
	(822, 62, 'Nazımiye'),
	(823, 62, 'Ovacık'),
	(824, 62, 'Pertek'),
	(825, 62, 'Pülümür'),
	(826, 62, 'Tunceli'),
	(827, 63, 'Akçakale'),
	(828, 63, 'Birecik'),
	(829, 63, 'Bozova'),
	(830, 63, 'Ceylanpınar'),
	(831, 63, 'Halfeti'),
	(832, 63, 'Harran'),
	(833, 63, 'Hilvan'),
	(834, 63, 'Siverek'),
	(835, 63, 'Suruç'),
	(836, 63, 'Şanlıurfa'),
	(837, 63, 'Viranşehir'),
	(838, 64, 'Banaz'),
	(839, 64, 'Eşme'),
	(840, 64, 'Karahallı'),
	(841, 64, 'Sivaslı'),
	(842, 64, 'Ulubey'),
	(843, 64, 'Uşak'),
	(844, 65, 'Bahçesaray'),
	(845, 65, 'Başkale'),
	(846, 65, 'Çaldıran'),
	(847, 65, 'Çatak'),
	(848, 65, 'Edremit(Gümüşdere)'),
	(849, 65, 'Erciş'),
	(850, 65, 'Gevaş'),
	(851, 65, 'Gürpınar'),
	(852, 65, 'Muradiye'),
	(853, 65, 'Özalp'),
	(854, 65, 'Saray'),
	(855, 65, 'Van'),
	(856, 66, 'Akdağmadeni'),
	(857, 66, 'Aydıncık'),
	(858, 66, 'Boğazlıyan'),
	(859, 66, 'Çandır'),
	(860, 66, 'Çayıralan'),
	(861, 66, 'Çekerek'),
	(862, 66, 'Kadışehri'),
	(863, 66, 'Saraykent'),
	(864, 66, 'Sarıkaya'),
	(865, 66, 'Sorgun'),
	(866, 66, 'Şefaatli'),
	(867, 66, 'Yenifakılı'),
	(868, 66, 'Yerköy'),
	(869, 66, 'Yozgat'),
	(870, 67, 'Alaplı'),
	(871, 67, 'Çaycuma'),
	(872, 67, 'Devrek'),
	(873, 67, 'Gökçebey'),
	(874, 67, 'Karadenizereğli'),
	(875, 67, 'Zonguldak'),
	(876, 68, 'Ağaçören'),
	(877, 68, 'Aksaray'),
	(878, 68, 'Eskil'),
	(879, 68, 'Gülağaç(Ağaçlı)'),
	(880, 68, 'Güzelyurt'),
	(881, 68, 'Ortaköy'),
	(882, 68, 'Sarıyahşi'),
	(883, 69, 'Aydıntepe'),
	(884, 69, 'Bayburt'),
	(885, 69, 'Demirözü'),
	(886, 70, 'Ayrancı'),
	(887, 70, 'Başyayla'),
	(888, 70, 'Ermenek'),
	(889, 70, 'Karaman'),
	(890, 70, 'Kazımkarabekir'),
	(891, 70, 'Sarıveliler'),
	(892, 71, 'Bahşili'),
	(893, 71, 'Balışeyh'),
	(894, 71, 'Çelebi'),
	(895, 71, 'Delice'),
	(896, 71, 'Karakeçili'),
	(897, 71, 'Keskin'),
	(898, 71, 'Kırıkkale'),
	(899, 71, 'Sulakyurt'),
	(900, 71, 'Yahşihan'),
	(901, 72, 'Batman'),
	(902, 72, 'Beşiri'),
	(903, 72, 'Gercüş'),
	(904, 72, 'Hasankeyf'),
	(905, 72, 'Kozluk'),
	(906, 72, 'Sason'),
	(907, 73, 'Beytüşşebap'),
	(908, 73, 'Cizre'),
	(909, 73, 'Güçlükonak'),
	(910, 73, 'İdil'),
	(911, 73, 'Silopi'),
	(912, 73, 'Şırnak'),
	(913, 73, 'Uludere'),
	(914, 74, 'Amasra'),
	(915, 74, 'Bartın'),
	(916, 74, 'Kurucaşile'),
	(917, 74, 'Ulus'),
	(918, 75, 'Ardahan'),
	(919, 75, 'Çıldır'),
	(920, 75, 'Damal'),
	(921, 75, 'Göle'),
	(922, 75, 'Hanak'),
	(923, 75, 'Posof'),
	(924, 76, 'Aralık'),
	(925, 76, 'Iğdır'),
	(926, 76, 'Karakoyunlu'),
	(927, 76, 'Tuzluca'),
	(928, 77, 'Altınova'),
	(929, 77, 'Armutlu'),
	(930, 77, 'Çınarcık'),
	(931, 77, 'Çiftlikköy'),
	(932, 77, 'Termal'),
	(933, 77, 'Yalova'),
	(934, 78, 'Eflani'),
	(935, 78, 'Eskipazar'),
	(936, 78, 'Karabük'),
	(937, 78, 'Ovacık'),
	(938, 78, 'Safranbolu'),
	(939, 78, 'Yenice'),
	(940, 79, 'Elbeyli'),
	(941, 79, 'Kilis'),
	(942, 79, 'Musabeyli'),
	(943, 79, 'Polateli'),
	(944, 80, 'Bahçe'),
	(945, 80, 'Düziçi'),
	(946, 80, 'Hasanbeyli'),
	(947, 80, 'Kadirli'),
	(948, 80, 'Osmaniye'),
	(949, 80, 'Sumbas'),
	(950, 80, 'Toprakkale'),
	(951, 81, 'Akçakoca'),
	(952, 81, 'Cumayeri'),
	(953, 81, 'Çilimli'),
	(954, 81, 'Düzce'),
	(955, 81, 'Gölyaka'),
	(956, 81, 'Gümüşova'),
	(957, 81, 'Kaynaşlı'),
	(958, 81, 'Yığılca');
/*!40000 ALTER TABLE `ilce` ENABLE KEYS */;

-- tablo yapısı dökülüyor puantoryeni.job_groups
CREATE TABLE IF NOT EXISTS `job_groups` (
  `id` int(11) NOT NULL AUTO_INCREMENT,
  `group_name` varchar(100) NOT NULL DEFAULT '0',
  PRIMARY KEY (`id`)
) ENGINE=InnoDB AUTO_INCREMENT=3 DEFAULT CHARSET=latin5 COLLATE=latin5_turkish_ci;

-- puantoryeni.job_groups: ~2 rows (yaklaşık) tablosu için veriler indiriliyor
DELETE FROM `job_groups`;
INSERT INTO `job_groups` (`id`, `group_name`) VALUES
	(1, 'Alçı'),
	(2, 'Fayans');

-- tablo yapısı dökülüyor puantoryeni.maas_gelir_kesinti
CREATE TABLE IF NOT EXISTS `maas_gelir_kesinti` (
  `id` int(11) NOT NULL AUTO_INCREMENT,
  `user_id` int(11) NOT NULL DEFAULT 0,
  `person_id` int(11) NOT NULL DEFAULT 0,
  `gun` varchar(8) NOT NULL DEFAULT '0',
  `ay` int(11) NOT NULL DEFAULT 0,
  `yil` int(11) NOT NULL DEFAULT 0,
  `tutar` decimal(20,2) NOT NULL DEFAULT 0.00,
  `kategori` int(11) NOT NULL DEFAULT 0,
  `turu` varchar(255) NOT NULL DEFAULT '0',
  `aciklama` varchar(255) NOT NULL DEFAULT '0',
  `created_at` datetime NOT NULL DEFAULT current_timestamp(),
  PRIMARY KEY (`id`)
) ENGINE=InnoDB AUTO_INCREMENT=203 DEFAULT CHARSET=latin5 COLLATE=latin5_turkish_ci;

-- puantoryeni.maas_gelir_kesinti: ~44 rows (yaklaşık) tablosu için veriler indiriliyor
DELETE FROM `maas_gelir_kesinti`;
INSERT INTO `maas_gelir_kesinti` (`id`, `user_id`, `person_id`, `gun`, `ay`, `yil`, `tutar`, `kategori`, `turu`, `aciklama`, `created_at`) VALUES
	(1, 4, 181, '20240915', 9, 2024, 900.00, 2, '0', '0', '0000-00-00 00:00:00'),
	(2, 4, 149, '20240915', 9, 2024, 900.00, 2, '900', '0', '0000-00-00 00:00:00'),
	(3, 4, 227, '20240915', 9, 2024, 1800.00, 2, '900', '0', '0000-00-00 00:00:00'),
	(4, 4, 227, '20240915', 9, 2024, 1800.00, 1, '900', '0', '0000-00-00 00:00:00'),
	(110, 3, 227, '20240915', 9, 2024, 900.00, 3, 'Maaş', '', '2024-09-24 22:18:45'),
	(115, 3, 226, '20240915', 9, 2024, 6250.00, 3, 'Maaş', '', '2024-09-24 22:38:22'),
	(116, 3, 226, '20240915', 9, 2024, 1234.00, 1, 'sdfsdf', '', '2024-09-24 22:42:58'),
	(141, 3, 226, '20240915', 9, 2024, 5000.00, 2, 'Avans', '', '2024-09-25 08:31:36'),
	(142, 3, 226, '20240915', 9, 2024, 2516.00, 1, 'Ek Ödeme', '', '2024-09-25 08:32:56'),
	(144, 3, 226, '20240915', 9, 2024, 1250.00, 1, 'Ödül', '', '2024-09-25 08:36:31'),
	(145, 3, 226, '20240915', 9, 2024, 450.00, 1, 'Ek Ödeme', '', '2024-09-25 08:37:37'),
	(146, 3, 226, '20240915', 9, 2024, 65.00, 2, 'Avans', '', '2024-09-25 08:39:45'),
	(149, 60, 226, '20240915', 9, 2024, 10320.00, 3, 'Bakiye Ödemesi', '', '2024-09-25 09:50:39'),
	(150, 60, 226, '20240915', 9, 2024, 2500.00, 1, 'Ödül', '', '2024-09-25 10:08:16'),
	(151, 60, 226, '20240915', 9, 2024, 1500.00, 1, 'Ödül', '', '2024-09-25 10:10:53'),
	(152, 60, 226, '20240915', 9, 2024, 2000.00, 1, 'Ödül', '', '2024-09-25 10:11:07'),
	(153, 60, 226, '20240915', 9, 2024, 1600.00, 2, 'Avans', '', '2024-09-25 10:11:18'),
	(154, 60, 226, '20240915', 9, 2024, 5000.00, 3, 'Maaş', '', '2024-09-25 10:11:36'),
	(155, 60, 226, '20240915', 9, 2024, 535.00, 1, 'sdfsdf', '', '2024-09-25 10:11:48'),
	(159, 60, 227, '20240915', 9, 2024, 450.00, 2, 'BEs', '', '2024-09-25 13:34:20'),
	(164, 60, 229, '20240915', 9, 2024, 1800.00, 3, 'Maaş', '', '2024-09-25 17:59:06'),
	(165, 60, 229, '20240915', 9, 2024, 700.00, 3, 'Bakiye Ödemesi', '', '2024-09-25 23:30:17'),
	(175, 0, 227, '20240915', 9, 2024, 45000.00, 4, 'Eylül 2024 Maaş', 'Aylık Maaş', '2024-09-26 08:49:15'),
	(176, 0, 227, '20240815', 8, 2024, 40645.16, 4, 'Ağustos 2024 Maaş', '28 günlük Maaş', '2024-09-26 09:21:30'),
	(181, 60, 227, '20240915', 9, 2024, 40645.16, 3, 'Bakiye Ödemesi', '', '2024-09-26 11:06:38'),
	(182, 60, 227, '20240915', 9, 2024, 3004.84, 3, 'Bakiye Ödemesi', '', '2024-09-26 11:31:16'),
	(184, 60, 229, '20240915', 9, 2024, 2500.00, 1, 'Ek Ödeme', '', '2024-09-26 15:36:41'),
	(185, 60, 229, '20240915', 9, 2024, 2500.00, 1, 'Ek Ödeme', '', '2024-09-26 15:36:42'),
	(186, 60, 229, '20240915', 9, 2024, 2500.00, 1, 'Ek Ödeme', '', '2024-09-26 15:40:38'),
	(187, 60, 229, '20240915', 9, 2024, 1800.00, 3, 'Maaş', '', '2024-09-26 15:41:42'),
	(188, 60, 229, '20240915', 9, 2024, 5000.00, 3, 'Maaş', '', '2024-09-26 15:44:47'),
	(189, 60, 229, '20240915', 9, 2024, 2500.00, 1, 'Ek Ödeme', '', '2024-09-26 15:46:01'),
	(190, 60, 229, '20240915', 9, 2024, 900.00, 3, 'Maaş', '', '2024-09-26 15:47:45'),
	(191, 60, 229, '20240915', 9, 2024, 1800.00, 3, 'Maaş', '', '2024-09-26 15:48:28'),
	(192, 0, 229, '20240915', 9, 2024, 43500.00, 4, 'Eylül 2024 Maaş', '29 günlük Maaş', '2024-09-26 16:03:38'),
	(193, 60, 230, '20240915', 9, 2024, 1500.00, 3, 'Bakiye Ödemesi', '', '2024-09-26 16:04:01'),
	(194, 64, 232, '20240915', 9, 2024, 24000.00, 3, 'Bakiye Ödemesi', '', '2024-09-27 12:09:06'),
	(195, 64, 232, '20240915', 9, 2024, 2000.00, 1, 'Ödül', '', '2024-09-27 12:12:09'),
	(196, 64, 232, '20240915', 9, 2024, 5000.00, 2, 'devas', '', '2024-09-27 12:12:54'),
	(197, 64, 232, '20240915', 9, 2024, 3000.00, 3, 'Bakiye Ödemesi', '', '2024-09-27 12:13:10'),
	(198, 60, 226, '20240915', 9, 2024, 500.00, 3, 'Bakiye Ödemesi', '', '2024-09-27 23:20:53'),
	(199, 60, 226, '20240915', 9, 2024, 15000.00, 3, 'Bakiye Ödemesi', '', '2024-09-30 13:26:46'),
	(200, 60, 226, '20240915', 9, 2024, 1250.00, 3, 'Bakiye Ödemesi', '', '2024-09-30 22:45:35'),
	(202, 60, 230, '20240915', 9, 2024, 25500.00, 3, 'Bakiye Ödemesi', '', '2024-10-04 08:23:44');

-- tablo yapısı dökülüyor puantoryeni.menu
CREATE TABLE IF NOT EXISTS `menu` (
  `id` int(11) NOT NULL AUTO_INCREMENT,
  `page_name` varchar(50) NOT NULL DEFAULT '0',
  `page_link` varchar(255) NOT NULL DEFAULT '0',
  `icon` varchar(255) NOT NULL DEFAULT '0',
  `parent_id` int(11) NOT NULL DEFAULT 0,
  `isActive` int(11) DEFAULT 1,
  `isMenu` int(11) DEFAULT 1,
  `index_no` int(11) DEFAULT NULL,
  PRIMARY KEY (`id`)
) ENGINE=InnoDB AUTO_INCREMENT=52 DEFAULT CHARSET=latin5 COLLATE=latin5_turkish_ci;

-- puantoryeni.menu: ~48 rows (yaklaşık) tablosu için veriler indiriliyor
DELETE FROM `menu`;
INSERT INTO `menu` (`id`, `page_name`, `page_link`, `icon`, `parent_id`, `isActive`, `isMenu`, `index_no`) VALUES
	(1, 'Ana Sayfa', 'home', 'home', 0, 1, 1, 1),
	(2, 'Teklif', '', 'checklist', 0, 0, 1, NULL),
	(3, 'Teklif Listesi', 'offers/list', '0', 2, 1, 1, NULL),
	(4, 'Yeni Teklif', 'offers/add', '0', 2, 1, 1, NULL),
	(5, 'Satın Alma', '0', 'ticket', 0, 0, 1, NULL),
	(6, 'Proforma Oluştur', 'purchase/proform', '0', 5, 1, 1, NULL),
	(7, 'Firmalar', 'companies/list', 'components', 0, 1, 1, 6),
	(8, 'Raporlar', '', 'report', 0, 0, 1, 9),
	(9, 'Rapor Listesi', 'reports/list', '0', 8, 1, 1, NULL),
	(10, 'Yeni Rapor', 'reports/add', '0', 8, 1, 1, NULL),
	(11, 'YSC Raporu', 'reports/ysc', '0', 8, 1, 0, NULL),
	(12, 'Hidrostatik Test Raporu', 'reports/hst', '0', 8, 1, 0, NULL),
	(13, 'Mekanik Tesisat Kontrol Raporu', 'reports/hst', '0', 8, 1, 0, NULL),
	(14, 'Yangın Algılama Sistemi Kontrol Raporu', 'reports/hst', '0', 8, 1, 0, NULL),
	(15, 'Yangın Otomatik Söndürme Kontrol Raporu', 'reports/hst', '0', 8, 1, 0, NULL),
	(16, 'Acil Aydınlatma Kontrol Raporu', 'reports/hst', '0', 8, 1, 0, NULL),
	(17, 'Kullanıcılar', 'users/list', 'users', 0, 1, 1, 10),
	(19, 'Kullanıcı Ekle/Güncelle', 'users/manage', '0', 17, 1, 0, NULL),
	(21, 'Kullanıcı Listesi', 'users/list', '', 17, 1, 1, NULL),
	(22, 'Yetki Grupları', 'users/roles/list', '0', 17, 1, 1, NULL),
	(23, 'İşlem Yetkileri', 'users/roles/authorities', '0', 17, 1, 0, NULL),
	(24, 'Yetki Grubu Ekle/Güncelle', 'users/roles/manage', '0', 17, 1, 0, NULL),
	(25, 'Ürün/Hizmetler', 'products/list', 'stack-back', 0, 0, 1, NULL),
	(26, 'Ürün Ekle/Güncelle', 'products/manage', '0', 25, 1, 1, NULL),
	(27, 'Tanımlamalar', '', 'settings-spark', 0, 1, 1, 8),
	(28, 'Kasa Listesi', 'financial/case/list', '', 36, 1, 1, NULL),
	(29, 'Kasa Ekle/Güncelle', 'financial/case/manage', '', 36, 1, 0, NULL),
	(30, 'Puantaj', 'puantaj/list', 'calendar', 0, 1, 1, 2),
	(31, 'Bordro', 'bordro/list', 'calculator', 0, 1, 1, 3),
	(32, 'Personel Ekle/Güncelle', 'persons/manage', '0', 33, 1, 0, NULL),
	(33, 'Personeller', 'persons/list', 'users', 0, 1, 1, 4),
	(35, 'Projeler', 'projects/list', 'building-fortress', 0, 1, 1, 5),
	(36, 'Finans', '', 'cash-register', 0, 1, 1, 6),
	(37, 'Kasa Ekle/Güncelleme', 'financial/transactions/manage', '0', 36, 1, 0, NULL),
	(38, 'Gelir-Gider İşlemleri', 'financial/transactions/list', '0', 36, 1, 1, NULL),
	(39, 'Firmalarım', 'mycompany/list', 'buildings', 0, 1, 1, 7),
	(40, 'Firma Ekle/Güncelle', 'mycompany/manage', '0', 39, 1, 0, NULL),
	(41, 'Proje Ekle/Güncelle', 'projects/manage', '0', 35, 1, 0, NULL),
	(42, 'Firmalar Ekle/Düzenle', 'companies/manage', '0', 7, 1, 0, NULL),
	(43, 'Ayarlar', 'settings/manage', 'settings', 0, 1, 1, 11),
	(44, 'Gelir-Gider Türü Tanımlama', 'defines/incexp/list', '0', 27, 1, 1, NULL),
	(45, 'Görev Yönetimi', '0', 'mist', 0, 1, 1, 8),
	(46, 'Gelir-Gider Türü Ekle/Güncelle', 'defines/incexp/manage', '0', 27, 1, 0, NULL),
	(47, 'Görev Listesi', 'missions/list', '0', 45, 1, 1, NULL),
	(48, 'Görevlerim', 'missions/my-missions', '0', 45, 1, 1, NULL),
	(49, 'Verdiğim Görevler', 'missions/to-missions', '0', 45, 1, 1, NULL),
	(50, 'Süreç Yönetimi', 'missions/process/list', '0', 45, 1, 1, NULL),
	(51, 'Süreç Ekle/Güncelle', 'missions/process/manage', '0', 45, 1, 0, 0);

-- tablo yapısı dökülüyor puantoryeni.missions
CREATE TABLE IF NOT EXISTS `missions` (
  `id` int(11) NOT NULL AUTO_INCREMENT,
  `user_id` int(11) NOT NULL DEFAULT 0,
  `firm_id` int(11) NOT NULL DEFAULT 0,
  `surec_id` int(11) NOT NULL DEFAULT 0,
  `user_ids` varchar(50) NOT NULL DEFAULT '0',
  `name` varchar(100) NOT NULL DEFAULT '0',
  `priority` int(11) NOT NULL DEFAULT 0,
  `start_date` varchar(10) NOT NULL DEFAULT '0',
  `end_date` varchar(10) NOT NULL DEFAULT '0',
  `description` text NOT NULL,
  `created_at` varchar(20) NOT NULL DEFAULT current_timestamp(),
  PRIMARY KEY (`id`)
) ENGINE=InnoDB AUTO_INCREMENT=25 DEFAULT CHARSET=latin5 COLLATE=latin5_turkish_ci;

-- puantoryeni.missions: ~13 rows (yaklaşık) tablosu için veriler indiriliyor
DELETE FROM `missions`;
INSERT INTO `missions` (`id`, `user_id`, `firm_id`, `surec_id`, `user_ids`, `name`, `priority`, `start_date`, `end_date`, `description`, `created_at`) VALUES
	(6, 0, 8, 0, '3,60', 'Görev Güncellendi', 3, '0', '0', '                                        <p>Görev altı not</p><p><img src="data:image/svg+xml;base64,PHN2ZyB2ZXJzaW9uPSIxLjIiIHhtbG5zPSJodHRwOi8vd3d3LnczLm9yZy8yMDAwL3N2ZyIgdmlld0JveD0iMCAwIDUzOSAzMjgiIHdpZHRoPSI1MzkiIGhlaWdodD0iMzI4Ij4KCTx0aXRsZT5Mb2dvLWFpPC90aXRsZT4KCTxzdHlsZT4KCQkuczAgeyBmaWxsOiAjNTE1MDUxIH0gCgkJLnMxIHsgZmlsbDogIzAwYWRlZSB9IAoJCS5zMiB7IGZpbGw6ICMyNzQzNmYgfSAKCQkuczMgeyBmaWxsOiAjZjdkZTc2IH0gCgk8L3N0eWxlPgoJPGcgaWQ9ImthdG1hbiAxIj4KCQk8ZyBpZD0iJmx0O0dyb3VwJmd0OyI+CgkJCTxnIGlkPSImbHQ7R3JvdXAmZ3Q7Ij4KCQkJCTxnIGlkPSImbHQ7R3JvdXAmZ3Q7Ij4KCQkJCQk8cGF0aCBpZD0iJmx0O0NvbXBvdW5kIFBhdGgmZ3Q7IiBjbGFzcz0iczAiIGQ9Im0xNDcuNCAyOTAuOGwtMS45IDUuNC0yLjEgNi4zLTQuMS0xMS43aC0xbC00LjIgMTEuNi0yLjEtNi4yLTEuOS01LjRoLTEuMmw0LjYgMTMuMWgxLjJsMS4zLTMuNyAyLjgtNy43IDIuNyA3LjcgMS4zIDMuN2gxLjJsNC42LTEzLjF6Ii8+CgkJCQk8L2c+CgkJCQk8ZyBpZD0iJmx0O0dyb3VwJmd0OyI+CgkJCQkJPHBhdGggaWQ9IiZsdDtDb21wb3VuZCBQYXRoJmd0OyIgY2xhc3M9InMwIiBkPSJtMTY5LjIgMjkwLjhsLTEuOSA1LjQtMi4xIDYuMy00LjEtMTEuN2gtMWwtNC4xIDExLjYtMi4yLTYuMi0xLjktNS40aC0xLjJsNC42IDEzLjFoMS4ybDEuNC0zLjcgMi43LTcuNyAyLjcgNy43IDEuMyAzLjdoMS4ybDQuNi0xMy4xeiIvPgoJCQkJPC9nPgoJCQkJPGcgaWQ9IiZsdDtHcm91cCZndDsiPgoJCQkJCTxwYXRoIGlkPSImbHQ7Q29tcG91bmQgUGF0aCZndDsiIGNsYXNzPSJzMCIgZD0ibTE5MSAyOTAuOGwtMS44IDUuNC0yLjIgNi4zLTQuMS0xMS43aC0xbC00LjEgMTEuNi0yLjItNi4yLTEuOC01LjRoLTEuMmw0LjUgMTMuMWgxLjNsMS4zLTMuNyAyLjctNy43IDIuNyA3LjcgMS4zIDMuN2gxLjJsNC42LTEzLjF6Ii8+CgkJCQk8L2c+CgkJCQk8ZyBpZD0iJmx0O0dyb3VwJmd0OyI+CgkJCQkJPHBhdGggaWQ9IiZsdDtDb21wb3VuZCBQYXRoJmd0OyIgY2xhc3M9InMwIiBkPSJtMTk1LjUgMzAyLjZxLTAuMy0wLjMtMC43LTAuMy0wLjMgMC0wLjYgMC4zLTAuMyAwLjItMC4zIDAuNiAwIDAuNCAwLjMgMC43IDAuMyAwLjIgMC42IDAuMiAwLjQgMCAwLjctMC4yIDAuMi0wLjMgMC4yLTAuNyAwLTAuNC0wLjItMC42eiIvPgoJCQkJPC9nPgoJCQkJPGcgaWQ9IiZsdDtHcm91cCZndDsiPgoJCQkJCTxwYXRoIGlkPSImbHQ7Q29tcG91bmQgUGF0aCZndDsiIGZpbGwtcnVsZT0iZXZlbm9kZCIgY2xhc3M9InMwIiBkPSJtMjEzLjMgMjk3LjNjMCAxLjQtMC40IDIuNi0wLjkgMy42cS0wLjkgMS41LTIuMyAyLjQtMS42IDAuOS0zLjUgMC45LTEuOSAwLTMuNC0wLjktMS40LTAuOC0yLjItMi4zdjkuNGgtMS4xdi0xOS42aDEuMXYyLjljMC40LTEgMS4yLTEuOCAyLjItMi4zcTEuNS0wLjkgMy40LTAuOSAxLjkgMCAzLjUgMC45IDEuNCAwLjkgMi4zIDIuNGMwLjUgMS4xIDAuOSAyLjIgMC45IDMuNXptLTEuMiAwYzAtMS4xLTAuMi0yLjEtMC43LTMtMC41LTAuOS0xLjEtMS41LTEuOS0yLTAuOS0wLjUtMS45LTAuNy0yLjktMC43cS0xLjcgMC0yLjkgMC43LTEuMyAwLjctMiAyYy0wLjUgMC45LTAuNyAxLjktMC43IDMgMCAxLjIgMC4yIDIuMiAwLjcgMy4xcTAuNyAxLjMgMiAyIDEuMiAwLjcgMi45IDAuN2MxIDAgMi0wLjIgMi45LTAuNyAwLjgtMC41IDEuNC0xLjEgMS45LTIgMC41LTAuOSAwLjctMS45IDAuNy0zLjF6Ii8+CgkJCQk8L2c+CgkJCQk8ZyBpZD0iJmx0O0dyb3VwJmd0OyI+CgkJCQkJPHBhdGggaWQ9IiZsdDtDb21wb3VuZCBQYXRoJmd0OyIgY2xhc3M9InMwIiBkPSJtMjI3LjEgMjkwLjh2Ny4zcTAgMS40LTAuNiAyLjUtMC42IDEuMi0xLjcgMS44LTEuMiAwLjctMi42IDAuN2MtMS40IDAtMi42LTAuNS0zLjMtMS4zLTAuOC0wLjgtMS4yLTEuOS0xLjItMy41di03LjVoLTEuMXY3LjZjMCAxLjggMC41IDMuMiAxLjQgNC4ycTEuNSAxLjUgNC4xIDEuNSAxLjcgMCAzLTAuN2MwLjktMC41IDEuNi0xLjIgMi4xLTIuMXYyLjZoMS4xdi0xMy4xeiIvPgoJCQkJPC9nPgoJCQkJPGcgaWQ9IiZsdDtHcm91cCZndDsiPgoJCQkJCTxwYXRoIGlkPSImbHQ7Q29tcG91bmQgUGF0aCZndDsiIGZpbGwtcnVsZT0iZXZlbm9kZCIgY2xhc3M9InMwIiBkPSJtMjQ1LjIgMjkwLjh2MTMuMWgtMS4xdi0yLjljLTAuNSAxLTEuMyAxLjctMi4yIDIuM3EtMS42IDAuOS0zLjUgMC45Yy0xLjMgMC0yLjQtMC4zLTMuNC0wLjlxLTEuNS0wLjktMi4zLTIuNC0wLjktMS42LTAuOS0zLjZjMC0xLjMgMC4zLTIuNCAwLjktMy41cTAuOC0xLjUgMi4zLTIuNGMxLTAuNiAyLjEtMC45IDMuNC0wLjlxMS45IDAgMy41IDAuOSAxLjQgMC44IDIuMiAyLjN2LTIuOXptLTEuMSA2LjVjMC0xLjEtMC4yLTIuMS0wLjctMy0wLjQtMC45LTEuMS0xLjUtMi0ycS0xLjItMC43LTIuOC0wLjdjLTEuMSAwLTIuMSAwLjItMi45IDAuN3EtMS4zIDAuNy0yIDJjLTAuNSAwLjktMC43IDEuOS0wLjcgMyAwIDEuMiAwLjIgMi4yIDAuNyAzLjFxMC43IDEuMyAyIDJjMC44IDAuNSAxLjggMC43IDIuOSAwLjdxMS42IDAgMi44LTAuN2MwLjktMC41IDEuNi0xLjEgMi0yIDAuNS0wLjkgMC43LTEuOSAwLjctMy4xeiIvPgoJCQkJPC9nPgoJCQkJPGcgaWQ9IiZsdDtHcm91cCZndDsiPgoJCQkJCTxwYXRoIGlkPSImbHQ7Q29tcG91bmQgUGF0aCZndDsiIGNsYXNzPSJzMCIgZD0ibTI2MCAyOTIuMXEtMS41LTEuNS00LjItMS41Yy0xLjEgMC0yLjEgMC4yLTMgMC43cS0xLjQgMC44LTIuMSAydi0yLjVoLTEuMXYxMy4xaDEuMXYtNy4zYzAtMC45IDAuMy0xLjggMC43LTIuNSAwLjQtMC44IDEtMS40IDEuOC0xLjhxMS4xLTAuNyAyLjYtMC43IDIuMiAwIDMuMyAxLjMgMS4yIDEuMiAxLjIgMy41djcuNWgxLjJ2LTcuNnEtMC4xLTIuNy0xLjUtNC4yeiIvPgoJCQkJPC9nPgoJCQkJPGcgaWQ9IiZsdDtHcm91cCZndDsiPgoJCQkJCTxwYXRoIGlkPSImbHQ7Q29tcG91bmQgUGF0aCZndDsiIGNsYXNzPSJzMCIgZD0ibTI3My4xIDMwMi41Yy0wLjMgMC4yLTAuNyAwLjQtMS4yIDAuNXEtMC42IDAuMi0xIDAuMi0xLjUgMC0yLTAuOC0wLjUtMC44LTAuNS0yLjR2LTguMmg0LjV2LTFoLTQuNXYtNC4xbC0xLjEgMC4xdjRoLTIuOXYxaDIuOXY4LjJxMCAyLjEgMC43IDMuMmMwLjYgMC42IDEuNSAxIDIuOSAxIDAuOCAwIDEuNy0wLjMgMi43LTAuN3oiLz4KCQkJCTwvZz4KCQkJCTxnIGlkPSImbHQ7R3JvdXAmZ3Q7Ij4KCQkJCQk8cGF0aCBpZD0iJmx0O0NvbXBvdW5kIFBhdGgmZ3Q7IiBmaWxsLXJ1bGU9ImV2ZW5vZGQiIGNsYXNzPSJzMCIgZD0ibTI4OC43IDI5Ny4zcTAgMi0wLjkgMy42LTAuOSAxLjUtMi40IDIuNGMtMSAwLjYtMi4yIDAuOS0zLjUgMC45cS0xLjkgMC0zLjUtMC45LTEuNS0wLjktMi40LTIuNC0wLjgtMS42LTAuOC0zLjZjMC0xLjIgMC4yLTIuNCAwLjgtMy41cTAuOS0xLjUgMi40LTIuNGMxLjEtMC42IDIuMi0wLjkgMy41LTAuOSAxLjMgMCAyLjUgMC4zIDMuNSAwLjlxMS41IDAuOSAyLjQgMi40YzAuNiAxLjEgMC45IDIuMyAwLjkgMy41em0tMS4yIDBxMC0xLjYtMC43LTIuOS0wLjctMS4zLTItMi4xLTEuMy0wLjctMi45LTAuN2MtMS4xIDAtMiAwLjItMi45IDAuN3EtMS4zIDAuOC0yIDIuMS0wLjcgMS4zLTAuNyAyLjkgMCAxLjcgMC43IDMgMC43IDEuMyAyIDIuMWMwLjkgMC41IDEuOCAwLjcgMi45IDAuN3ExLjYgMCAyLjktMC43IDEuMy0wLjggMi0yLjEgMC43LTEuMyAwLjctM3oiLz4KCQkJCTwvZz4KCQkJCTxnIGlkPSImbHQ7R3JvdXAmZ3Q7Ij4KCQkJCQk8cGF0aCBpZD0iJmx0O0NvbXBvdW5kIFBhdGgmZ3Q7IiBjbGFzcz0iczAiIGQ9Im0yOTcuOCAyOTAuNnEtMS40IDAtMi42IDAuOGMtMC44IDAuNi0xLjQgMS4zLTEuOSAyLjN2LTIuOWgtMS4xdjEzLjFoMS4xdi02LjdxMC4xLTEuNSAwLjYtMi44YzAuNC0wLjggMS0xLjUgMS43LTJxMS0wLjcgMi4yLTAuN2MwLjggMCAxLjYgMC4yIDIuMiAwLjZsMC41LTFxLTEuMS0wLjctMi43LTAuN3oiLz4KCQkJCTwvZz4KCQkJCTxnIGlkPSImbHQ7R3JvdXAmZ3Q7Ij4KCQkJCQk8cGF0aCBpZD0iJmx0O0NvbXBvdW5kIFBhdGgmZ3Q7IiBjbGFzcz0iczAiIGQ9Im0zMDIuNyAzMDIuNnEtMC4zLTAuMy0wLjctMC4zYy0wLjIgMC0wLjUgMC4xLTAuNiAwLjNxLTAuMyAwLjItMC4zIDAuNiAwIDAuNCAwLjMgMC43YzAuMSAwLjEgMC40IDAuMiAwLjYgMC4ycTAuNCAwIDAuNy0wLjIgMC4yLTAuMyAwLjItMC43IDAtMC40LTAuMi0wLjZ6Ii8+CgkJCQk8L2c+CgkJCQk8ZyBpZD0iJmx0O0dyb3VwJmd0OyI+CgkJCQkJPHBhdGggaWQ9IiZsdDtDb21wb3VuZCBQYXRoJmd0OyIgY2xhc3M9InMwIiBkPSJtMzE2LjUgMzAxLjVjLTAuNiAwLjUtMS4yIDAuOS0xLjkgMS4ycS0xIDAuNC0yLjIgMC40LTEuNiAwLTIuOS0wLjdjLTAuOC0wLjUtMS41LTEuMS0yLjEtMnEtMC43LTEuMy0wLjctMy4xYzAtMS4xIDAuMi0yLjIgMC43LTNxMC44LTEuNCAyLjEtMmMwLjktMC41IDEuOC0wLjcgMi45LTAuN3ExLjEgMCAyLjIgMC40IDEgMC40IDEuOCAxLjJsMC43LTAuN2MtMS4zLTEuMy0yLjktMi00LjctMnEtMS45IDAtMy41IDAuOWMtMSAwLjUtMS44IDEuMy0yLjQgMi40cS0wLjkgMS41LTAuOSAzLjUgMCAyIDAuOSAzLjYgMC45IDEuNiAyLjQgMi40YzEuMSAwLjYgMi4yIDAuOSAzLjUgMC45IDAuOSAwIDEuOC0wLjIgMi42LTAuNXExLjItMC41IDIuMy0xLjR6Ii8+CgkJCQk8L2c+CgkJCQk8ZyBpZD0iJmx0O0dyb3VwJmd0OyI+CgkJCQkJPHBhdGggaWQ9IiZsdDtDb21wb3VuZCBQYXRoJmd0OyIgZmlsbC1ydWxlPSJldmVub2RkIiBjbGFzcz0iczAiIGQ9Im0zMzIuOSAyOTcuM3EwIDItMC45IDMuNi0wLjggMS41LTIuNCAyLjRjLTEgMC42LTIuMiAwLjktMy41IDAuOXEtMS45IDAtMy40LTAuOS0xLjYtMC45LTIuNS0yLjQtMC44LTEuNi0wLjgtMy42YzAtMS4yIDAuMy0yLjQgMC44LTMuNXEwLjktMS41IDIuNS0yLjRjMS0wLjYgMi4xLTAuOSAzLjQtMC45IDEuMyAwIDIuNSAwLjMgMy41IDAuOXExLjYgMC45IDIuNCAyLjRjMC42IDEuMSAwLjkgMi4zIDAuOSAzLjV6bS0xLjEgMHEwLTEuNi0wLjgtMi45LTAuNy0xLjMtMi0yLjEtMS4zLTAuNy0yLjktMC43Yy0xIDAtMiAwLjItMi45IDAuN3EtMS4yIDAuOC0yIDIuMS0wLjcgMS4zLTAuNyAyLjkgMCAxLjcgMC43IDMgMC44IDEuMyAyIDIuMWMwLjkgMC41IDEuOSAwLjcgMi45IDAuN3ExLjYgMCAyLjktMC43IDEuMy0wLjggMi0yLjEgMC44LTEuMyAwLjgtM3oiLz4KCQkJCTwvZz4KCQkJCTxnIGlkPSImbHQ7R3JvdXAmZ3Q7Ij4KCQkJCQk8cGF0aCBpZD0iJmx0O0NvbXBvdW5kIFBhdGgmZ3Q7IiBjbGFzcz0iczAiIGQ9Im0zNTUuNiAyOTIuMWMtMS0xLTIuMi0xLjUtMy45LTEuNXEtMS42IDAtMi45IDAuOC0xLjMgMC45LTIgMi40LTAuNS0xLjYtMS43LTIuNGMtMC45LTAuNi0xLjktMC44LTMuMS0wLjgtMC45IDAtMS44IDAuMi0yLjYgMC43LTAuOCAwLjQtMS40IDEuMS0xLjkgMS45di0yLjRoLTEuMXYxMy4xaDEuMnYtNy40YzAtMC45IDAuMi0xLjcgMC41LTIuNXEwLjYtMS4xIDEuNi0xLjcgMS4xLTAuNyAyLjMtMC43IDIgMCAzLjEgMS4yIDEgMS4zIDEgMy41djcuNmgxLjJ2LTcuNGMwLTAuOSAwLjItMS43IDAuNS0yLjVxMC42LTEuMSAxLjYtMS43YzAuNy0wLjUgMS41LTAuNyAyLjMtMC43cTIgMCAzLjEgMS4yIDEgMS4zIDEgMy41djcuNmgxLjJ2LTcuNnEwLTIuNy0xLjQtNC4yeiIvPgoJCQkJPC9nPgoJCQkJPGcgaWQ9IiZsdDtHcm91cCZndDsiPgoJCQkJCTxwYXRoIGlkPSImbHQ7Q29tcG91bmQgUGF0aCZndDsiIGNsYXNzPSJzMCIgZD0ibTM2Mi41IDMwMi42cS0wLjMtMC4zLTAuNy0wLjNjLTAuMiAwLTAuNSAwLjEtMC42IDAuM3EtMC4zIDAuMi0wLjMgMC42IDAgMC40IDAuMyAwLjdjMC4xIDAuMSAwLjQgMC4yIDAuNiAwLjJxMC40IDAgMC43LTAuMiAwLjItMC4zIDAuMi0wLjcgMC0wLjQtMC4yLTAuNnoiLz4KCQkJCTwvZz4KCQkJCTxnIGlkPSImbHQ7R3JvdXAmZ3Q7Ij4KCQkJCQk8cGF0aCBpZD0iJmx0O0NvbXBvdW5kIFBhdGgmZ3Q7IiBjbGFzcz0iczAiIGQ9Im0zNzIuOSAzMDIuNWMtMC40IDAuMi0wLjggMC40LTEuMiAwLjVxLTAuNiAwLjItMS4xIDAuMi0xLjQgMC0yLTAuOC0wLjUtMC44LTAuNS0yLjR2LTguMmg0LjZ2LTFoLTQuNnYtNC4xbC0xLjEgMC4xdjRoLTIuOHYxaDIuOHY4LjJxMCAyLjEgMC44IDMuMmMwLjUgMC42IDEuNSAxIDIuOCAxIDAuOSAwIDEuOC0wLjMgMi43LTAuN3oiLz4KCQkJCTwvZz4KCQkJCTxnIGlkPSImbHQ7R3JvdXAmZ3Q7Ij4KCQkJCQk8cGF0aCBpZD0iJmx0O0NvbXBvdW5kIFBhdGgmZ3Q7IiBjbGFzcz0iczAiIGQ9Im0zODEuNyAyOTAuNnEtMS41IDAtMi43IDAuOGMtMC44IDAuNi0xLjQgMS4zLTEuOSAyLjN2LTIuOWgtMXYxMy4xaDEuMXYtNi43cTAtMS41IDAuNi0yLjhjMC40LTAuOCAwLjktMS41IDEuNi0ycTEtMC43IDIuMi0wLjcgMS4yIDAgMi4zIDAuNmwwLjUtMWMtMC44LTAuNC0xLjctMC43LTIuNy0wLjd6Ii8+CgkJCQk8L2c+CgkJCTwvZz4KCQkJPGcgaWQ9IiZsdDtHcm91cCZndDsiPgoJCQkJPGcgaWQ9IiZsdDtHcm91cCZndDsiPgoJCQkJCTxwYXRoIGlkPSImbHQ7Q29tcG91bmQgUGF0aCZndDsiIGZpbGwtcnVsZT0iZXZlbm9kZCIgY2xhc3M9InMwIiBkPSJtOTIuNCAxOTkuOXY1MC45aC00Ni4zdjEzLjloLTE4LjZ2LTY0Ljh6bS0xOC41IDE4LjVoLTI3Ljh2MTMuOWgyNy44eiIvPgoJCQkJPC9nPgoJCQkJPGcgaWQ9IiZsdDtHcm91cCZndDsiPgoJCQkJCTxwYXRoIGlkPSImbHQ7Q29tcG91bmQgUGF0aCZndDsiIGNsYXNzPSJzMCIgZD0ibTE0My40IDE5OS45djQ2LjNoLTI3Ljh2LTQ2LjNoLTE4LjV2NjQuOGg2NC44di02NC44eiIvPgoJCQkJPC9nPgoJCQkJPGcgaWQ9IiZsdDtHcm91cCZndDsiPgoJCQkJCTxwYXRoIGlkPSImbHQ7Q29tcG91bmQgUGF0aCZndDsiIGZpbGwtcnVsZT0iZXZlbm9kZCIgY2xhc3M9InMwIiBkPSJtMjMxLjUgMTk5Ljl2NjQuOGgtMTguNnYtMTMuOWgtMjcuOHYxMy45aC0xOC41di02NC44em0tMTguNiAxOC41aC0yNy43djEzLjloMjcuN3oiLz4KCQkJCTwvZz4KCQkJCTxnIGlkPSImbHQ7R3JvdXAmZ3Q7Ij4KCQkJCQk8cGF0aCBpZD0iJmx0O0NvbXBvdW5kIFBhdGgmZ3Q7IiBjbGFzcz0iczAiIGQ9Im0yODIuNCAxOTkuOXYzMy4ybC0zMy4yLTMzLjJoLTEzLjF2NjQuOGgxOC41di0zMy4ybDMzLjMgMzMuMmgxMy4xdi02NC44eiIvPgoJCQkJPC9nPgoJCQkJPGcgaWQ9IiZsdDtHcm91cCZndDsiPgoJCQkJCTxwYXRoIGlkPSImbHQ7Q29tcG91bmQgUGF0aCZndDsiIGNsYXNzPSJzMCIgZD0ibTMwNS42IDE5OS45djE4LjVoMjMuMnY0Ni4zaDE4LjV2LTQ2LjNoMjMuMnYtMTguNXoiLz4KCQkJCTwvZz4KCQkJCTxnIGlkPSImbHQ7R3JvdXAmZ3Q7Ij4KCQkJCQk8cGF0aCBpZD0iJmx0O0NvbXBvdW5kIFBhdGgmZ3Q7IiBmaWxsLXJ1bGU9ImV2ZW5vZGQiIGNsYXNzPSJzMCIgZD0ibTQ0MCAxOTkuOXY2NC44aC02NC45di02NC44em0tMTguNSAxOC41aC0yNy44djI3LjhoMjcuOHoiLz4KCQkJCTwvZz4KCQkJCTxnIGlkPSImbHQ7R3JvdXAmZ3Q7Ij4KCQkJCQk8cGF0aCBpZD0iJmx0O0NvbXBvdW5kIFBhdGgmZ3Q7IiBmaWxsLXJ1bGU9ImV2ZW5vZGQiIGNsYXNzPSJzMCIgZD0ibTUwOS42IDI2NC43aC0yNi4ybC0yMC4yLTIwLjF2MjAuMWgtMTguNXYtNjQuOGg2NC44djUwLjloLTEzLjh6bS0xOC42LTQ2LjNoLTI3Ljh2MTMuOWgyNy44eiIvPgoJCQkJPC9nPgoJCQk8L2c+CgkJCTxnIGlkPSImbHQ7R3JvdXAmZ3Q7Ij4KCQkJCTxnIGlkPSImbHQ7R3JvdXAmZ3Q7Ij4KCQkJCQk8cGF0aCBpZD0iJmx0O0NvbXBvdW5kIFBhdGgmZ3Q7IiBmaWxsLXJ1bGU9ImV2ZW5vZGQiIGNsYXNzPSJzMSIgZD0ibTI1OS45IDcxLjljMCA0LjMtMS44IDguMi00LjYgMTEuMS0yLjggMi44LTYuNyA0LjYtMTEuMSA0LjYtOC42IDAtMTUuNi03LTE1LjYtMTUuNyAwLTQuMyAxLjctOC4yIDQuNi0xMSAyLjgtMi45IDYuNy00LjYgMTEtNC42IDQuNCAwIDguMyAxLjcgMTEuMSA0LjYgMi44IDIuOCA0LjYgNi43IDQuNiAxMXptLTkuNC0xLjloLTQuNHYtNC40aC0zLjh2NC40aC00LjN2My44aDQuM3Y0LjRoMy44di00LjRoNC40eiIvPgoJCQkJPC9nPgoJCQk8L2c+CgkJCTxnIGlkPSImbHQ7R3JvdXAmZ3Q7Ij4KCQkJCTxnIGlkPSImbHQ7R3JvdXAmZ3Q7Ij4KCQkJCQk8cGF0aCBpZD0iJmx0O0NvbXBvdW5kIFBhdGgmZ3Q7IiBmaWxsLXJ1bGU9ImV2ZW5vZGQiIGNsYXNzPSJzMSIgZD0ibTI1OS45IDEwOC42YzAgNC4zLTEuOCA4LjItNC42IDExLjEtMi44IDIuOC02LjcgNC41LTExLjEgNC41LTguNiAwLTE1LjYtNy0xNS42LTE1LjYgMC00LjMgMS43LTguMiA0LjYtMTEuMSAyLjgtMi44IDYuNy00LjUgMTEtNC41IDQuNCAwIDguMyAxLjcgMTEuMSA0LjUgMi44IDIuOSA0LjYgNi44IDQuNiAxMS4xem0tMTcuNi02LjVjMCAxIDAuOSAxLjkgMS45IDEuOSAxLjEgMCAxLjktMC45IDEuOS0xLjkgMC0xLTAuOC0xLjktMS45LTEuOS0xIDAtMS45IDAuOS0xLjkgMS45em0zLjggMTNjMC0xLjEtMC44LTEuOS0xLjktMS45LTEgMC0xLjkgMC44LTEuOSAxLjkgMCAxIDAuOSAxLjkgMS45IDEuOSAxLjEgMCAxLjktMC45IDEuOS0xLjl6bTQuNC04LjRoLTEyLjV2My44aDEyLjV6Ii8+CgkJCQk8L2c+CgkJCTwvZz4KCQkJPGcgaWQ9IiZsdDtHcm91cCZndDsiPgoJCQkJPGcgaWQ9IiZsdDtHcm91cCZndDsiPgoJCQkJCTxwYXRoIGlkPSImbHQ7Q29tcG91bmQgUGF0aCZndDsiIGZpbGwtcnVsZT0iZXZlbm9kZCIgY2xhc3M9InMxIiBkPSJtMjk2LjYgNzEuOWMwIDQuMy0xLjcgOC4yLTQuNiAxMS4xLTIuOCAyLjgtNi43IDQuNi0xMSA0LjYtOC42IDAtMTUuNi03LTE1LjYtMTUuNyAwLTQuMyAxLjctOC4yIDQuNi0xMSAyLjgtMi45IDYuNy00LjYgMTEtNC42IDQuMyAwIDguMiAxLjcgMTEgNC42IDIuOSAyLjggNC42IDYuNyA0LjYgMTF6bS0xMi45IDBsMy4xLTMuMS0yLjctMi42LTMuMSAzLTMuMS0zLTIuNyAyLjYgMy4xIDMuMS0zLjEgMy4yIDIuNyAyLjYgMy4xLTMuMSAzLjEgMy4xIDIuNy0yLjZ6Ii8+CgkJCQk8L2c+CgkJCTwvZz4KCQkJPGcgaWQ9IiZsdDtHcm91cCZndDsiPgoJCQkJPGcgaWQ9IiZsdDtHcm91cCZndDsiPgoJCQkJCTxwYXRoIGlkPSImbHQ7UGF0aCZndDsiIGNsYXNzPSJzMSIgZD0ibTI3Mi41IDEwNC45Yy0yLjMgMS45LTQuNiAzLjktNi45IDYuMXEtMC4yLTEuMi0wLjItMi40YzAtNC4zIDEuNy04LjIgNC42LTExLjEgMi44LTIuOCA2LjctNC41IDExLTQuNXEyLjcgMCA1LjIgMC45Yy00LjcgMy41LTkuMSA3LTEzLjMgMTAuNi0wLjIgMC4yLTAuNCAwLjMtMC40IDAuNHoiLz4KCQkJCQk8cGF0aCBpZD0iJmx0O1BhdGgmZ3Q7IiBjbGFzcz0iczEiIGQ9Im0yOTYuNiAxMDguM3YwLjNjMCA0LjMtMS43IDguMi00LjYgMTEuMS0yLjQgMi40LTUuNiA0LTkuMiA0LjQgNC40LTUuNSA5LTEwLjggMTMuOC0xNS44eiIvPgoJCQkJPC9nPgoJCQk8L2c+CgkJCTxnIGlkPSImbHQ7R3JvdXAmZ3Q7Ij4KCQkJCTxwYXRoIGlkPSImbHQ7Q29tcG91bmQgUGF0aCZndDsiIGNsYXNzPSJzMiIgZD0ibTIxOC45IDE1OS4xYy0xLjItMi4yLTIuNS00LjQtMy45LTYuNS0xLjUtMi41LTMuMi00LjktNC44LTcuMWwtMC4zLTAuNGMtMi40LTMuMi00LjktNi4zLTcuNC05LjF2OC4xYzAgNC42IDEuOSA4LjggNSAxMS45IDMgMyA3LjIgNC45IDExLjggNC45aDAuNWMtMC4zLTAuNi0wLjYtMS4yLTAuOS0xLjh6bTEwMC43LTcyLjRjLTEuNSAxLjItMyAyLjUtNC41IDMuNy0wLjMgMC4zLTAuNyAwLjYtMS4xIDAuOXY1Mi44YzAgMi4yLTAuOSA0LjMtMi40IDUuNy0xLjQgMS41LTMuNSAyLjQtNS43IDIuNGgtNDIuOGMtMC4yIDAuMy0wLjQgMC42LTAuNiAwLjlsLTIuNCA0Yy0wLjcgMS4zLTEuNCAyLjUtMi4xIDMuOGg0Ny45YzQuNiAwIDguOC0xLjkgMTEuOS00LjkgMy0zLjEgNC45LTcuMyA0LjktMTEuOXYtNjB6Ii8+CgkJCQk8cGF0aCBpZD0iJmx0O0NvbXBvdW5kIFBhdGgmZ3Q7IiBmaWxsLXJ1bGU9ImV2ZW5vZGQiIGNsYXNzPSJzMiIgZD0ibTMyMi41IDU0LjFsMC4yIDAuMnYxNi4ycS0wLjQgMC4yLTAuOCAwLjRjLTIuNCAxLjMtNSAyLjgtNy45IDQuNXYtMTcuM2wtMS4xLTFoLTExLjZjLTQuNiAwLTguOC0yLTExLjgtNS0zLjEtMy00LjktNy4yLTQuOS0xMS44di0xMS40bC0wLjMtMC41aC02NWMtMi4yIDAtNC4yIDAuOS01LjcgMi40LTEuNSAxLjQtMi40IDMuNC0yLjQgNS43djkwLjRxLTIuOC0xLjUtNS43LTIuOGwtMi4zLTFjLTAuMi0wLjEtMC40LTAuMy0wLjctMC40di04Ni4yYzAtNC43IDEuOS04LjkgNS0xMS45IDMtMyA3LjItNC45IDExLjgtNC45aDY5LjhjMSAwIDIgMC40IDIuOCAxLjJsMjkuMiAyOC41YzEgMC44IDEuNiAxLjkgMS42IDMuM3EwIDAuNy0wLjIgMS40em0tMTQuOC01LjdsLTE0LjQtMTQuMXY2YzAgMi4yIDAuOSA0LjIgMi4zIDUuNyAxLjUgMS40IDMuNSAyLjQgNS43IDIuNHoiLz4KCQkJPC9nPgoJCQk8ZyBpZD0iJmx0O0dyb3VwJmd0OyI+CgkJCQk8cGF0aCBpZD0iJmx0O1BhdGgmZ3Q7IiBjbGFzcz0iczMiIGQ9Im0zNDYuOSA2M2MtNi4yIDMuNy0xMi40IDcuOC0xOC4zIDEyLjMtMi4xIDEuNS00LjEgMy01LjkgNC40cS0wLjYgMC41LTEuMSAwLjlsLTQuMiAzLjVxLTEuNyAxLjQtMy40IDIuOGMtMC40IDAuMy0wLjcgMC43LTEuMSAxLTAuNCAwLjItMC43IDAuNS0xLjEgMC44LTEuNiAxLjUtMy4xIDIuOS00LjcgNC40LTEgMC45LTIgMS45LTMuMSAyLjlsLTEuMyAxLjJjLTAuOSAwLjgtMS43IDEuNi0yLjYgMi41bC0zLjYgMy44Yy0wLjIgMC4yLTAuNCAwLjQtMC41IDAuNi0wLjMgMC4yLTAuNSAwLjUtMC44IDAuNy01LjUgNS44LTEwLjkgMTEuOS0xNiAxOC40LTAuMiAwLjMtMC41IDAuNS0wLjcgMC44LTMuMSA0LjEtNi4yIDguMS05IDEyLjEtMS4xIDEuNy0yLjMgMy40LTMuNSA1LjFxLTEuMSAxLjgtMi4zIDMuNmMtMS40IDIuMS0yLjcgNC4zLTQuMSA2LjVsLTAuNSAwLjktMS45IDMuM2MtMC45IDEuNS0xLjggMy0yLjYgNC42LTAuMSAwLjItMC4zIDAuNS0wLjQgMC44cS0wLjUgMC45LTEgMS44Yy0wLjggMS41LTEuNSAyLjktMi4zIDQuNS0wLjQgMC44LTAuOCAxLjYtMS4yIDIuM3EtMC4yIDAuNS0wLjQgMWwtMjIuMi0wLjFxLTEuMi00LjQtMy41LTkuNWMtMC4xLTAuMy0wLjMtMC41LTAuNC0wLjgtMC40LTAuOC0wLjgtMS43LTEuMy0yLjZxLTEuNS0yLjctMy4xLTUuMy0wLjUtMC44LTAuOS0xLjVjLTEuNi0yLjUtMy4zLTQuOS01LTcuMy0wLjItMC4yLTAuMy0wLjQtMC4zLTAuNHEtMC43LTAuOS0xLjQtMS43Yy0yLjQtMy4yLTQuOS02LjItNy40LTlxLTAuNi0wLjgtMS4zLTEuNWwtMC42LTAuN2MtMi4xLTIuNC00LjItNC42LTYuMy02LjdxMyAxLjMgNi4yIDIuOGwwLjcgMC4zIDEuNiAwLjdjMi4xIDEgNC4yIDIgNi4zIDMuMnEwLjUgMC4yIDAuOCAwLjRjMy4yIDEuNiA2LjEgMy4xIDguNyA0LjcgNi4zIDMuOSAxMS4xIDcuMSAxNS4zIDEwLjZsMS40IDEuMSAxLjQtMS44YzEtMS4zIDIuMS0yLjUgMy4xLTMuOCAyLjQtMi45IDQuOS01LjcgNy4zLTguNWwyLjYtMi44YzEuNy0xLjggMy40LTMuNyA1LjEtNS40IDMuNC0zLjUgNy02LjkgMTAuNS0xMC4yIDAuMi0wLjIgMC40LTAuMyAwLjUtMC41IDIuMi0yLjEgNC4zLTQgNi41LTUuOHEwLjUtMC41IDEuMS0xbDAuMy0wLjJxMC44LTAuNyAxLjYtMS4zYzMuOS0zLjQgOC02LjYgMTIuNi0xMC4xbDAuMy0wLjMgNC40LTMuMmMwLjgtMC42IDEuNy0xLjEgMi41LTEuNyAwLjctMC41IDEuNC0wLjkgMi0xLjRsMi42LTEuN3EzLjMtMi4zIDYuNi00LjRsNi40LTMuOGMwLjMtMC4xIDAuNi0wLjMgMC45LTAuNSAyLjgtMS43IDUuNC0zLjIgNy44LTQuNXEwLjQtMC4yIDAuOC0wLjRjMS0wLjUgMi4xLTEuMSAzLjItMS42IDYuNi0zLjYgMTMuNC02LjYgMjAuMi05LjN6Ii8+CgkJCTwvZz4KCQk8L2c+Cgk8L2c+Cjwvc3ZnPg==" data-filename="Logo-ai.svg" style="width: 25%;" class=""></p>                                                                          ', '2024-10-05 23:39:27'),
	(13, 0, 8, 0, '3,4,61', 'Çoklu görev atama yapıldı', 3, '0', '0', '                                        <p>Eklenecek notu ve resmi buraya yazın</p><p><img src="data:image/svg+xml;base64,PCFET0NUWVBFIHN2ZyBQVUJMSUMgIi0vL1czQy8vRFREIFNWRyAxLjEvL0VOIiAiaHR0cDovL3d3dy53My5vcmcvR3JhcGhpY3MvU1ZHLzEuMS9EVEQvc3ZnMTEuZHRkIj4KDTwhLS0gVXBsb2FkZWQgdG86IFNWRyBSZXBvLCB3d3cuc3ZncmVwby5jb20sIFRyYW5zZm9ybWVkIGJ5OiBTVkcgUmVwbyBNaXhlciBUb29scyAtLT4KPHN2ZyBmaWxsPSIjZjhlODdjIiB3aWR0aD0iODAwcHgiIGhlaWdodD0iODAwcHgiIHZpZXdCb3g9Ii0zLjIgLTMuMiAzOC40MCAzOC40MCIgeG1sbnM9Imh0dHA6Ly93d3cudzMub3JnLzIwMDAvc3ZnIiBzdHJva2U9IiNmOGU4N2MiIHN0cm9rZS13aWR0aD0iMC40NDgwMDAwMDAwMDAwMDAwNiI+Cg08ZyBpZD0iU1ZHUmVwb19iZ0NhcnJpZXIiIHN0cm9rZS13aWR0aD0iMCI+Cg08cGF0aCB0cmFuc2Zvcm09InRyYW5zbGF0ZSgtMy4yLCAtMy4yKSwgc2NhbGUoMi40KSIgZmlsbD0iIzdlZDBlYyIgZD0iTTkuMTY2LjMzYTIuMjUgMi4yNSAwIDAwLTIuMzMyIDBsLTUuMjUgMy4xODJBMi4yNSAyLjI1IDAgMDAuNSA1LjQzNnY1LjEyOGEyLjI1IDIuMjUgMCAwMDEuMDg0IDEuOTI0bDUuMjUgMy4xODJhMi4yNSAyLjI1IDAgMDAyLjMzMiAwbDUuMjUtMy4xODJhMi4yNSAyLjI1IDAgMDAxLjA4NC0xLjkyNFY1LjQzNmEyLjI1IDIuMjUgMCAwMC0xLjA4NC0xLjkyNEw5LjE2Ni4zM3oiIHN0cm9rZXdpZHRoPSIwIi8+Cg08L2c+Cg08ZyBpZD0iU1ZHUmVwb190cmFjZXJDYXJyaWVyIiBzdHJva2UtbGluZWNhcD0icm91bmQiIHN0cm9rZS1saW5lam9pbj0icm91bmQiLz4KDTxnIGlkPSJTVkdSZXBvX2ljb25DYXJyaWVyIj4KDTxwYXRoIGQ9Ik0gMTMgNyBMIDEzIDguNDA2MjUgQyA4LjAzNTE1NiA5LjY4NzUgNC40MTAxNTYgMTQuMDgyMDMxIDQuMTI1IDE5LjM3NSBDIDIuOTUzMTI1IDE5Ljc4NTE1NiAyIDIwLjY5NTMxMyAyIDIyIEwgMiAyNSBMIDMwIDI1IEwgMzAgMjIgQyAzMCAyMC42OTUzMTMgMjkuMDQ2ODc1IDE5Ljc4NTE1NiAyNy44NzUgMTkuMzc1IEMgMjcuNTg5ODQ0IDE0LjA4MjAzMSAyMy45NjQ4NDQgOS42ODc1IDE5IDguNDA2MjUgTCAxOSA3IFogTSAxNS4wMzEyNSA5IEwgMTcgOSBDIDE2Ljk4MDQ2OSA5LjExMzI4MSAxNi45ODA0NjkgOS4yMzA0NjkgMTcgOS4zNDM3NSBMIDE3IDE1IEwgMTkgMTUgTCAxOSAxMC41IEMgMjIuNzM4MjgxIDExLjY3OTY4OCAyNS41NjY0MDYgMTQuOTcyNjU2IDI1Ljk2ODc1IDE5IEwgMjQgMTkgTCAyNCAyMSBMIDI3IDIxIEMgMjcuNTY2NDA2IDIxIDI4IDIxLjQzMzU5NCAyOCAyMiBMIDI4IDIzIEwgNCAyMyBMIDQgMjIgQyA0IDIxLjQzMzU5NCA0LjQzMzU5NCAyMSA1IDIxIEwgOCAyMSBMIDggMTkgTCA2LjAzMTI1IDE5IEMgNi40MzM1OTQgMTQuOTcyNjU2IDkuMjYxNzE5IDExLjY3OTY4OCAxMyAxMC41IEwgMTMgMTUgTCAxNSAxNSBMIDE1IDkuNSBDIDE1LjA1MDc4MSA5LjMzOTg0NCAxNS4wNjI1IDkuMTY3OTY5IDE1LjAzMTI1IDkgWiIvPgoNPC9nPgoNPC9zdmc+" data-filename="hard-hat-solid-svgrepo-com.svg" style="width: 25%;"></p>                                     ', '2024-10-05 23:45:04'),
	(14, 0, 8, 0, '3,60', 'Görev Güncellendi', 1, '0', '0', '\r\n                                     ', '2024-10-05 23:39:27'),
	(15, 0, 8, 0, '3,60', 'Görev Güncellendi', 1, '0', '0', '\r\n                                     ', '2024-10-05 23:39:27'),
	(16, 0, 8, 0, '3,61', 'Görev Güncellendi', 3, '0', '0', '                                                                             ', '2024-10-06 18:48:56'),
	(17, 0, 8, 0, '3,61', 'Görev Güncellendi', 3, '0', '0', '                                                                             ', '2024-10-06 18:49:25'),
	(18, 0, 8, 0, '3,61', 'Görev Güncellendi', 3, '0', '0', '                                                                             ', '2024-10-06 18:49:42'),
	(19, 0, 8, 0, '3,61', 'Görev Güncellendi', 3, '0', '0', '                                                                             ', '2024-10-06 18:49:52'),
	(20, 0, 8, 0, '3,61', 'Görev Güncellendi', 3, '0', '0', '                                                                             ', '2024-10-06 18:51:15'),
	(21, 0, 8, 0, '3,61', 'Görev Güncellendi', 3, '0', '0', '                                                                             ', '2024-10-06 18:51:30'),
	(22, 0, 8, 0, '3,61', 'Görev Güncellendi', 3, '0', '0', '                                                                             ', '2024-10-06 18:52:08'),
	(23, 0, 8, 0, '3', 'Yeni bir görev eklend,', 3, '0', '0', '                                                                             ', '2024-10-06 20:28:52'),
	(24, 0, 8, 0, '3', 'Görev Güncellendi', 3, '0', '0', '                                                                             ', '2024-10-06 20:29:35');

-- tablo yapısı dökülüyor puantoryeni.mission_process
CREATE TABLE IF NOT EXISTS `mission_process` (
  `id` int(11) NOT NULL AUTO_INCREMENT,
  `user_id` int(11) NOT NULL DEFAULT 0,
  `firm_id` int(11) NOT NULL DEFAULT 0,
  `status` int(1) NOT NULL DEFAULT 0,
  `process_name` varchar(100) NOT NULL DEFAULT '0',
  `process_order` int(3) NOT NULL DEFAULT 0,
  `description` varchar(255) NOT NULL DEFAULT '0',
  `created_at` varchar(20) NOT NULL DEFAULT current_timestamp(),
  PRIMARY KEY (`id`)
) ENGINE=InnoDB AUTO_INCREMENT=9 DEFAULT CHARSET=latin5 COLLATE=latin5_turkish_ci;

-- puantoryeni.mission_process: ~8 rows (yaklaşık) tablosu için veriler indiriliyor
DELETE FROM `mission_process`;
INSERT INTO `mission_process` (`id`, `user_id`, `firm_id`, `status`, `process_name`, `process_order`, `description`, `created_at`) VALUES
	(1, 60, 8, 1, 'Yapılacak', 3, 'adfasdf', '2024-10-05 08:51:29'),
	(2, 60, 8, 0, 'Tamamlandı', 5, 'dfasdfasd', '2024-10-05 09:45:43'),
	(3, 60, 8, 1, 'Dördüncü aşama', 4, 'sdfsdfsf', '2024-10-05 09:46:42'),
	(4, 60, 8, 0, 'Deneme Aktif', 2, 'adfdsf asdf', '2024-10-05 09:56:55'),
	(5, 60, 7, 1, 'Denmeem', 6, 'Ankara Şantiyesi', '2024-10-05 10:53:44'),
	(6, 60, 8, 1, 'Ara Süreç', 6, 'sdfsdfsf', '2024-10-05 10:54:05'),
	(7, 60, 8, 1, 'Tamamlanacak Son aşama Burası', 7, 'sdf', '2024-10-05 10:54:29'),
	(8, 60, 8, 1, 'Başlangıç Süreci', 1, '', '2024-10-06 09:18:52');

-- tablo yapısı dökülüyor puantoryeni.mission_process_mapping
CREATE TABLE IF NOT EXISTS `mission_process_mapping` (
  `id` int(11) NOT NULL AUTO_INCREMENT,
  `mission_id` int(11) NOT NULL,
  `process_id` int(11) NOT NULL,
  `process_order` int(11) NOT NULL,
  `created_at` varchar(20) DEFAULT current_timestamp(),
  PRIMARY KEY (`id`)
) ENGINE=InnoDB AUTO_INCREMENT=10 DEFAULT CHARSET=latin5 COLLATE=latin5_turkish_ci;

-- puantoryeni.mission_process_mapping: ~8 rows (yaklaşık) tablosu için veriler indiriliyor
DELETE FROM `mission_process_mapping`;
INSERT INTO `mission_process_mapping` (`id`, `mission_id`, `process_id`, `process_order`, `created_at`) VALUES
	(1, 13, 8, 0, '2024-10-06 11:23:14'),
	(3, 6, 7, 0, '2024-10-06 11:23:36'),
	(4, 6, 4, 0, '2024-10-06 11:23:36'),
	(5, 14, 7, 0, '2024-10-06 11:23:36'),
	(6, 15, 3, 0, '2024-10-06 11:23:36'),
	(7, 22, 1, 0, '2024-10-06 18:52:08'),
	(8, 23, 8, 0, '2024-10-06 20:28:52'),
	(9, 24, 8, 0, '2024-10-06 20:29:35');

-- tablo yapısı dökülüyor puantoryeni.myfirms
CREATE TABLE IF NOT EXISTS `myfirms` (
  `id` int(11) NOT NULL AUTO_INCREMENT,
  `user_id` int(11) NOT NULL DEFAULT 0,
  `firm_name` varchar(255) NOT NULL DEFAULT '0',
  `phone` varchar(255) NOT NULL DEFAULT '0',
  `email` varchar(255) NOT NULL DEFAULT '0',
  `start_budget` float NOT NULL DEFAULT 0,
  `brand_logo` varchar(255) NOT NULL DEFAULT '0',
  `description` varchar(255) NOT NULL DEFAULT '0',
  `created_at` varchar(255) NOT NULL DEFAULT current_timestamp(),
  `deleted_at` varchar(255) NOT NULL DEFAULT '0',
  PRIMARY KEY (`id`)
) ENGINE=InnoDB AUTO_INCREMENT=16 DEFAULT CHARSET=latin5 COLLATE=latin5_turkish_ci;

-- puantoryeni.myfirms: ~10 rows (yaklaşık) tablosu için veriler indiriliyor
DELETE FROM `myfirms`;
INSERT INTO `myfirms` (`id`, `user_id`, `firm_name`, `phone`, `email`, `start_budget`, `brand_logo`, `description`, `created_at`, `deleted_at`) VALUES
	(2, 4, 'BilgeKazaz Bilişim Hizmetleri', '05079432723', 'mbeyazilim@gmail.com', 0, '66e812ce6f957depositphotos_449066958-stock-photo-financial-accounting-logo-financial-logo.jpg', 'yazilim firmamız', '2024-09-16 13:56:22', '0'),
	(4, 4, 'Mbe Yazılım Hizmetleri', '05079432723', 'mbeyazilim@gmail.com', 0, '0', 'yazilim firmamız', '2024-09-16 16:19:02', '0'),
	(8, 60, 'Gokmen İnşaat', '0', '0', 0, '0', '0', '2024-09-23 22:18:25', '0'),
	(9, 61, 'İstanbul Kafe', '0', '0', 0, '0', '0', '2024-09-26 22:29:00', '0'),
	(10, 62, 'Aktaş İnşaat', '0', '0', 0, '0', '0', '2024-09-27 10:06:00', '0'),
	(11, 63, 'Yng Solar Enerji', '0', '0', 0, '0', '0', '2024-09-27 11:57:57', '0'),
	(12, 64, 'Yng Solar Enerji', '0', '0', 0, '0', '0', '2024-09-27 11:59:24', '0'),
	(13, 65, 'Deneme Firma', '0', '0', 0, '0', '0', '2024-09-29 22:50:08', '0'),
	(14, 66, 'İstanbul Kafe', '0', '0', 0, '0', '0', '2024-10-01 13:01:56', '0'),
	(15, 60, 'Solar Enerji', '05079432723', 'beyzade83@hotmail.com', 0, '66ff7cc00f4daLogo-ai.svg', 'Ankara Şantiyesi', '2024-10-04 08:27:28', '0');

-- tablo yapısı dökülüyor puantoryeni.offers
CREATE TABLE IF NOT EXISTS `offers` (
  `id` int(11) NOT NULL AUTO_INCREMENT,
  `offerNumber` varchar(20) DEFAULT NULL,
  `cid` int(11) NOT NULL,
  `company_authors` varchar(255) DEFAULT NULL,
  `total_price` varchar(255) DEFAULT NULL,
  `mycompany` varchar(150) NOT NULL,
  `authors` varchar(50) NOT NULL,
  `regdate` date NOT NULL DEFAULT current_timestamp(),
  `reg_date` varchar(20) CHARACTER SET utf8 COLLATE utf8_turkish_ci DEFAULT NULL,
  `tax` int(7) NOT NULL,
  `creativer` int(11) NOT NULL,
  `notes` text NOT NULL,
  `currency` varchar(11) NOT NULL,
  `statu` int(11) NOT NULL,
  `dollar` float NOT NULL,
  `euro` float NOT NULL,
  `payment_period` varchar(10) DEFAULT NULL,
  `offer_header` int(10) DEFAULT NULL,
  `offer_header_content` text DEFAULT NULL,
  `offer_footer` int(10) DEFAULT NULL,
  `offer_footer_content` text DEFAULT NULL,
  `description` varchar(255) CHARACTER SET utf8 COLLATE utf8_turkish_ci DEFAULT NULL,
  `file` varchar(255) CHARACTER SET utf8 COLLATE utf8_turkish_ci DEFAULT NULL,
  `Kdv` decimal(10,0) DEFAULT NULL,
  `iskonto` decimal(10,0) DEFAULT NULL,
  `subdescription` varchar(255) CHARACTER SET utf8 COLLATE utf8_turkish_ci NOT NULL,
  `buyTotal` float(10,2) DEFAULT NULL,
  `saleTotal` varchar(255) DEFAULT NULL,
  `amountTotal` double(20,2) DEFAULT NULL,
  `curDollar` double(30,4) DEFAULT NULL,
  `curEuro` double(30,4) DEFAULT NULL,
  `DolarTotal` varchar(25) DEFAULT NULL,
  `EuroTotal` varchar(255) DEFAULT NULL,
  `TLTotal` varchar(255) DEFAULT NULL,
  PRIMARY KEY (`id`)
) ENGINE=MyISAM AUTO_INCREMENT=304 DEFAULT CHARSET=utf32 COLLATE=utf32_turkish_ci;

-- puantoryeni.offers: 5 rows tablosu için veriler indiriliyor
DELETE FROM `offers`;
/*!40000 ALTER TABLE `offers` DISABLE KEYS */;
INSERT INTO `offers` (`id`, `offerNumber`, `cid`, `company_authors`, `total_price`, `mycompany`, `authors`, `regdate`, `reg_date`, `tax`, `creativer`, `notes`, `currency`, `statu`, `dollar`, `euro`, `payment_period`, `offer_header`, `offer_header_content`, `offer_footer`, `offer_footer_content`, `description`, `file`, `Kdv`, `iskonto`, `subdescription`, `buyTotal`, `saleTotal`, `amountTotal`, `curDollar`, `curEuro`, `DolarTotal`, `EuroTotal`, `TLTotal`) VALUES
	(300, 'tn0009', 68, 'Mehmet Ali', NULL, '', '', '2024-09-01', NULL, 0, 0, '', '', 0, 0, 0, NULL, NULL, NULL, NULL, NULL, NULL, NULL, NULL, NULL, '', 964.80, NULL, NULL, NULL, NULL, NULL, NULL, NULL),
	(302, 'tn0001', 58, 'Mehmet Ali', NULL, '', '', '2024-09-02', NULL, 0, 0, '', '', 0, 0, 0, NULL, NULL, NULL, NULL, NULL, NULL, NULL, NULL, NULL, '', 1281.60, NULL, NULL, NULL, NULL, NULL, NULL, NULL),
	(303, 'tn0001', 76, 'Mehmet Ali', NULL, '', '', '2024-09-11', NULL, 0, 0, '', '', 0, 0, 0, NULL, NULL, NULL, NULL, NULL, NULL, NULL, NULL, NULL, '', 4968.00, NULL, NULL, NULL, NULL, NULL, NULL, NULL),
	(238, 'TK0007', 93, 'SERDAR BEY', '35.176,68', '', '', '2024-09-04', '04-09-2024', 0, 3, '', 'Döviz Alış', 1, 0, 0, '', 12, 'Sayın talep etmiş olduğunuz ürün/hizmetlere ilişkin fiyat teklifimiz aşağıda bilgilerinize sunulmuştur. Fiyatlarımızın makul gelmesini umut eder, iyi çalışmalar dileriz.', 11, 'TEKLİFİMİZ YUKARIDAKİ GİBİDİR', '', '', 20, 0, '', 1000.00, '29313.90', 20.00, 33.8633, 37.4060, NULL, NULL, NULL),
	(239, 'TK0008', 99, 'İlknur hanım', '12,00', '', '', '2024-09-04', '04-09-2024', 0, 3, '', 'Döviz Alış', 1, 0, 0, '', 12, 'Sayın talep etmiş olduğunuz ürün/hizmetlere ilişkin fiyat teklifimiz aşağıda bilgilerinize sunulmuştur. Fiyatlarımızın makul gelmesini umut eder, iyi çalışmalar dileriz.', 11, 'TEKLİFİMİZ YUKARIDAKİ GİBİDİR', 'Merhaba Ekte teklifimiz yer almaktadır ', '', 20, 0, '', 1.00, '10.00', 1.00, 33.8633, 37.4060, NULL, NULL, NULL);
/*!40000 ALTER TABLE `offers` ENABLE KEYS */;

-- tablo yapısı dökülüyor puantoryeni.offer_products
CREATE TABLE IF NOT EXISTS `offer_products` (
  `id` int(11) NOT NULL AUTO_INCREMENT,
  `xid` int(11) NOT NULL,
  `oid` int(11) NOT NULL,
  `stokKodu` varchar(50) DEFAULT NULL,
  `title` varchar(255) NOT NULL,
  `unit` varchar(255) NOT NULL,
  `amount` varchar(255) NOT NULL,
  `buyprice` double(10,2) DEFAULT NULL,
  `buycur` varchar(20) DEFAULT NULL,
  `saleprice` double(10,2) NOT NULL,
  `salecur` varchar(20) DEFAULT NULL,
  `total_price` double(10,2) NOT NULL,
  `satirno` int(10) DEFAULT NULL,
  PRIMARY KEY (`id`)
) ENGINE=MyISAM AUTO_INCREMENT=631 DEFAULT CHARSET=utf8 COLLATE=utf8_general_ci;

-- puantoryeni.offer_products: 30 rows tablosu için veriler indiriliyor
DELETE FROM `offer_products`;
/*!40000 ALTER TABLE `offer_products` DISABLE KEYS */;
INSERT INTO `offer_products` (`id`, `xid`, `oid`, `stokKodu`, `title`, `unit`, `amount`, `buyprice`, `buycur`, `saleprice`, `salecur`, `total_price`, `satirno`) VALUES
	(630, 76, 303, '', 'FirePro Fire Extinguishing Generator FP-1200', '1', '345', 5.00, '1', 12.00, '1', 0.00, 0),
	(629, 58, 302, '', 'FirePro Fire Extinguishing Generator FP-1200', '1', '89', 5.00, '1', 12.00, '1', 0.00, 0),
	(627, 68, 300, '', 'FirePro Fire Extinguishing Generator FP-1200', '1', '67', 5.00, '1', 12.00, '1', 0.00, 0),
	(628, 0, 301, '', 'FirePro Fire Extinguishing Generator FP-1200', '1', '67', 5.00, '1', 12.00, '1', 0.00, 0),
	(626, 58, 299, '', 'FirePro Fire Extinguishing Generator FP-1200', '1', '56', 5.00, '1', 12.00, '1', 0.00, 0),
	(625, 58, 298, '', 'FirePro Fire Extinguishing Generator FP-1200', '1', '67', 5.00, '1', 12.00, '1', 0.00, 0),
	(624, 58, 297, '', 'FirePro Fire Extinguishing Generator FP-1200', '1', '67', 5.00, '1', 12.00, '1', 0.00, 0),
	(132, 65, 228, '', 'Yangın söndürme Cihazı', 'Kg', '12', 12.00, 'TRY', 100.00, 'TRY', 1200.00, 0),
	(140, 65, 229, '', '12 ton hidrofor', 'Kg', '43', 4.00, 'TRY', 23.00, 'TRY', 989.00, 0),
	(139, 65, 229, '', 'Yangın söndürme Cihazı', 'Kg', '4', 45.00, 'TRY', 45.00, 'TRY', 180.00, 0),
	(623, 58, 296, '', 'FirePro Fire Extinguishing Generator FP-1200', '1', '67', 5.00, '1', 12.00, '1', 0.00, 0),
	(622, 67, 295, '', 'FirePro Fire Extinguishing Generator FP-1200', '1', '67', 5.00, '1', 12.00, '1', 0.00, 0),
	(621, 58, 294, '', 'FirePro Fire Extinguishing Generator FP-1200', '1', '67', 5.00, '1', 12.00, '1', 0.00, 0),
	(620, 58, 293, '', 'FirePro Fire Extinguishing Generator FP-1200', '1', '67', 5.00, '1', 12.00, '1', 0.00, 0),
	(609, 0, 283, '', '', '1', '', 0.00, '1', 0.00, '1', 0.00, 0),
	(610, 0, 284, '', '', '1', '', 0.00, '1', 0.00, '1', 0.00, 0),
	(611, 0, 285, '', '', '1', '', 0.00, '1', 0.00, '1', 0.00, 0),
	(612, 0, 286, '', '', '1', '', 0.00, '1', 0.00, '1', 0.00, 0),
	(608, 58, 282, '334', 'MOTORLU SİREN AS.2 PLASTİK GÖVDE 220V', '1', '89', 0.00, '1', 12.00, '1', 0.00, 2),
	(606, 58, 282, '123', 'FirePro Fire Extinguishing Generator FP-1200', '1', '45', 5.00, '1', 12.00, '1', 0.00, 0),
	(607, 58, 282, 'deneme kod', 'ALGILAMA SİSTEM KONVANSİYONEL HARİCİ LED GÖSTERGESİ', '1', '23', 0.00, '1', 23.00, '1', 0.00, 1),
	(619, 58, 292, '', '', '1', '45', 0.00, '1', 3.00, '1', 0.00, 1),
	(618, 58, 292, '', 'FirePro Fire Extinguishing Generator FP-1200', '1', '4', 5.00, '1', 12.00, '1', 0.00, 0),
	(615, 0, 289, '', '', '1', '', 0.00, '1', 0.00, '1', 0.00, 0),
	(616, 0, 290, '', '', '1', '', 0.00, '1', 0.00, '1', 0.00, 0),
	(617, 0, 291, '', '', '1', '', 0.00, '1', 0.00, '1', 0.00, 0),
	(613, 0, 287, '', '', '1', '', 0.00, '1', 0.00, '1', 0.00, 0),
	(614, 0, 288, '', '', '1', '', 0.00, '1', 0.00, '1', 0.00, 0),
	(576, 93, 238, '', '1 KG ABC TOZLU(MAP40) YANGIN SÖNDÜRME CIHAZI YENI', 'Ad.', '10', 100.00, 'TRY', 500.00, 'TRY', 5000.00, 1),
	(577, 93, 238, '', '1 KG ABC TOZLU(MAP40) YANGIN SÖNDÜRME CIHAZI DOLUM', 'Kg', '10', 100.00, 'TRY', 65.00, 'EUR', 650.00, 2);
/*!40000 ALTER TABLE `offer_products` ENABLE KEYS */;

-- tablo yapısı dökülüyor puantoryeni.persons
CREATE TABLE IF NOT EXISTS `persons` (
  `id` int(255) unsigned NOT NULL AUTO_INCREMENT,
  `firm_id` varchar(25) DEFAULT NULL,
  `full_name` varchar(25) DEFAULT NULL,
  `kimlik_no` bigint(10) DEFAULT NULL,
  `sigorta_no` bigint(10) DEFAULT NULL,
  `phone` varchar(12) DEFAULT NULL,
  `address` varchar(12) DEFAULT NULL,
  `project_id` varchar(255) DEFAULT NULL,
  `company_id` bigint(255) NOT NULL,
  `daily_wages` decimal(20,2) DEFAULT NULL,
  `iban_number` varchar(26) DEFAULT NULL,
  `wage_type` tinyint(1) DEFAULT NULL,
  `job_start_date` varchar(10) NOT NULL,
  `job_end_date` varchar(10) DEFAULT NULL,
  `job` varchar(40) DEFAULT NULL,
  `state` varchar(5) DEFAULT NULL,
  `email` varchar(33) DEFAULT NULL,
  `job_group` varchar(33) DEFAULT NULL,
  PRIMARY KEY (`id`),
  UNIQUE KEY `kimlik_no` (`kimlik_no`),
  UNIQUE KEY `phone` (`phone`)
) ENGINE=InnoDB AUTO_INCREMENT=233 DEFAULT CHARSET=utf8 COLLATE=utf8_general_ci;

-- puantoryeni.persons: ~5 rows (yaklaşık) tablosu için veriler indiriliyor
DELETE FROM `persons`;
INSERT INTO `persons` (`id`, `firm_id`, `full_name`, `kimlik_no`, `sigorta_no`, `phone`, `address`, `project_id`, `company_id`, `daily_wages`, `iban_number`, `wage_type`, `job_start_date`, `job_end_date`, `job`, `state`, `email`, `job_group`) VALUES
	(226, '8', 'Mehmet Ali Gökmen', 32450401910, NULL, '5079432724', '', NULL, 0, 1500.00, NULL, 2, '03.09.2024', NULL, '', NULL, 'beyzade83@gmail.com', '1'),
	(227, '8', 'Ertan Güneş', 11111111111, NULL, '5050105555', '', NULL, 0, 45000.00, NULL, 1, '04.08.2024', NULL, '', NULL, '', ''),
	(229, '8', 'Bilge Kazaz', 25604545854, NULL, '5379433957', '', NULL, 0, 45000.00, NULL, 1, '02.09.2024', NULL, '', NULL, '', ''),
	(230, '8', 'Hakan Soydaş', 12345688898, NULL, '05079432729', 'Esentepe Mah', NULL, 0, 1500.00, NULL, 2, '01.09.2024', NULL, 'Formen', NULL, 'beyzade83@hotmail.com', ''),
	(232, '12', 'Ümüt Ünal', 22222222222, NULL, '05062895098', 'Yenibatı Mah', NULL, 0, 1500.00, NULL, 2, '01.07.2024', NULL, '', NULL, '', '');

-- tablo yapısı dökülüyor puantoryeni.person_daily_wages
CREATE TABLE IF NOT EXISTS `person_daily_wages` (
  `id` int(11) NOT NULL AUTO_INCREMENT,
  `person_id` int(11) DEFAULT NULL,
  `wage_name` varchar(255) DEFAULT NULL,
  `start_date` varchar(8) DEFAULT NULL,
  `end_date` varchar(8) DEFAULT NULL,
  `amount` decimal(20,4) DEFAULT NULL,
  `description` varchar(255) DEFAULT NULL,
  `created_at` datetime DEFAULT current_timestamp(),
  PRIMARY KEY (`id`)
) ENGINE=InnoDB AUTO_INCREMENT=58 DEFAULT CHARSET=latin5 COLLATE=latin5_turkish_ci;

-- puantoryeni.person_daily_wages: ~6 rows (yaklaşık) tablosu için veriler indiriliyor
DELETE FROM `person_daily_wages`;
INSERT INTO `person_daily_wages` (`id`, `person_id`, `wage_name`, `start_date`, `end_date`, `amount`, `description`, `created_at`) VALUES
	(44, 149, 'Güncellendi', '20240912', '20240930', 450.0000, '', '2024-09-22 18:18:01'),
	(51, 149, 'Eylül 2024 Ücret', '20240901', '20240930', 1450.0000, '', '2024-09-22 21:40:34'),
	(52, 223, 'Temmuz ücret', '20240901', '20240930', 1000.0000, '', '2024-09-23 21:50:10'),
	(53, 226, 'Eylül 2024 Ücret', '20240901', '20240930', 1500.0000, '', '2024-09-24 09:16:20'),
	(56, 227, 'dsda', '20240904', '20240918', 256.0000, '', '2024-09-24 15:15:53'),
	(57, 232, 'emmuz', '20240701', '20240731', 1000.0000, '', '2024-09-27 12:10:50');

-- tablo yapısı dökülüyor puantoryeni.products
CREATE TABLE IF NOT EXISTS `products` (
  `id` int(29) NOT NULL AUTO_INCREMENT,
  `urun_adi` varchar(89) DEFAULT NULL,
  `Turu` varchar(10) DEFAULT NULL,
  `TedarikciID` bigint(100) DEFAULT NULL,
  `stok_kodu` varchar(30) DEFAULT NULL,
  `UrunGrubu` varchar(10) DEFAULT NULL,
  `birimi` varchar(20) DEFAULT NULL,
  `alis_fiyati` varchar(10) DEFAULT NULL,
  `alis_para_birimi` varchar(20) DEFAULT NULL,
  `satis_fiyati` varchar(10) DEFAULT NULL,
  `satis_para_birimi` varchar(20) DEFAULT NULL,
  `ExtraMaliyet` varchar(10) DEFAULT NULL,
  `Barkod` varchar(10) DEFAULT NULL,
  `RafKodu` varchar(10) DEFAULT NULL,
  `MinStok` varchar(10) DEFAULT NULL,
  `aciklama` varchar(1000) DEFAULT NULL,
  `Durum` varchar(10) DEFAULT NULL,
  `PersonelID` varchar(10) DEFAULT NULL,
  `OlusturmaTarihi` varchar(10) DEFAULT NULL,
  `Duzenleyen` varchar(10) DEFAULT NULL,
  `DuzenlemeTarihi` varchar(10) DEFAULT NULL,
  PRIMARY KEY (`id`) USING BTREE
) ENGINE=MyISAM AUTO_INCREMENT=387 DEFAULT CHARSET=utf8 COLLATE=utf8_general_ci;

-- puantoryeni.products: 386 rows tablosu için veriler indiriliyor
DELETE FROM `products`;
/*!40000 ALTER TABLE `products` DISABLE KEYS */;
INSERT INTO `products` (`id`, `urun_adi`, `Turu`, `TedarikciID`, `stok_kodu`, `UrunGrubu`, `birimi`, `alis_fiyati`, `alis_para_birimi`, `satis_fiyati`, `satis_para_birimi`, `ExtraMaliyet`, `Barkod`, `RafKodu`, `MinStok`, `aciklama`, `Durum`, `PersonelID`, `OlusturmaTarihi`, `Duzenleyen`, `DuzenlemeTarihi`) VALUES
	(1, 'FirePro Fire Extinguishing Generator FP-1200', '', 0, 'AE0001', '', '1', '56', '2', '45', '1', '', '', '', '', '', '', '', '16.05.2024', '', ''),
	(2, 'FirePro Fire Extinguishing Generator FP-2000', '', 0, 'AE0002', '', '1', '56', '1', '98', '1', '', '', '', '', '', '', '', '16.05.2024', '', ''),
	(3, 'FirePro Fire Extinguishing Generator FP-3000', '', 0, 'AE0003', '', '1', '', '3', '', '3', '', '', '', '', '', '', '', '16.05.2024', '', ''),
	(4, 'FirePro Fire Extinguishing Generator FP-4200', '', 0, 'AE0004', '', '1', '', '3', '', '3', '', '', '', '', '', '', '', '16.05.2024', '', ''),
	(5, 'FirePro Fire Extinguishing Generator FP-5700', '', 0, 'AE0005', '', '1', '', '3', '', '3', '', '', '', '', '', '', '', '16.05.2024', '', ''),
	(6, 'FirePro Sequential Activator - Larger Box (FPSA-38G)', '', 0, 'AE0006', '', '1', '', '3', '', '3', '', '', '', '', '', '', '', '16.05.2024', '', ''),
	(7, 'AYAKLI YSC SEHPASI (METAL)', '', 0, 'AK0001', '', '1', '', '1', '', '1', '', '', '', '', '', '', '', '16.05.2024', '', ''),
	(8, 'AYAKLI YSC SEHPASI (PLASTİK)', '', 0, 'AK0002', '', '1', '', '1', '', '1', '', '', '', '', '', '', '', '16.05.2024', '', ''),
	(9, 'FOTOLÜMENLİ YSC LEVHASI', '', 0, 'AK0007', '', '1', '', '1', '', '1', '', '', '', '', '', '', '', '16.05.2024', '', ''),
	(10, 'FOTOLÜMENSİZ YSC LEVHASI', '', 0, 'AK0008', '', '1', '', '1', '', '1', '', '', '', '', '', '', '', '16.05.2024', '', ''),
	(11, 'HİDROSTATİK CO2 TEST BEDELLERİ (30-45)', '', 0, 'AK0009', '', '1', '', '1', '', '1', '', '', '', '', '', '', '', '16.05.2024', '', ''),
	(12, 'HİDROSTATİK CO2 TEST BEDELLERİ (5-10)', '', 0, 'AK0010', '', '1', '', '1', '', '1', '', '', '', '', '', '', '', '16.05.2024', '', ''),
	(13, 'HİDROSTATİK KKT TEST BEDELLERİ (25-50)', '', 0, 'AK0011', '', '1', '', '1', '', '1', '', '', '', '', '', '', '', '16.05.2024', '', ''),
	(14, 'HİDROSTATİK KKT TEST BEDELLERİ (6-9-12)', '', 0, 'AK0012', '', '1', '', '1', '', '1', '', '', '', '', '', '', '', '16.05.2024', '', ''),
	(15, 'METAL TÜP KABİNİ', '', 0, 'AK0014', '', '1', '', '1', '', '1', '', '', '', '', '', '', '', '16.05.2024', '', ''),
	(16, 'PLASTİK TÜP KABİNİ', '', 0, 'AK0020', '', '1', '', '3', '', '1', '', '', '', '', '', '', '', '16.05.2024', '', ''),
	(17, 'YSC SEHPA - PLASTİK-CO2', '', 0, 'AK0028', '', '1', '', '1', '', '1', '', '', '', '', '', '', '', '16.05.2024', '', ''),
	(18, 'ALGILAMA SİSTEM ADRESLİ PANEL 1 LOOP IRIS TTE 1L', '', 0, 'AL0001', '', '1', '', '3', '', '3', '', '', '', '', '', '', '', '16.05.2024', '', ''),
	(19, 'ALGILAMA SİSTEM ADRESLİ PANEL 2 LOOP IRIS TTE 2L', '', 0, 'AL0002', '', '1', '', '3', '', '3', '', '', '', '', '', '', '', '16.05.2024', '', ''),
	(20, 'ALGILAMA SİSTEM ADRESLİ PANEL 3 LOOP IRIS TTE 3L', '', 0, 'AL0003', '', '1', '', '3', '', '3', '', '', '', '', '', '', '', '16.05.2024', '', ''),
	(21, 'ALGILAMA SİSTEM ADRESLİ PANEL 4 LOOP IRIS TTE 4L', '', 0, 'AL0004', '', '1', '', '3', '', '3', '', '', '', '', '', '', '', '16.05.2024', '', ''),
	(22, 'ALGILAMA SİSTEM ADRESLİ  BUTON SENSOIRIS MCP150', '', 0, 'AL0005', '', '1', '', '3', '', '3', '', '', '', '', '', '', '', '16.05.2024', '', ''),
	(23, 'ALGILAMA SİSTEM ADRESLİ GAZ DEDEKTÖRÜ SENSOIRIS GAS', '', 0, 'AL0006', '', '1', '', '3', '', '3', '', '', '', '', '', '', '', '16.05.2024', '', ''),
	(24, 'ALGILAMA SİSTEM ADRESLİ  IRISH LOOP TTE LOOP GENİŞLETİCİ', '', 0, 'AL0007', '', '1', '', '3', '', '3', '', '', '', '', '', '', '', '16.05.2024', '', ''),
	(25, 'ALGILAMA SİSTEM ADRESLİ  ISI DEDEKTÖRÜ SENSOIRIS T110', '', 0, 'AL0008', '', '1', '', '3', '', '3', '', '', '', '', '', '', '', '16.05.2024', '', ''),
	(26, 'ALGILAMA SİSTEM ADRESLİ  İZALATÖRLÜ ISI DEDEKTÖRÜ SENSOIRIS T110IS', '', 0, 'AL0009', '', '1', '', '3', '', '1', '', '', '', '', '', '', '', '16.05.2024', '', ''),
	(27, 'ALGILAMA SİSTEM ADRESLİ  İZALATÖRLÜ KOMBİNE ISI VE OPTİK DUMAN DEDEKTÖRÜ SENSOIRIS M140IS', '', 0, 'AL0010', '', '1', '', '3', '', '1', '', '', '', '', '', '', '', '16.05.2024', '', ''),
	(28, 'ALGILAMA SİSTEM ADRESLİ  İZALATÖRLÜ OPTİK DUMAN DEDEKTÖRÜ SENSOIRIS S130IS', '', 0, 'AL0011', '', '1', '', '3', '', '1', '', '', '', '', '', '', '', '16.05.2024', '', ''),
	(29, 'ALGILAMA SİSTEM ADRESLİ  KOMBİNE ISI VE OPTİK DUMAN DEDEKTÖRÜ SENSOIRIS M140', '', 0, 'AL0012', '', '1', '', '3', '', '3', '', '', '', '', '', '', '', '16.05.2024', '', ''),
	(30, 'ALGILAMA SİSTEM ADRESLİ  NETWORK KARTI', '', 0, 'AL0013', '', '1', '', '3', '', '3', '', '', '', '', '', '', '', '16.05.2024', '', ''),
	(31, 'ALGILAMA SİSTEM ADRESLİ  OPTİK DUMAN DEDEKTÖRÜ SENSOIRIS S130', '', 0, 'AL0014', '', '1', '', '3', '', '3', '', '', '', '', '', '', '', '16.05.2024', '', ''),
	(32, 'ALGILAMA SİSTEM ADRESLİ  REPEATER', '', 0, 'AL0015', '', '1', '', '3', '', '3', '', '', '', '', '', '', '', '16.05.2024', '', ''),
	(33, 'ALGILAMA SİSTEM ADRESLİ  STANDART TABAN SENSOIRIS B124', '', 0, 'AL0016', '', '1', '', '3', '', '3', '', '', '', '', '', '', '', '16.05.2024', '', ''),
	(34, 'ALGILAMA SİSTEM KONVANSİYONEL AKÜ 12 V 24 AH / KURU TİPİ', '', 0, 'AL0017', '', '1', '', '3', '', '3', '', '', '', '', '', '', '', '16.05.2024', '', ''),
	(35, 'ALGILAMA SİSTEM KONVANSİYONEL BEAM DEDEKTÖR', '', 0, 'AL0018', '', '1', '', '3', '', '3', '', '', '', '', '', '', '', '16.05.2024', '', ''),
	(36, 'ALGILAMA SİSTEM KONVANSİYONEL BEAM DEDEKTÖR YANSITICI', '', 0, 'AL0019', '', '1', '', '3', '', '1', '', '', '', '', '', '', '', '16.05.2024', '', ''),
	(37, 'ALGILAMA SİSTEM KONVANSİYONEL BUTON KAPAĞI CALLPOINT COVER SET 5', '', 0, 'AL0020', '', '1', '', '3', '', '3', '', '', '', '', '', '', '', '16.05.2024', '', ''),
	(38, 'ALGILAMA SİSTEM KONVANSİYONEL BUTON SENSOMAG MCP50', '', 0, 'AL0021', '', '1', '', '3', '', '3', '', '', '', '', '', '', '', '16.05.2024', '', ''),
	(39, 'ALGILAMA SİSTEM KONVANSİYONEL HARİCİ LED GÖSTERGESİ', '', 0, 'AL0022', '', '1', '', '3', '', '1', '', '', '', '', '', '', '', '16.05.2024', '', ''),
	(40, 'ALGILAMA SİSTEM KONVANSİYONEL ISI ARTIŞ HIZI DEDEKTÖRÜ SENSOMAG R20', '', 0, 'AL0023', '', '1', '', '3', '', '3', '', '', '', '', '', '', '', '16.05.2024', '', ''),
	(41, 'ALGILAMA SİSTEM KONVANSİYONEL KOMBİNE DEDEKTÖRÜ SENSOMAG M40', '', 0, 'AL0024', '', '1', '', '3', '', '3', '', '', '', '', '', '', '', '16.05.2024', '', ''),
	(42, 'ALGILAMA SİSTEM KONVANSİYONEL OPTİK DUMAN DEDEKTÖRÜ SENSOMAG S30', '', 0, 'AL0025', '', '1', '', '3', '', '3', '', '', '', '', '', '', '', '16.05.2024', '', ''),
	(43, 'ALGILAMA SİSTEM KONVANSİYONEL PANEL MAG 2P', '', 0, 'AL0026', '', '1', '', '3', '', '3', '', '', '', '', '', '', '', '16.05.2024', '', ''),
	(44, 'ALGILAMA SİSTEM KONVANSİYONEL PANEL MAG 4P', '', 0, 'AL0027', '', '1', '', '3', '', '3', '', '', '', '', '', '', '', '16.05.2024', '', ''),
	(45, 'ALGILAMA SİSTEM KONVANSİYONEL PANEL MAG 8P', '', 0, 'AL0028', '', '1', '', '3', '', '3', '', '', '', '', '', '', '', '16.05.2024', '', ''),
	(46, 'ALGILAMA SİSTEM KONVANSİYONEL PANEL MAG 8PLUS', '', 0, 'AL0029', '', '1', '', '3', '', '3', '', '', '', '', '', '', '', '16.05.2024', '', ''),
	(47, 'ALGILAMA SİSTEM KONVANSİYONEL PANEL MAG 8PLUS 12 ZONE', '', 0, 'AL0030', '', '1', '', '3', '', '3', '', '', '', '', '', '', '', '16.05.2024', '', ''),
	(48, 'ALGILAMA SİSTEM KONVANSİYONEL PANEL MAG 8PLUS 16 ZONE', '', 0, 'AL0031', '', '1', '', '3', '', '3', '', '', '', '', '', '', '', '16.05.2024', '', ''),
	(49, 'ALGILAMA SİSTEM KONVANSİYONEL SABİT ISI DEDEKTÖRÜ SENSOMAG F10', '', 0, 'AL0032', '', '1', '', '3', '', '3', '', '', '', '', '', '', '', '16.05.2024', '', ''),
	(50, 'ALGILAMA SİSTEM KONVANSİYONEL STANDART TABAN B24', '', 0, 'AL0033', '', '1', '', '3', '', '3', '', '', '', '', '', '', '', '16.05.2024', '', ''),
	(51, 'ALGILAMA SİSTEM KONVANSİYONEL SU SENSÖRÜ S101', '', 0, 'AL0034', '', '1', '', '3', '', '1', '', '', '', '', '', '', '', '16.05.2024', '', ''),
	(52, 'ALGILAMA SİSTEM KONVANSİYONEL ZONE GENİŞLETME MODÜLÜ: ME4', '', 0, 'AL0035', '', '1', '', '3', '', '3', '', '', '', '', '', '', '', '16.05.2024', '', ''),
	(53, 'ALGILAMA SİSTEM SİREN SF 50', '', 0, 'AL0036', '', '1', '', '3', '', '3', '', '', '', '', '', '', '', '16.05.2024', '', ''),
	(54, 'MOTORLU SİREN AS.1 METAL GÖVDE 220V', '', 0, 'AL0037', '', '1', '', '3', '', '3', '', '', '', '', '', '', '', '16.05.2024', '', ''),
	(55, 'MOTORLU SİREN AS.2 PLASTİK GÖVDE 220V', '', 0, 'AL0038', '', '1', '', '1', '', '1', '', '', '', '', '', '', '', '16.05.2024', '', ''),
	(56, 'OTOMATİK SÖNDÜRME PANELİ-TELETEK', '', 0, 'AL0039', '', '1', '', '3', '', '3', '', '', '', '', '', '', '', '16.05.2024', '', ''),
	(57, 'ALGILAMA SİSTEM ADRESLİ SensoIRIS MINP', '', 0, 'AL0040', '', '1', '', '3', '', '3', '', '', '', '', '', '', '', '16.05.2024', '', ''),
	(58, 'WÖLLER W510T ASMA TAVAN TİPİ HOPARLÖR', '', 0, 'AN0001', '', '1', '', '2', '', '1', '', '', '', '', '', '', '', '16.05.2024', '', ''),
	(59, 'WÖLLER W730 HORN TİPİ HOPARLÖR', '', 0, 'AN0002', '', '1', '', '2', '', '1', '', '', '', '', '', '', '', '16.05.2024', '', ''),
	(60, 'WÖLLER W3100 ACİL ANONS MODÜLÜ', '', 0, 'AN0003', '', '1', '', '2', '', '1', '', '', '', '', '', '', '', '16.05.2024', '', ''),
	(61, 'WÖLLER W3300 300 WATT 3 BÖLGELİ POWER MİKSER ANFİ', '', 0, 'AN0004', '', '1', '', '2', '', '1', '', '', '', '', '', '', '', '16.05.2024', '', ''),
	(62, 'WÖLLER W55 MASA ÜSTÜ ANONS MİKROFONU', '', 0, 'AN0005', '', '1', '', '2', '', '1', '', '', '', '', '', '', '', '16.05.2024', '', ''),
	(63, '1 KG TÜP-BOŞ-BOYALI', '', 0, 'AT0001', '', '1', '', '1', '', '1', '', '', '', '', '', '', '', '16.05.2024', '', ''),
	(64, '1 KG TÜP-BOŞ-BOYALI -TAM TAKIM', '', 0, 'AT0002', '', '1', '', '1', '', '1', '', '', '', '', '', '', '', '16.05.2024', '', ''),
	(65, '10 KG CO2 HORTUM-LANS', '', 0, 'AT0003', '', '1', '', '1', '', '1', '', '', '', '', '', '', '', '16.05.2024', '', ''),
	(66, '12 KG SPRİNKER BOŞ TAM TAKIM', '', 0, 'AT0004', '', '1', '', '1', '', '1', '', '', '', '', '', '', '', '16.05.2024', '', ''),
	(67, '12 KG TÜP-BOŞ-BOYALI', '', 0, 'AT0005', '', '1', '', '1', '', '1', '', '', '', '', '', '', '', '16.05.2024', '', ''),
	(68, '12KG TÜP-BOŞ-BOYALI -TAM TAKIM', '', 0, 'AT0006', '', '1', '', '1', '', '1', '', '', '', '', '', '', '', '16.05.2024', '', ''),
	(69, '2 KG TÜP-BOŞ-BOYALI', '', 0, 'AT0007', '', '1', '', '1', '', '1', '', '', '', '', '', '', '', '16.05.2024', '', ''),
	(70, '2 KG TÜP-BOŞ-BOYALI -TAM TAKIM', '', 0, 'AT0008', '', '1', '', '1', '', '1', '', '', '', '', '', '', '', '16.05.2024', '', ''),
	(71, '25 KG TÜP-BOŞ-BOYALI', '', 0, 'AT0009', '', '1', '', '1', '', '1', '', '', '', '', '', '', '', '16.05.2024', '', ''),
	(72, '25 KG TÜP-BOŞ-BOYALI -TAM TAKIM', '', 0, 'AT0010', '', '1', '', '1', '', '1', '', '', '', '', '', '', '', '16.05.2024', '', ''),
	(73, '25-50 KG KKT EMNİYET SİBOPLU VANA', '', 0, 'AT0011', '', '1', '', '1', '', '1', '', '', '', '', '', '', '', '16.05.2024', '', ''),
	(74, '25-50 SLİKONLU CONTA', '', 0, 'AT0012', '', '1', '', '1', '', '1', '', '', '', '', '', '', '', '16.05.2024', '', ''),
	(75, '30 KG CO2 HORTUM-LANS', '', 0, 'AT0013', '', '1', '', '1', '', '1', '', '', '', '', '', '', '', '16.05.2024', '', ''),
	(76, '30-45 KG CO2 VANA', '', 0, 'AT0014', '', '1', '', '1', '', '1', '', '', '', '', '', '', '', '16.05.2024', '', ''),
	(77, '4 KG TÜP-BOŞ-BOYALI', '', 0, 'AT0015', '', '1', '', '1', '', '1', '', '', '', '', '', '', '', '16.05.2024', '', ''),
	(78, '4 KG TÜP-BOŞ-BOYALI -TAM TAKIM', '', 0, 'AT0016', '', '1', '', '1', '', '1', '', '', '', '', '', '', '', '16.05.2024', '', ''),
	(79, '5 KG CO2 HORTUM-LANS', '', 0, 'AT0017', '', '1', '', '1', '', '1', '', '', '', '', '', '', '', '16.05.2024', '', ''),
	(80, '5 KG CO2 SİFON', '', 0, 'AT0018', '', '1', '', '1', '', '1', '', '', '', '', '', '', '', '16.05.2024', '', ''),
	(81, '5 KG CO2 TETİK', '', 0, 'AT0019', '', '1', '', '1', '', '1', '', '', '', '', '', '', '', '16.05.2024', '', ''),
	(82, '50 KG TÜP-BOŞ-BOYALI', '', 0, 'AT0020', '', '1', '', '1', '', '1', '', '', '', '', '', '', '', '16.05.2024', '', ''),
	(83, '50 KG TÜP-BOŞ-BOYALI -TAM TAKIM', '', 0, 'AT0021', '', '1', '', '1', '', '1', '', '', '', '', '', '', '', '16.05.2024', '', ''),
	(84, '5-10 KG CO2 VANA', '', 0, 'AT0022', '', '1', '', '1', '', '1', '', '', '', '', '', '', '', '16.05.2024', '', ''),
	(85, '6 / 12 KG İÇİN SLİKONLU CONTA', '', 0, 'AT0023', '', '1', '', '1', '', '1', '', '', '', '', '', '', '', '16.05.2024', '', ''),
	(86, '6 / 12 RENKLİ BOĞAZ', '', 0, 'AT0024', '', '1', '', '1', '', '1', '', '', '', '', '', '', '', '16.05.2024', '', ''),
	(87, '6 KG SPRİNKER BOŞ TAM TAKIM', '', 0, 'AT0025', '', '1', '', '1', '', '1', '', '', '', '', '', '', '', '16.05.2024', '', ''),
	(88, '6 KG TÜP-BOŞ-BOYALI', '', 0, 'AT0026', '', '1', '', '1', '', '1', '', '', '', '', '', '', '', '16.05.2024', '', ''),
	(89, '6 KG TÜP-BOŞ-BOYALI -TAM TAKIM', '', 0, 'AT0027', '', '1', '', '1', '', '1', '', '', '', '', '', '', '', '16.05.2024', '', ''),
	(90, '6 LIK METAL PİM', '', 0, 'AT0028', '', '1', '', '1', '', '1', '', '', '', '', '', '', '', '16.05.2024', '', ''),
	(91, '9 KG TÜP-BOŞ-BOYALI -TAM TAKIM', '', 0, 'AT0029', '', '1', '', '1', '', '1', '', '', '', '', '', '', '', '16.05.2024', '', ''),
	(92, 'ASKILIK 6-12', '', 0, 'AT0030', '', '1', '', '1', '', '1', '', '', '', '', '', '', '', '16.05.2024', '', ''),
	(93, 'ASKILIK PLASTİK 1 KG', '', 0, 'AT0031', '', '1', '', '1', '', '1', '', '', '', '', '', '', '', '16.05.2024', '', ''),
	(94, 'ASKILIK PLASTİK 2 KG', '', 0, 'AT0032', '', '1', '', '1', '', '1', '', '', '', '', '', '', '', '16.05.2024', '', ''),
	(95, 'CO2 SIZDIRMAZLIK CONTASI', '', 0, 'AT0033', '', '1', '', '1', '', '1', '', '', '', '', '', '', '', '16.05.2024', '', ''),
	(96, 'HORTUM KLİPSİ', '', 0, 'AT0034', '', '1', '', '1', '', '1', '', '', '', '', '', '', '', '16.05.2024', '', ''),
	(97, 'LANS 1-2 KG KKT', '', 0, 'AT0035', '', '1', '', '1', '', '1', '', '', '', '', '', '', '', '16.05.2024', '', ''),
	(98, 'LANS 25-50 KG KKT', '', 0, 'AT0036', '', '1', '', '1', '', '1', '', '', '', '', '', '', '', '16.05.2024', '', ''),
	(99, 'LANS 25-50 KG KÖPÜKLÜ', '', 0, 'AT0037', '', '1', '', '1', '', '1', '', '', '', '', '', '', '', '16.05.2024', '', ''),
	(100, 'LANS 6-12 KG KKT', '', 0, 'AT0038', '', '1', '', '1', '', '1', '', '', '', '', '', '', '', '16.05.2024', '', ''),
	(101, 'MANOMETRE', '', 0, 'AT0039', '', '1', '', '1', '', '1', '', '', '', '', '', '', '', '16.05.2024', '', ''),
	(102, 'PLASTİK SARI MÜHÜR', '', 0, 'AT0040', '', '1', '', '1', '', '1', '', '', '', '', '', '', '', '16.05.2024', '', ''),
	(103, 'SİFON 10 KG CO2', '', 0, 'AT0041', '', '1', '', '1', '', '1', '', '', '', '', '', '', '', '16.05.2024', '', ''),
	(104, 'SİFON 2 LİK', '', 0, 'AT0042', '', '1', '', '1', '', '1', '', '', '', '', '', '', '', '16.05.2024', '', ''),
	(105, 'SİFON 25LİK', '', 0, 'AT0043', '', '1', '', '1', '', '1', '', '', '', '', '', '', '', '16.05.2024', '', ''),
	(106, 'SİFON 30 KG CO3', '', 0, 'AT0044', '', '1', '', '1', '', '1', '', '', '', '', '', '', '', '16.05.2024', '', ''),
	(107, 'SİFON 45 KG CO4', '', 0, 'AT0045', '', '1', '', '1', '', '1', '', '', '', '', '', '', '', '16.05.2024', '', ''),
	(108, 'SİFON 50 LİK', '', 0, 'AT0046', '', '1', '', '1', '', '1', '', '', '', '', '', '', '', '16.05.2024', '', ''),
	(109, 'SİFON 6 LİK', '', 0, 'AT0047', '', '1', '', '1', '', '1', '', '', '', '', '', '', '', '16.05.2024', '', ''),
	(110, 'TEKERLEK 25-50', '', 0, 'AT0048', '', '1', '', '1', '', '1', '', '', '', '', '', '', '', '16.05.2024', '', ''),
	(111, 'TETİK 1-2 KG YSC EMNİYET VENTİLLİ-ÇİFT SİBOPLU', '', 0, 'AT0049', '', '1', '', '1', '', '1', '', '', '', '', '', '', '', '16.05.2024', '', ''),
	(112, 'TETİK 6 KG YSC EMNİYET VENTİLLİ-ÇİFT SİBOPLU', '', 0, 'AT0050', '', '1', '', '1', '', '1', '', '', '', '', '', '', '', '16.05.2024', '', ''),
	(113, 'YÜZÜK - 2 LİK', '', 0, 'AT0051', '', '1', '', '1', '', '1', '', '', '', '', '', '', '', '16.05.2024', '', ''),
	(114, 'HORTUM 25-50', '', 0, 'AT0052', '', '1', '', '1', '', '1', '', '', '', '', '', '', '', '16.05.2024', '', ''),
	(115, 'HORTUM 6-12', '', 0, 'AT0053', '', '1', '', '1', '', '1', '', '', '', '', '', '', '', '16.05.2024', '', ''),
	(116, 'ARMATÜR EXIT SABİT CT 180 DK', '', 0, 'AY0001', '', '1', '', '3', '', '3', '', '', '', '', '', '', '', '16.05.2024', '', ''),
	(117, 'ARMATÜR EXIT SAĞ-SOL CT 180 DK', '', 0, 'AY0002', '', '1', '', '3', '', '3', '', '', '', '', '', '', '', '16.05.2024', '', ''),
	(118, 'ARMATÜR Z-LİTE ORTAM AYDINLATMA', '', 0, 'AY0003', '', '1', '', '3', '', '3', '', '', '', '', '', '', '', '16.05.2024', '', ''),
	(119, 'ARMATÜR-S LITE 30CM 180 DK EKO', '', 0, 'AY0004', '', '1', '', '1', '', '1', '', '', '', '', '', '', '', '16.05.2024', '', ''),
	(120, 'ARMATÜR-TWINLIGHT ECO 2X4,5 180 DK', '', 0, 'AY0005', '', '1', '', '2', '', '1', '', '', '', '', '', '', '', '16.05.2024', '', ''),
	(121, 'ARMATÜR-Z-LİTE S-1901 SÜREKLİ 180 DK 20 LED', '', 0, 'AY0006', '', '1', '', '1', '', '1', '', '', '', '', '', '', '', '16.05.2024', '', ''),
	(122, 'DAVLUMBAZ SİLİNDİR 1,5 GL', '', 0, 'DV0001', '', '1', '', '1', '', '1', '', '', '', '', '', '', '', '16.05.2024', '', ''),
	(123, 'DAVLUMBAZ SİLİNDİR 3,0 GL', '', 0, 'DV0002', '', '1', '', '1', '', '1', '', '', '', '', '', '', '', '16.05.2024', '', ''),
	(124, 'DAVLUMBAZ SİLİNDİR 4,6 GL', '', 0, 'DV0003', '', '1', '', '1', '', '1', '', '', '', '', '', '', '', '16.05.2024', '', ''),
	(125, 'DAVLUMBAZ SİLİNDİR 6,0 GL', '', 0, 'DV0004', '', '1', '', '1', '', '1', '', '', '', '', '', '', '', '16.05.2024', '', ''),
	(126, 'DAVLUMBAZ SİSTEM NOZULU', '', 0, 'DV0005', '', '1', '', '3', '', '3', '', '', '', '', '', '', '', '16.05.2024', '', ''),
	(127, 'DAVLUMBAZ SÖNDÜRME SİSTEMİ MONTAJ İŞÇİLİĞİ-PASLANMAZ BORU-FİTTİNGS-SARF MALZEMELER', '', 0, 'DV0006', '', '1', '', '3', '', '3', '', '', '', '', '', '', '', '16.05.2024', '', ''),
	(128, 'DAVLUMBAZ SÖNDÜRME SİSTEMİ TASARIM HESABI-DEVREYE ALMA-SÜPERVİZYON', '', 0, 'DV0007', '', '1', '', '1', '', '1', '', '', '', '', '', '', '', '16.05.2024', '', ''),
	(129, 'DAVLUMBAZ TÜP ASKI APARATI', '', 0, 'DV0008', '', '1', '', '3', '', '3', '', '', '', '', '', '', '', '16.05.2024', '', ''),
	(130, 'DEDEKTÖR BAĞLANTI KİTİ', '', 0, 'DV0009', '', '1', '', '3', '', '3', '', '', '', '', '', '', '', '16.05.2024', '', ''),
	(131, 'DEŞARJ HORTUMU VE KELEPÇESİ', '', 0, 'DV0010', '', '1', '', '1', '', '1', '', '', '', '', '', '', '', '16.05.2024', '', ''),
	(132, 'ÇELİK TEL VE KLİPSLER', '', 0, 'DV0011', '', '4', '', '3', '', '3', '', '', '', '', '', '', '', '16.05.2024', '', ''),
	(133, 'KONTROL BAŞLIĞI', '', 0, 'DV0012', '', '1', '', '3', '', '3', '', '', '', '', '', '', '', '16.05.2024', '', ''),
	(134, 'MAKARALI DİRSEK', '', 0, 'DV0013', '', '1', '', '3', '', '3', '', '', '', '', '', '', '', '16.05.2024', '', ''),
	(135, 'ERİYEBİLEN METAL DEDEKTÖR 182°C', '', 0, 'DV0014', '', '1', '', '3', '', '3', '', '', '', '', '', '', '', '16.05.2024', '', ''),
	(136, 'FM200 SİLİNDİRİ 14Lt  (T-PED ONAYLI)', '', 0, 'FM0001', '', '1', '', '3', '', '3', '', '', '', '', '', '', '', '16.05.2024', '', ''),
	(137, 'FM200 SİLİNDİRİ 27Lt  (T-PED ONAYLI)', '', 0, 'FM0002', '', '1', '', '3', '', '3', '', '', '', '', '', '', '', '16.05.2024', '', ''),
	(138, 'FM200 SİLİNDİRİ 45Lt  (T-PED ONAYLI)', '', 0, 'FM0003', '', '1', '', '3', '', '3', '', '', '', '', '', '', '', '16.05.2024', '', ''),
	(139, 'FM200 SİLİNDİRİ 83Lt  (T-PED ONAYLI)', '', 0, 'FM0004', '', '1', '', '3', '', '3', '', '', '', '', '', '', '', '16.05.2024', '', ''),
	(140, 'FM200 SİLİNDİRİ 120Lt  (T-PED ONAYLI)', '', 0, 'FM0005', '', '1', '', '3', '', '3', '', '', '', '', '', '', '', '16.05.2024', '', ''),
	(141, 'FM200 SİLİNDİRİ 149Lt  (T-PED ONAYLI)', '', 0, 'FM0006', '', '1', '', '3', '', '3', '', '', '', '', '', '', '', '16.05.2024', '', ''),
	(142, 'FM200 SİLİNDİRİ 180Lt  (T-PED ONAYLI)', '', 0, 'FM0007', '', '1', '', '3', '', '3', '', '', '', '', '', '', '', '16.05.2024', '', ''),
	(143, 'HFC 227EA(FM200) GAZ', '', 0, 'FM0008', '', '1', '', '3', '', '3', '', '', '', '', '', '', '', '16.05.2024', '', ''),
	(144, 'FM200 SÖNDÜRME SİSTEMİ MÜHENDİSLİK-TEST-DEVREYE ALMA-İŞÇİLİK', '', 0, 'FM0009', '', '1', '', '1', '', '1', '', '', '', '', '', '', '', '16.05.2024', '', ''),
	(145, 'FM200 GAZLI SÖNDÜRME SİSTEMİ', '', 0, 'FM0010', '', '1', '', '1', '', '1', '', '', '', '', '', '', '', '16.05.2024', '', ''),
	(146, '360° FM200 GAZ NOZULU', '', 0, 'FM0011', '', '1', '', '3', '', '3', '', '', '', '', '', '', '', '16.05.2024', '', ''),
	(147, 'HORTUM 1" 20 METRE', '', 0, 'HR0001', '', '1', '', '1', '', '1', '', '', '', '', '', '', '', '16.05.2024', '', ''),
	(148, 'HORTUM 1" 25 METRE', '', 0, 'HR0002', '', '1', '', '1', '', '1', '', '', '', '', '', '', '', '16.05.2024', '', ''),
	(149, 'HORTUM 1"30 METRE', '', 0, 'HR0003', '', '1', '', '1', '', '1', '', '', '', '', '', '', '', '16.05.2024', '', ''),
	(150, 'HORTUM 2" BEZ 25 METRE 2 1/2" RAKORLU', '', 0, 'HR0004', '', '1', '', '1', '', '1', '', '', '', '', '', '', '', '16.05.2024', '', ''),
	(151, 'HORTUM 2" BEZ 25 METRE 2" RAKORLU', '', 0, 'HR0005', '', '1', '', '1', '', '1', '', '', '', '', '', '', '', '16.05.2024', '', ''),
	(152, 'HORTUM 2" BEZ 2O METRE 2 1/2" RAKORLU', '', 0, 'HR0006', '', '1', '', '1', '', '1', '', '', '', '', '', '', '', '16.05.2024', '', ''),
	(153, 'HORTUM 2" BEZ 2O METRE 2" RAKORLU', '', 0, 'HR0007', '', '1', '', '1', '', '1', '', '', '', '', '', '', '', '16.05.2024', '', ''),
	(154, 'HORTUM 2" BEZ 3O METRE 2 1/2" RAKORLU', '', 0, 'HR0008', '', '1', '', '1', '', '1', '', '', '', '', '', '', '', '16.05.2024', '', ''),
	(155, 'HORTUM 2" BEZ 3O METRE 2" RAKORLU', '', 0, 'HR0009', '', '1', '', '1', '', '1', '', '', '', '', '', '', '', '16.05.2024', '', ''),
	(156, 'KABLO ALARM J-H(St)….Lg 1 x 2 x 0,80', '', 0, 'KB0001', '', '4', '', '3', '', '3', '', '', '', '', '', '', '', '16.05.2024', '', ''),
	(157, 'KABLO ALARM J-H(St)….Lg 2 x 2 x 0,80', '', 0, 'KB0002', '', '4', '', '3', '', '3', '', '', '', '', '', '', '', '16.05.2024', '', ''),
	(158, 'KABLO ALARM J-Y(St)….Lg 1 x 2 x 0,80', '', 0, 'KB0003', '', '4', '', '1', '', '1', '', '', '', '', '', '', '', '16.05.2024', '', ''),
	(159, 'KABLO ALARM J-Y(St)….Lg 1 x 2 x 1,00', '', 0, 'KB0004', '', '4', '', '3', '', '3', '', '', '', '', '', '', '', '16.05.2024', '', ''),
	(160, 'KABLO ALARM J-Y(St)….Lg 1 x 2 x 1,20', '', 0, 'KB0005', '', '4', '', '3', '', '3', '', '', '', '', '', '', '', '16.05.2024', '', ''),
	(161, 'KABLO ALARM J-Y(St)….Lg 1 x 2 x 1,50', '', 0, 'KB0006', '', '4', '', '3', '', '3', '', '', '', '', '', '', '', '16.05.2024', '', ''),
	(162, 'KABLO ALARM J-Y(St)….Lg 2 x 2 x 0,80', '', 0, 'KB0007', '', '4', '', '3', '', '3', '', '', '', '', '', '', '', '16.05.2024', '', ''),
	(163, 'KABLO KANALI 16X16 YAPIŞKANLI', '', 0, 'KB0008', '', '4', '', '1', '', '1', '', '', '', '', '', '', '', '16.05.2024', '', ''),
	(164, 'KABLO KANALI 16X25 YAPIŞKANLI', '', 0, 'KB0009', '', '4', '', '3', '', '3', '', '', '', '', '', '', '', '16.05.2024', '', ''),
	(165, 'KABLO KANALI 25X40 YAPIŞKANLI', '', 0, 'KB0010', '', '4', '', '1', '', '1', '', '', '', '', '', '', '', '16.05.2024', '', ''),
	(166, 'KABLO KANALI 40X60 YAPIŞKANLI', '', 0, 'KB0011', '', '4', '', '1', '', '1', '', '', '', '', '', '', '', '16.05.2024', '', ''),
	(167, 'KABLO 2X0,75 TTR', '', 0, 'KB0012', '', '4', '', '1', '', '1', '', '', '', '', '', '', '', '16.05.2024', '', ''),
	(168, 'KABLO 2X1,0 TTR', '', 0, 'KB0013', '', '4', '', '1', '', '1', '', '', '', '', '', '', '', '16.05.2024', '', ''),
	(169, 'KABLO 2X1,5 TTR', '', 0, 'KB0014', '', '4', '', '1', '', '1', '', '', '', '', '', '', '', '16.05.2024', '', ''),
	(170, 'KABLO 3X0,75 TTR', '', 0, 'KB0015', '', '4', '', '1', '', '1', '', '', '', '', '', '', '', '16.05.2024', '', ''),
	(171, 'KABLO 3X1,5 TTR', '', 0, 'KB0016', '', '4', '', '1', '', '1', '', '', '', '', '', '', '', '16.05.2024', '', ''),
	(172, 'SPİRAL BORU 18 LİK PLASTİK SİYAH', '', 0, 'KB0017', '', '4', '', '1', '', '1', '', '', '', '', '', '', '', '16.05.2024', '', ''),
	(173, 'SPİRAL BORU 4 LİK PLASTİK SİYAH', '', 0, 'KB0018', '', '4', '', '1', '', '1', '', '', '', '', '', '', '', '16.05.2024', '', ''),
	(174, 'AFFF %1 KÖPÜK KONSANTRESİ', '', 0, 'KM0004', '', '3', '', '1', '', '1', '', '', '', '', '', '', '', '16.05.2024', '', ''),
	(175, 'AFFF %3 KÖPÜK KONSANTRESİ', '', 0, 'KM0005', '', '3', '', '1', '', '1', '', '', '', '', '', '', '', '16.05.2024', '', ''),
	(176, 'AFFF %6 KÖPÜK KONSANTRESİ', '', 0, 'KM0006', '', '3', '', '1', '', '1', '', '', '', '', '', '', '', '16.05.2024', '', ''),
	(177, 'AZOT GAZI', '', 0, 'KM0012', '', '3', '', '1', '', '1', '', '', '', '', '', '', '', '16.05.2024', '', ''),
	(178, 'BIOVERSAL %1 KÖPÜK KONSANTRESİ', '', 0, 'KM0013', '', '3', '', '1', '', '1', '', '', '', '', '', '', '', '16.05.2024', '', ''),
	(179, 'BIOVERSAL %3 KÖPÜK KONSANTRESİ', '', 0, 'KM0014', '', '3', '', '1', '', '1', '', '', '', '', '', '', '', '16.05.2024', '', ''),
	(180, 'BIOVERSAL %6 KÖPÜK KONSANTRESİ', '', 0, 'KM0015', '', '3', '', '1', '', '1', '', '', '', '', '', '', '', '16.05.2024', '', ''),
	(181, 'BİYOLOJİK %1 KÖPÜK KONSANTRESİ', '', 0, 'KM0016', '', '3', '', '1', '', '1', '', '', '', '', '', '', '', '16.05.2024', '', ''),
	(182, 'BİYOLOJİK %3 KÖPÜK KONSANTRESİ', '', 0, 'KM0017', '', '3', '', '1', '', '1', '', '', '', '', '', '', '', '16.05.2024', '', ''),
	(183, 'BİYOLOJİK %6 KÖPÜK KONSANTRESİ', '', 0, 'KM0018', '', '3', '', '1', '', '1', '', '', '', '', '', '', '', '16.05.2024', '', ''),
	(184, 'BOYA TİNERİ İNTERSEL 10 KG', '', 0, 'KM0020', '', '3', '', '1', '', '1', '', '', '', '', '', '', '', '16.05.2024', '', ''),
	(185, 'CO2 GAZI', '', 0, 'KM0022', '', '3', '', '1', '', '3', '', '', '', '', '', '', '', '16.05.2024', '', ''),
	(186, 'D TİPİ TOZ', '', 0, 'KM0026', '', '2', '', '1', '', '1', '', '', '', '', '', '', '', '16.05.2024', '', ''),
	(187, 'FM200 GAZI', '', 0, 'KM0033', '', '2', '', '1', '', '1', '', '', '', '', '', '', '', '16.05.2024', '', ''),
	(188, 'MAP 40 İTHAL', '', 0, 'KM0064', '', '2', '', '1', '', '1', '', '', '', '', '', '', '', '16.05.2024', '', ''),
	(189, 'MAP 40 YERLİ', '', 0, 'KM0065', '', '2', '', '1', '', '1', '', '', '', '', '', '', '', '16.05.2024', '', ''),
	(190, 'MAP 90 İTHAL', '', 0, 'KM0066', '', '2', '', '1', '', '1', '', '', '', '', '', '', '', '16.05.2024', '', ''),
	(191, 'MAP 90 YERLİ', '', 0, 'KM0067', '', '2', '', '1', '', '1', '', '', '', '', '', '', '', '16.05.2024', '', ''),
	(192, '1/2” BOŞALTMA HORTUMU', '', 0, 'MK0001', '', '1', '', '3', '', '3', '', '', '', '', '', '', '', '16.05.2024', '', ''),
	(193, '1 ” HİDROLİK FİTTİNGS 350 BAR', '', 0, 'MK0002', '', '1', '', '3', '', '3', '', '', '', '', '', '', '', '16.05.2024', '', ''),
	(194, '1 ” SCH 40 BORU', '', 0, 'MK0003', '', '4', '', '3', '', '3', '', '', '', '', '', '', '', '16.05.2024', '', ''),
	(195, '1 1/2” HİDROLİK FİTTİNGS 350 BAR', '', 0, 'MK0004', '', '1', '', '3', '', '3', '', '', '', '', '', '', '', '16.05.2024', '', ''),
	(196, '1 1/2” SCH 40 BORU', '', 0, 'MK0005', '', '4', '', '3', '', '3', '', '', '', '', '', '', '', '16.05.2024', '', ''),
	(197, '2" HİDROLİK FİTTİNGS 350 BAR', '', 0, 'MK0006', '', '1', '', '3', '', '3', '', '', '', '', '', '', '', '16.05.2024', '', ''),
	(198, '2" KOLLEKTÖR', '', 0, 'MK0007', '', '1', '', '1', '', '3', '', '', '', '', '', '', '', '16.05.2024', '', ''),
	(199, '2” SCH 40 BORU', '', 0, 'MK0008', '', '4', '', '3', '', '3', '', '', '', '', '', '', '', '16.05.2024', '', ''),
	(200, '3/8” PNOMATİK TAHRİK HORTUMU', '', 0, 'MK0009', '', '1', '', '3', '', '3', '', '', '', '', '', '', '', '16.05.2024', '', ''),
	(201, '3” KOLLEKTÖR', '', 0, 'MK0010', '', '1', '', '1', '', '3', '', '', '', '', '', '', '', '16.05.2024', '', ''),
	(202, 'İTFAİYE BAĞLANTI AĞZI 4" 2 1/2"-2 1/2"', '', 0, 'MK0011', '', '1', '', '1', '', '1', '', '', '', '', '', '', '', '16.05.2024', '', ''),
	(203, 'İTFAİYE SU ALMA AĞZI 2" RAKORLU', '', 0, 'MK0012', '', '1', '', '1', '', '1', '', '', '', '', '', '', '', '16.05.2024', '', ''),
	(204, '20 LİK YANMAZ BORU VE FİTTİNGS', '', 0, 'MK0013', '', '4', '', '1', '', '1', '', '', '', '', '', '', '', '16.05.2024', '', ''),
	(205, 'ARA BAĞLANTI HORTUMU 1” VANALI', '', 0, 'MK0017', '', '1', '', '1', '', '1', '', '', '', '', '', '', '', '16.05.2024', '', ''),
	(206, 'ARA BAĞLANTI HORTUMU 2"KUYRUKLU RAKORLU', '', 0, 'MK0018', '', '1', '', '1', '', '1', '', '', '', '', '', '', '', '16.05.2024', '', ''),
	(207, 'DOLAP KİLİDİ', '', 0, 'MK0025', '', '1', '', '1', '', '1', '', '', '', '', '', '', '', '16.05.2024', '', ''),
	(208, 'DUVARA MONTAJ KELEPÇESİ', '', 0, 'MK0027', '', '1', '', '1', '', '1', '', '', '', '', '', '', '', '16.05.2024', '', ''),
	(209, 'HİDRANT ANAHTARI', '', 0, 'MK0034', '', '1', '', '1', '', '1', '', '', '', '', '', '', '', '16.05.2024', '', ''),
	(210, 'HİDRANT DOLABI TURBO NOZUL', '', 0, 'MK0035', '', '1', '', '1', '', '1', '', '', '', '', '', '', '', '16.05.2024', '', ''),
	(211, 'KÖPÜK MELANJÖRÜ 1”', '', 0, 'MK0052', '', '1', '', '1', '', '1', '', '', '', '', '', '', '', '16.05.2024', '', ''),
	(212, 'KÖPÜK MELANJÖRÜ 2 1/2"', '', 0, 'MK0053', '', '1', '', '1', '', '1', '', '', '', '', '', '', '', '16.05.2024', '', ''),
	(213, 'KÖPÜK MELANJÖRÜ 2"', '', 0, 'MK0054', '', '1', '', '1', '', '1', '', '', '', '', '', '', '', '16.05.2024', '', ''),
	(214, 'KÖPÜK MELANJÖRÜ 3"', '', 0, 'MK0055', '', '1', '', '1', '', '1', '', '', '', '', '', '', '', '16.05.2024', '', ''),
	(215, 'PİLOT SİLİNDİR', '', 0, 'MK0069', '', '1', '', '3', '', '3', '', '', '', '', '', '', '', '16.05.2024', '', ''),
	(216, 'PİLOT SİLİNDİR-ROTAREX', '', 0, 'MK0070', '', '1', '', '3', '', '3', '', '', '', '', '', '', '', '16.05.2024', '', ''),
	(217, 'RAKOR ALMAN TİPİ 1"', '', 0, 'MK0073', '', '1', '', '1', '', '1', '', '', '', '', '', '', '', '16.05.2024', '', ''),
	(218, 'RAKOR ALMAN TİPİ 2 1/2"', '', 0, 'MK0074', '', '1', '', '1', '', '1', '', '', '', '', '', '', '', '16.05.2024', '', ''),
	(219, 'RAKOR ALMAN TİPİ 2"', '', 0, 'MK0075', '', '1', '', '1', '', '1', '', '', '', '', '', '', '', '16.05.2024', '', ''),
	(220, 'RAKOR REDÜKSİYON 2-2,5', '', 0, 'MK0076', '', '1', '', '1', '', '1', '', '', '', '', '', '', '', '16.05.2024', '', ''),
	(221, 'SİLİNDİR BAĞLANTI SETİ', '', 0, 'MK0081', '', '1', '', '3', '', '3', '', '', '', '', '', '', '', '16.05.2024', '', ''),
	(222, 'SİS NOZUL', '', 0, 'MK0083', '', '1', '', '1', '', '1', '', '', '', '', '', '', '', '16.05.2024', '', ''),
	(223, 'VANA 2" KÜRESEL', '', 0, 'MK0089', '', '1', '', '1', '', '1', '', '', '', '', '', '', '', '16.05.2024', '', ''),
	(224, '24V DC SOLENOİD KUMANDALI VANA', '', 0, 'OT0001', '', '1', '', '1', '', '1', '', '', '', '', '', '', '', '16.05.2024', '', ''),
	(225, 'CO2 NOZUL', '', 0, 'OT0006', '', '1', '', '3', '', '3', '', '', '', '', '', '', '', '16.05.2024', '', ''),
	(226, 'CO2 SİLİNDİR TAŞIYICI METAL KARKAS', '', 0, 'OT0007', '', '1', '', '3', '', '3', '', '', '', '', '', '', '', '16.05.2024', '', ''),
	(227, 'DÜŞÜK BASINÇ SWİTCH', '', 0, 'OT0010', '', '1', '', '1', '', '1', '', '', '', '', '', '', '', '16.05.2024', '', ''),
	(228, 'GÜÇ KAYNAĞI 24 V', '', 0, 'OT0015', '', '1', '', '1', '', '1', '', '', '', '', '', '', '', '16.05.2024', '', ''),
	(229, 'ISI KONTROL CİHAZI GÖSTERGE PANEL KUTUSU', '', 0, 'OT0023', '', '1', '', '3', '', '3', '', '', '', '', '', '', '', '16.05.2024', '', ''),
	(230, 'ISI KONTROL CİHAZI PT100 1R 230Vac 77X35', '', 0, 'OT0024', '', '1', '', '1', '', '1', '', '', '', '', '', '', '', '16.05.2024', '', ''),
	(231, 'İZOLE PLASTİK PANO KORUYUCU', '', 0, 'OT0026', '', '1', '', '3', '', '3', '', '', '', '', '', '', '', '16.05.2024', '', ''),
	(232, 'MANUEL ACTUATOR', '', 0, 'OT0033', '', '1', '', '1', '', '1', '', '', '', '', '', '', '', '16.05.2024', '', ''),
	(233, 'MANUEL BAŞLATMA BUTONU', '', 0, 'OT0034', '', '1', '', '3', '', '3', '', '', '', '', '', '', '', '16.05.2024', '', ''),
	(234, 'MANUEL DURDURMA BUTONU', '', 0, 'OT0036', '', '1', '', '3', '', '3', '', '', '', '', '', '', '', '16.05.2024', '', ''),
	(235, 'ÖZEL CO2 SİLİNDİR KORUMA DOLABI(RAL3020 TOZ BOYALI-ÇİFT KAPAK)', '', 0, 'OT0044', '', '1', '', '3', '', '3', '', '', '', '', '', '', '', '16.05.2024', '', ''),
	(236, 'PNOMATİK-MANUEL CO2 VALF', '', 0, 'OT0046', '', '1', '', '1', '', '1', '', '', '', '', '', '', '', '16.05.2024', '', ''),
	(237, 'SELENOİD VALF 1/4 0-50 BAR', '', 0, 'OT0048', '', '1', '', '1', '', '1', '', '', '', '', '', '', '', '16.05.2024', '', ''),
	(238, 'TELEFON İHBAR MODÜLÜ', '', 0, 'OT0055', '', '1', '', '3', '', '3', '', '', '', '', '', '', '', '16.05.2024', '', ''),
	(239, 'TERMOKUPL KAFALI 1XPT100 ÇAP 6mm BOY 25cm REKORLU', '', 0, 'OT0056', '', '1', '', '1', '', '1', '', '', '', '', '', '', '', '16.05.2024', '', ''),
	(240, '1 KG HFC 227EA (FM200) GAZLI PANO İÇİ SÖNDÜRME SİSTEMİ', '', 0, 'PI0001', '', '1', '', '3', '', '3', '', '', '', '', '', '', '', '16.05.2024', '', ''),
	(241, '2 KG HFC 227EA (FM200) GAZLI PANO İÇİ SÖNDÜRME SİSTEMİ', '', 0, 'PI0002', '', '1', '', '3', '', '3', '', '', '', '', '', '', '', '16.05.2024', '', ''),
	(242, '4 KG HFC 227EA (FM200) GAZLI PANO İÇİ SÖNDÜRME SİSTEMİ', '', 0, 'PI0003', '', '1', '', '3', '', '3', '', '', '', '', '', '', '', '16.05.2024', '', ''),
	(243, '6 KG HFC 227EA (FM200) GAZLI PANO İÇİ SÖNDÜRME SİSTEMİ', '', 0, 'PI0004', '', '1', '', '3', '', '3', '', '', '', '', '', '', '', '16.05.2024', '', ''),
	(244, 'PANO İÇİ 1-2 SÖNDÜRME BAŞLIĞI', '', 0, 'PI0005', '', '1', '', '1', '', '1', '', '', '', '', '', '', '', '16.05.2024', '', ''),
	(245, 'PANO İÇİ 6-12 SÖNDÜRME BAŞLIĞI', '', 0, 'PI0006', '', '1', '', '1', '', '1', '', '', '', '', '', '', '', '16.05.2024', '', ''),
	(246, 'PANO İÇİ SONLANDIRMA', '', 0, 'PI0007', '', '1', '', '1', '', '1', '', '', '', '', '', '', '', '16.05.2024', '', ''),
	(247, 'PANO İÇİ SPİRAL HORTUM TUTUCU', '', 0, 'PI0008', '', '1', '', '1', '', '1', '', '', '', '', '', '', '', '16.05.2024', '', ''),
	(248, 'PANO İÇİ SÜPER PUL', '', 0, 'PI0009', '', '1', '', '1', '', '1', '', '', '', '', '', '', '', '16.05.2024', '', ''),
	(249, 'PANO İÇİ TUBİNG', '', 0, 'PI0010', '', '1', '', '1', '', '1', '', '', '', '', '', '', '', '16.05.2024', '', ''),
	(250, '1 KG PANO İÇİ MONTAJ İŞÇİLİĞİ', '', 0, 'PI0011', '', '1', '', '3', '', '3', '', '', '', '', '', '', '', '16.05.2024', '', ''),
	(251, '2 KG PANO İÇİ MONTAJ İŞÇİLİĞİ', '', 0, 'PI0012', '', '1', '', '3', '', '3', '', '', '', '', '', '', '', '16.05.2024', '', ''),
	(252, '4 KG PANO İÇİ MONTAJ İŞÇİLİĞİ', '', 0, 'PI0013', '', '1', '', '3', '', '3', '', '', '', '', '', '', '', '16.05.2024', '', ''),
	(253, '6 KG PANO İÇİ MONTAJ İŞÇİLİĞİ', '', 0, 'PI0014', '', '1', '', '3', '', '3', '', '', '', '', '', '', '', '16.05.2024', '', ''),
	(254, '1 KG ABC TOZLU(MAP40) YANGIN SÖNDÜRME CİHAZI DOLUM', '', 0, 'TD0001', '', '1', '', '1', '', '1', '', '', '', '', '', '', '', '16.05.2024', '', ''),
	(255, '2 KG ABC TOZLU(MAP40) YANGIN SÖNDÜRME CİHAZI DOLUM', '', 0, 'TD0002', '', '1', '', '3', '', '3', '', '', '', '', '', '', '', '16.05.2024', '', ''),
	(256, '4 KG ABC TOZLU(MAP40) YANGIN SÖNDÜRME CİHAZI DOLUM', '', 0, 'TD0003', '', '1', '', '1', '', '1', '', '', '', '', '', '', '', '16.05.2024', '', ''),
	(257, '6 KG ABC TOZLU(MAP40) YANGIN SÖNDÜRME CİHAZI DOLUM', '', 0, 'TD0004', '', '1', '', '1', '', '1', '', '', '', '', '', '', '', '16.05.2024', '', ''),
	(258, '9 KG ABC TOZLU(MAP40) YANGIN SÖNDÜRME CİHAZI DOLUM', '', 0, 'TD0005', '', '1', '', '1', '', '1', '', '', '', '', '', '', '', '16.05.2024', '', ''),
	(259, '12 KG ABC TOZLU(MAP40) YANGIN SÖNDÜRME CİHAZI DOLUM', '', 0, 'TD0006', '', '1', '', '1', '', '1', '', '', '', '', '', '', '', '16.05.2024', '', ''),
	(260, '25 KG ABC TOZLU(MAP40) YANGIN SÖNDÜRME CİHAZI DOLUM', '', 0, 'TD0007', '', '1', '', '1', '', '1', '', '', '', '', '', '', '', '16.05.2024', '', ''),
	(261, '50 KG ABC TOZLU(MAP40) YANGIN SÖNDÜRME CİHAZI DOLUM', '', 0, 'TD0008', '', '1', '', '1', '', '1', '', '', '', '', '', '', '', '16.05.2024', '', ''),
	(262, '1 KG ABC TOZLU(MAP90) YANGIN SÖNDÜRME CİHAZI DOLUM', '', 0, 'TD0009', '', '1', '', '1', '', '1', '', '', '', '', '', '', '', '16.05.2024', '', ''),
	(263, '2 KG ABC TOZLU(MAP90) YANGIN SÖNDÜRME CİHAZI DOLUM', '', 0, 'TD0010', '', '1', '', '1', '', '1', '', '', '', '', '', '', '', '16.05.2024', '', ''),
	(264, '4 KG ABC TOZLU(MAP90) YANGIN SÖNDÜRME CİHAZI DOLUM', '', 0, 'TD0011', '', '1', '', '1', '', '1', '', '', '', '', '', '', '', '16.05.2024', '', ''),
	(265, '6 KG ABC TOZLU(MAP90) YANGIN SÖNDÜRME CİHAZI DOLUM', '', 0, 'TD0012', '', '1', '', '1', '', '1', '', '', '', '', '', '', '', '16.05.2024', '', ''),
	(266, '9 KG ABC TOZLU(MAP90) YANGIN SÖNDÜRME CİHAZI DOLUM', '', 0, 'TD0013', '', '1', '', '1', '', '1', '', '', '', '', '', '', '', '16.05.2024', '', ''),
	(267, '12 KG ABC TOZLU(MAP90) YANGIN SÖNDÜRME CİHAZI DOLUM', '', 0, 'TD0014', '', '1', '', '1', '', '1', '', '', '', '', '', '', '', '16.05.2024', '', ''),
	(268, '25 KG ABC TOZLU(MAP90) YANGIN SÖNDÜRME CİHAZI DOLUM', '', 0, 'TD0015', '', '1', '', '1', '', '1', '', '', '', '', '', '', '', '16.05.2024', '', ''),
	(269, '50 KG ABC TOZLU(MAP90) YANGIN SÖNDÜRME CİHAZI DOLUM', '', 0, 'TD0016', '', '1', '', '1', '', '1', '', '', '', '', '', '', '', '16.05.2024', '', ''),
	(270, '2 KG CO2 GAZLI YANGIN SÖNDÜRME CİHAZI DOLUM', '', 0, 'TD0017', '', '1', '', '1', '', '1', '', '', '', '', '', '', '', '16.05.2024', '', ''),
	(271, '5 KG CO2 GAZLI YANGIN SÖNDÜRME CİHAZI DOLUM', '', 0, 'TD0018', '', '1', '', '1', '', '1', '', '', '', '', '', '', '', '16.05.2024', '', ''),
	(272, '10 KG CO2 GAZLI YANGIN SÖNDÜRME CİHAZI DOLUM', '', 0, 'TD0019', '', '1', '', '1', '', '1', '', '', '', '', '', '', '', '16.05.2024', '', ''),
	(273, '30 KG CO2 GAZLI YANGIN SÖNDÜRME CİHAZI DOLUM', '', 0, 'TD0020', '', '1', '', '1', '', '1', '', '', '', '', '', '', '', '16.05.2024', '', ''),
	(274, '45 KG CO2 GAZLI YANGIN SÖNDÜRME CİHAZI DOLUM', '', 0, 'TD0021', '', '1', '', '1', '', '1', '', '', '', '', '', '', '', '16.05.2024', '', ''),
	(275, '2 KG KÖPÜKLÜ YANGIN SÖNDÜRME CİHAZI DOLUM', '', 0, 'TD0022', '', '1', '', '1', '', '1', '', '', '', '', '', '', '', '16.05.2024', '', ''),
	(276, '4 KG KÖPÜKLÜ YANGIN SÖNDÜRME CİHAZI DOLUM', '', 0, 'TD0023', '', '1', '', '1', '', '1', '', '', '', '', '', '', '', '16.05.2024', '', ''),
	(277, '6 KG KÖPÜKLÜ YANGIN SÖNDÜRME CİHAZI DOLUM', '', 0, 'TD0024', '', '1', '', '1', '', '1', '', '', '', '', '', '', '', '16.05.2024', '', ''),
	(278, '9 KG KÖPÜKLÜ YANGIN SÖNDÜRME CİHAZI DOLUM', '', 0, 'TD0025', '', '1', '', '1', '', '1', '', '', '', '', '', '', '', '16.05.2024', '', ''),
	(279, '12 KG KÖPÜKLÜ YANGIN SÖNDÜRME CİHAZI DOLUM', '', 0, 'TD0026', '', '1', '', '1', '', '1', '', '', '', '', '', '', '', '16.05.2024', '', ''),
	(280, '25 KG KÖPÜKLÜ YANGIN SÖNDÜRME CİHAZI DOLUM', '', 0, 'TD0027', '', '1', '', '1', '', '1', '', '', '', '', '', '', '', '16.05.2024', '', ''),
	(281, '50 KG KÖPÜKLÜ YANGIN SÖNDÜRME CİHAZI DOLUM', '', 0, 'TD0028', '', '1', '', '1', '', '1', '', '', '', '', '', '', '', '16.05.2024', '', ''),
	(282, '1 KG BİYOLOJİK KÖPÜKLÜ YANGIN SÖNDÜRME CİHAZI DOLUM', '', 0, 'TD0029', '', '1', '', '1', '', '1', '', '', '', '', '', '', '', '16.05.2024', '', ''),
	(283, '2 KG BİYOLOJİK KÖPÜKLÜ YANGIN SÖNDÜRME CİHAZI DOLUM', '', 0, 'TD0030', '', '1', '', '1', '', '1', '', '', '', '', '', '', '', '16.05.2024', '', ''),
	(284, '4 KG BİYOLOJİK KÖPÜKLÜ YANGIN SÖNDÜRME CİHAZI DOLUM', '', 0, 'TD0031', '', '1', '', '1', '', '1', '', '', '', '', '', '', '', '16.05.2024', '', ''),
	(285, '6 KG BİYOLOJİK KÖPÜKLÜ YANGIN SÖNDÜRME CİHAZI DOLUM', '', 0, 'TD0032', '', '1', '', '1', '', '1', '', '', '', '', '', '', '', '16.05.2024', '', ''),
	(286, '9 KG BİYOLOJİK KÖPÜKLÜ YANGIN SÖNDÜRME CİHAZI DOLUM', '', 0, 'TD0033', '', '1', '', '1', '', '1', '', '', '', '', '', '', '', '16.05.2024', '', ''),
	(287, '12 KG BİYOLOJİK KÖPÜKLÜ YANGIN SÖNDÜRME CİHAZI DOLUM', '', 0, 'TD0034', '', '1', '', '1', '', '1', '', '', '', '', '', '', '', '16.05.2024', '', ''),
	(288, '25 KG BİYOLOJİK KÖPÜKLÜ YANGIN SÖNDÜRME CİHAZI DOLUM', '', 0, 'TD0035', '', '1', '', '1', '', '1', '', '', '', '', '', '', '', '16.05.2024', '', ''),
	(289, '50 KG BİYOLOJİK KÖPÜKLÜ YANGIN SÖNDÜRME CİHAZI DOLUM', '', 0, 'TD0036', '', '1', '', '1', '', '1', '', '', '', '', '', '', '', '16.05.2024', '', ''),
	(290, '2 LT BİOVERSAL İÇERİKLİ YANGIN SÖNDÜRME CİHAZI DOLUM', '', 0, 'TD0037', '', '1', '', '1', '', '1', '', '', '', '', '', '', '', '16.05.2024', '', ''),
	(291, '6 LT BİOVERSAL İÇERİKLİ YANGIN SÖNDÜRME CİHAZI DOLUM', '', 0, 'TD0039', '', '1', '', '1', '', '1', '', '', '', '', '', '', '', '16.05.2024', '', ''),
	(292, '9 LT BİOVERSAL İÇERİKLİ YANGIN SÖNDÜRME CİHAZI DOLUM', '', 0, 'TD0040', '', '1', '', '1', '', '1', '', '', '', '', '', '', '', '16.05.2024', '', ''),
	(293, '25 LT BİOVERSAL İÇERİKLİ YANGIN SÖNDÜRME CİHAZI DOLUM', '', 0, 'TD0041', '', '1', '', '1', '', '1', '', '', '', '', '', '', '', '16.05.2024', '', ''),
	(294, '50 LT BİOVERSAL İÇERİKLİ YANGIN SÖNDÜRME CİHAZI DOLUM', '', 0, 'TD0042', '', '1', '', '1', '', '1', '', '', '', '', '', '', '', '16.05.2024', '', ''),
	(295, '12 KG SPRİNKER ABC %40 TOZLU CİHAZ DOLUM', '', 0, 'TD0043', '', '1', '', '1', '', '1', '', '', '', '', '', '', '', '16.05.2024', '', ''),
	(296, '12 KG SPRİNKER KÖPÜKLÜ CİHAZ DOLUM', '', 0, 'TD0044', '', '1', '', '1', '', '1', '', '', '', '', '', '', '', '16.05.2024', '', ''),
	(297, '6 KG SPRİNKER ABC %40 TOZLU CİHAZ DOLUM', '', 0, 'TD0045', '', '1', '', '1', '', '1', '', '', '', '', '', '', '', '16.05.2024', '', ''),
	(298, '6 KG SPRİNKER KÖPÜKLÜ CİHAZ DOLUM', '', 0, 'TD0046', '', '1', '', '1', '', '1', '', '', '', '', '', '', '', '16.05.2024', '', ''),
	(299, '1 KG ABC TOZLU(MAP40) YANGIN SÖNDÜRME CİHAZI YENİ', '', 0, 'TY0001', '', '1', '', '1', '', '3', '', '', '', '', '', '', '', '16.05.2024', '', ''),
	(300, '2 KG ABC TOZLU(MAP40) YANGIN SÖNDÜRME CİHAZI YENİ', '', 0, 'TY0002', '', '1', '', '1', '', '3', '', '', '', '', '', '', '', '16.05.2024', '', ''),
	(301, '4 KG ABC TOZLU(MAP40) YANGIN SÖNDÜRME CİHAZI YENİ', '', 0, 'TY0003', '', '1', '', '1', '', '3', '', '', '', '', '', '', '', '16.05.2024', '', ''),
	(302, '6 KG ABC TOZLU(MAP40) YANGIN SÖNDÜRME CİHAZI YENİ', '', 0, 'TY0004', '', '1', '', '1', '', '3', '', '', '', '', '', '', '', '16.05.2024', '', ''),
	(303, '9 KG ABC TOZLU(MAP40) YANGIN SÖNDÜRME CİHAZI YENİ', '', 0, 'TY0005', '', '1', '', '1', '', '3', '', '', '', '', '', '', '', '16.05.2024', '', ''),
	(304, '12 KG ABC TOZLU(MAP40) YANGIN SÖNDÜRME CİHAZI YENİ', '', 0, 'TY0006', '', '1', '', '1', '', '3', '', '', '', '', '', '', '', '16.05.2024', '', ''),
	(305, '25 KG ABC TOZLU(MAP40) YANGIN SÖNDÜRME CİHAZI YENİ', '', 0, 'TY0007', '', '1', '', '1', '', '3', '', '', '', '', '', '', '', '16.05.2024', '', ''),
	(306, '50 KG ABC TOZLU(MAP40) YANGIN SÖNDÜRME CİHAZI YENİ', '', 0, 'TY0008', '', '1', '', '1', '', '1', '', '', '', '', '', '', '', '16.05.2024', '', ''),
	(307, '1 KG ABC TOZLU(MAP90) YANGIN SÖNDÜRME CİHAZI YENİ', '', 0, 'TY0009', '', '1', '', '1', '', '1', '', '', '', '', '', '', '', '16.05.2024', '', ''),
	(308, '2 KG ABC TOZLU(MAP90) YANGIN SÖNDÜRME CİHAZI YENİ', '', 0, 'TY0010', '', '1', '', '1', '', '1', '', '', '', '', '', '', '', '16.05.2024', '', ''),
	(309, '4 KG ABC TOZLU(MAP90) YANGIN SÖNDÜRME CİHAZI YENİ', '', 0, 'TY0011', '', '1', '', '1', '', '1', '', '', '', '', '', '', '', '16.05.2024', '', ''),
	(310, '6 KG ABC TOZLU(MAP90) YANGIN SÖNDÜRME CİHAZI YENİ', '', 0, 'TY0012', '', '1', '', '1', '', '1', '', '', '', '', '', '', '', '16.05.2024', '', ''),
	(311, '9 KG ABC TOZLU(MAP90) YANGIN SÖNDÜRME CİHAZI YENİ', '', 0, 'TY0013', '', '1', '', '1', '', '1', '', '', '', '', '', '', '', '16.05.2024', '', ''),
	(312, '12 KG ABC TOZLU(MAP90) YANGIN SÖNDÜRME CİHAZI YENİ', '', 0, 'TY0014', '', '1', '', '1', '', '1', '', '', '', '', '', '', '', '16.05.2024', '', ''),
	(313, '25 KG ABC TOZLU(MAP90) YANGIN SÖNDÜRME CİHAZI YENİ', '', 0, 'TY0015', '', '1', '', '1', '', '1', '', '', '', '', '', '', '', '16.05.2024', '', ''),
	(314, '50 KG ABC TOZLU(MAP90) YANGIN SÖNDÜRME CİHAZI YENİ', '', 0, 'TY0016', '', '1', '', '1', '', '1', '', '', '', '', '', '', '', '16.05.2024', '', ''),
	(315, '2 KG CO2 GAZLI YANGIN SÖNDÜRME CİHAZI', '', 0, 'TY0017', '', '1', '', '1', '', '1', '', '', '', '', '', '', '', '16.05.2024', '', ''),
	(316, '5 KG CO2 GAZLI YANGIN SÖNDÜRME CİHAZI', '', 0, 'TY0018', '', '1', '', '1', '', '2', '', '', '', '', '', '', '', '16.05.2024', '', ''),
	(317, '10 KG CO2 GAZLI YANGIN SÖNDÜRME CİHAZI', '', 0, 'TY0019', '', '1', '', '1', '', '2', '', '', '', '', '', '', '', '16.05.2024', '', ''),
	(318, '10 KG CO2 GAZLI YANGIN SÖNDÜRME CİHAZI(ARABALI)', '', 0, 'TY0020', '', '1', '', '2', '', '2', '', '', '', '', '', '', '', '16.05.2024', '', ''),
	(319, '30 KG CO2 GAZLI YANGIN SÖNDÜRME CİHAZI', '', 0, 'TY0021', '', '1', '', '2', '', '2', '', '', '', '', '', '', '', '16.05.2024', '', ''),
	(320, '45 KG CO2 GAZLI YANGIN SÖNDÜRME CİHAZI-VANALI', '', 0, 'TY0022', '', '1', '', '2', '', '2', '', '', '', '', '', '', '', '16.05.2024', '', ''),
	(321, '45 KG CO2 GAZLI YANGIN SÖNDÜRME CİHAZI PNOMATİK VALFLİ-TPED', '', 0, 'TY0023', '', '1', '', '3', '', '3', '', '', '', '', '', '', '', '16.05.2024', '', ''),
	(322, '2 KG KÖPÜKLÜ YANGIN SÖNDÜRME CİHAZI YENİ', '', 0, 'TY0024', '', '1', '', '1', '', '1', '', '', '', '', '', '', '', '16.05.2024', '', ''),
	(323, '4 KG KÖPÜKLÜ YANGIN SÖNDÜRME CİHAZI YENİ', '', 0, 'TY0025', '', '1', '', '1', '', '1', '', '', '', '', '', '', '', '16.05.2024', '', ''),
	(324, '6 KG KÖPÜKLÜ YANGIN SÖNDÜRME CİHAZI YENİ', '', 0, 'TY0026', '', '1', '', '1', '', '1', '', '', '', '', '', '', '', '16.05.2024', '', ''),
	(325, '9 KG KÖPÜKLÜ YANGIN SÖNDÜRME CİHAZI YENİ', '', 0, 'TY0027', '', '1', '', '1', '', '1', '', '', '', '', '', '', '', '16.05.2024', '', ''),
	(326, '12 KG KÖPÜKLÜ YANGIN SÖNDÜRME CİHAZI YENİ', '', 0, 'TY0028', '', '1', '', '1', '', '1', '', '', '', '', '', '', '', '16.05.2024', '', ''),
	(327, '25 KG KÖPÜKLÜ YANGIN SÖNDÜRME CİHAZI YENİ', '', 0, 'TY0029', '', '1', '', '1', '', '1', '', '', '', '', '', '', '', '16.05.2024', '', ''),
	(328, '50 KG KÖPÜKLÜ YANGIN SÖNDÜRME CİHAZI YENİ', '', 0, 'TY0030', '', '1', '', '1', '', '1', '', '', '', '', '', '', '', '16.05.2024', '', ''),
	(329, '1 KG BİYOLOJİK KÖPÜKLÜ YANGIN SÖNDÜRME CİHAZI YENİ', '', 0, 'TY0031', '', '1', '', '1', '', '1', '', '', '', '', '', '', '', '16.05.2024', '', ''),
	(330, '2 KG BİYOLOJİK KÖPÜKLÜ YANGIN SÖNDÜRME CİHAZI YENİ', '', 0, 'TY0032', '', '1', '', '1', '', '1', '', '', '', '', '', '', '', '16.05.2024', '', ''),
	(331, '4 KG BİYOLOJİK KÖPÜKLÜ YANGIN SÖNDÜRME CİHAZI YENİ', '', 0, 'TY0033', '', '1', '', '1', '', '1', '', '', '', '', '', '', '', '16.05.2024', '', ''),
	(332, '6 KG BİYOLOJİK KÖPÜKLÜ YANGIN SÖNDÜRME CİHAZI YENİ', '', 0, 'TY0034', '', '1', '', '1', '', '1', '', '', '', '', '', '', '', '16.05.2024', '', ''),
	(333, '9 KG BİYOLOJİK KÖPÜKLÜ YANGIN SÖNDÜRME CİHAZI YENİ', '', 0, 'TY0035', '', '1', '', '1', '', '1', '', '', '', '', '', '', '', '16.05.2024', '', ''),
	(334, '12 KG BİYOLOJİK KÖPÜKLÜ YANGIN SÖNDÜRME CİHAZI YENİ', '', 0, 'TY0036', '', '1', '', '1', '', '1', '', '', '', '', '', '', '', '16.05.2024', '', ''),
	(335, '25 KG BİYOLOJİK KÖPÜKLÜ YANGIN SÖNDÜRME CİHAZI YENİ', '', 0, 'TY0037', '', '1', '', '1', '', '1', '', '', '', '', '', '', '', '16.05.2024', '', ''),
	(336, '50 KG BİYOLOJİK KÖPÜKLÜ YANGIN SÖNDÜRME CİHAZI YENİ', '', 0, 'TY0038', '', '1', '', '1', '', '1', '', '', '', '', '', '', '', '16.05.2024', '', ''),
	(337, '6 KG SPRİNKER KÖPÜKLÜ CİHAZ', '', 0, 'TY0039', '', '1', '', '1', '', '1', '', '', '', '', '', '', '', '16.05.2024', '', ''),
	(338, '6 KG SPRİNKER ABC %40 TOZLU CİHAZ', '', 0, 'TY0040', '', '1', '', '1', '', '1', '', '', '', '', '', '', '', '16.05.2024', '', ''),
	(339, '12 KG SPRİNKER AFFF KÖPÜKLÜ CİHAZ', '', 0, 'TY0041', '', '1', '', '1', '', '1', '', '', '', '', '', '', '', '16.05.2024', '', ''),
	(340, '12 KG SPRİNKER ABC %40 TOZLU CİHAZ', '', 0, 'TY0042', '', '1', '', '1', '', '1', '', '', '', '', '', '', '', '16.05.2024', '', ''),
	(341, 'SPRİNKLER CİHAZ MONTAJ MALZEME-İŞÇİLİK', '', 0, 'TY0043', '', '1', '', '1', '', '1', '', '', '', '', '', '', '', '16.05.2024', '', ''),
	(342, 'YANGIN DOLABI SIVA ÜSTÜ 30 METRE 1”', '', 0, 'YD0001', '', '1', '', '1', '', '1', '', '', '', '', '', '', '', '16.05.2024', '', ''),
	(343, 'YANGIN DOLABI SIVA ÜSTÜ CAM KAPAK 30 METRE 1"', '', 0, 'YD0002', '', '1', '', '1', '', '1', '', '', '', '', '', '', '', '16.05.2024', '', ''),
	(344, 'YANGIN DOLABI SIVA ÜSTÜ CAM KAPAK 30 METRE 2" RAKORLU', '', 0, 'YD0003', '', '1', '', '1', '', '1', '', '', '', '', '', '', '', '16.05.2024', '', ''),
	(345, 'YANGIN DOLABI SIVA ALTI 30 METRE 1”', '', 0, 'YD0004', '', '1', '', '1', '', '1', '', '', '', '', '', '', '', '16.05.2024', '', ''),
	(346, 'YANGIN DOLABI SIVA ALTI 30 METRE 2” RAKORLU', '', 0, 'YD0005', '', '1', '', '1', '', '1', '', '', '', '', '', '', '', '16.05.2024', '', ''),
	(347, 'YANGIN DOLABI SIVA ALTI CAM KAPAK 20 METRE 1"', '', 0, 'YD0006', '', '1', '', '1', '', '1', '', '', '', '', '', '', '', '16.05.2024', '', ''),
	(348, 'YANGIN DOLABI SIVA ALTI CAM KAPAK 20 METRE 2" RAKORLU', '', 0, 'YD0007', '', '1', '', '1', '', '1', '', '', '', '', '', '', '', '16.05.2024', '', ''),
	(349, 'YANGIN DOLABI SIVA ALTI CAM KAPAK 25 METRE 1"', '', 0, 'YD0008', '', '1', '', '1', '', '1', '', '', '', '', '', '', '', '16.05.2024', '', ''),
	(350, 'YANGIN DOLABI SIVA ALTI CAM KAPAK 25 METRE 2" RAKORLU', '', 0, 'YD0009', '', '1', '', '1', '', '1', '', '', '', '', '', '', '', '16.05.2024', '', ''),
	(351, 'YANGIN DOLABI SIVA ALTI CAM KAPAK 30 METRE 1"', '', 0, 'YD0010', '', '1', '', '1', '', '1', '', '', '', '', '', '', '', '16.05.2024', '', ''),
	(352, 'YANGIN DOLABI SIVA ALTI CAM KAPAK 30 METRE 2" RAKORLU', '', 0, 'YD0011', '', '1', '', '1', '', '1', '', '', '', '', '', '', '', '16.05.2024', '', ''),
	(353, 'YANGIN DOLABI TÜP BÖLMELİ SIVA ÜSTÜ 30 METRE 1”', '', 0, 'YD0012', '', '1', '', '1', '', '1', '', '', '', '', '', '', '', '16.05.2024', '', ''),
	(354, 'YANGIN DOLABI TÜP BÖLMELİ SIVA ÜSTÜ 30 METRE 2” RAKORLU', '', 0, 'YD0013', '', '1', '', '1', '', '1', '', '', '', '', '', '', '', '16.05.2024', '', ''),
	(355, 'YANGIN DOLABI TÜP BÖLMELİ SIVA ÜSTÜ CAM KAPAK 30 METRE 1”', '', 0, 'YD0014', '', '1', '', '1', '', '1', '', '', '', '', '', '', '', '16.05.2024', '', ''),
	(356, 'YANGIN DOLABI TÜP BÖLMELİ SIVA ÜSTÜ CAM KAPAK 30 METRE 2” RAKORLU', '', 0, 'YD0015', '', '1', '', '1', '', '1', '', '', '', '', '', '', '', '16.05.2024', '', ''),
	(357, 'YANGIN DOLABI TÜP BÖLMELİ SIVA ALTI 30 METRE 1”', '', 0, 'YD0016', '', '1', '', '1', '', '1', '', '', '', '', '', '', '', '16.05.2024', '', ''),
	(358, 'YANGIN DOLABI TÜP BÖLMELİ SIVA ALTI 30 METRE 2" RAKORLU', '', 0, 'YD0017', '', '1', '', '1', '', '1', '', '', '', '', '', '', '', '16.05.2024', '', ''),
	(359, 'YANGIN DOLABI TÜP BÖLMELİ SIVA ALTI CAM KAPAK 20 METRE HORTUM 1" VANA', '', 0, 'YD0018', '', '1', '', '1', '', '1', '', '', '', '', '', '', '', '16.05.2024', '', ''),
	(360, 'YANGIN DOLABI TÜP BÖLMELİ SIVA ALTI CAM KAPAK 20 METRE HORTUM 2" RAKORLU VANA', '', 0, 'YD0019', '', '1', '', '1', '', '1', '', '', '', '', '', '', '', '16.05.2024', '', ''),
	(361, 'YANGIN DOLABI TÜP BÖLMELİ SIVA ALTI CAM KAPAK 30 METRE HORTUM 1" VANA', '', 0, 'YD0022', '', '1', '', '1', '', '1', '', '', '', '', '', '', '', '16.05.2024', '', ''),
	(362, 'YANGIN DOLABI TÜP BÖLMELİ SIVA ALTI CAM KAPAK 30 METRE HORTUM 2" RAKORLU VANA', '', 0, 'YD0023', '', '1', '', '1', '', '1', '', '', '', '', '', '', '', '16.05.2024', '', ''),
	(363, 'YANGIN DOLABI TÜP BÖLMELİ SIVA ALTI DEKORATİF 20 METRE HORTUM 1" VANA', '', 0, 'YD0024', '', '1', '', '1', '', '1', '', '', '', '', '', '', '', '16.05.2024', '', ''),
	(364, 'YANGIN DOLABI TÜP BÖLMELİ SIVA ALTI DEKORATİF 20 METRE HORTUM 2" RAKORLU VANA', '', 0, 'YD0025', '', '1', '', '1', '', '1', '', '', '', '', '', '', '', '16.05.2024', '', ''),
	(365, 'YANGIN DOLABI TÜP BÖLMELİ SIVA ALTI DEKORATİF 30 METRE HORTUM 1" VANA', '', 0, 'YD0028', '', '1', '', '1', '', '1', '', '', '', '', '', '', '', '16.05.2024', '', ''),
	(366, 'YANGIN DOLABI TÜP BÖLMELİ SIVA ALTI DEKORATİF 30 METRE HORTUM 2" RAKORLU VANA', '', 0, 'YD0029', '', '1', '', '1', '', '1', '', '', '', '', '', '', '', '16.05.2024', '', ''),
	(367, 'HİDRANT DOLABI 30 METRE 2” HORTUM 2” RAKORLU', '', 0, 'YD0030', '', '1', '', '1', '', '1', '', '', '', '', '', '', '', '16.05.2024', '', ''),
	(368, 'HİDRANT DOLABI 60 METRE 2" HORTUM 2 1/2" RAKORLU', '', 0, 'YD0031', '', '1', '', '1', '', '1', '', '', '', '', '', '', '', '16.05.2024', '', ''),
	(369, 'SAHRA YANGIN DOLABI 30 METRE AYAKLI/ÇATILI 2” RAKORLU 20 METRE 2” VANA', '', 0, 'YD0032', '', '1', '', '1', '', '1', '', '', '', '', '', '', '', '16.05.2024', '', ''),
	(370, 'SAHRA YANGIN DOLABI 30 METRE AYAKLI/ÇATILI 2 1/2" RAKORLU 20 METRE 2" VANA', '', 0, 'YD0033', '', '1', '', '1', '', '1', '', '', '', '', '', '', '', '16.05.2024', '', ''),
	(371, 'KÖPÜK DOLABI 60 LT GALVANİZ DEPOLU 30 METRE HORTUM 1" VANA', '', 0, 'YD0034', '', '1', '', '1', '', '1', '', '', '', '', '', '', '', '16.05.2024', '', ''),
	(372, 'KÖPÜK DOLABI 60 LT GALVANİZ DEPOLU 20 METRE HORTUM 1" VANA', '', 0, 'YD0035', '', '1', '', '1', '', '1', '', '', '', '', '', '', '', '16.05.2024', '', ''),
	(373, 'KÖPÜK DOLABI 60 LT GALVANİZ DEPOLU 30 METRE HORTUM 2" VANA', '', 0, 'YD0036', '', '1', '', '1', '', '1', '', '', '', '', '', '', '', '16.05.2024', '', ''),
	(374, 'KÖPÜK DOLABI 60 LT GALVANİZ DEPOLU 20 METRE HORTUM 2" VANA', '', 0, 'YD0037', '', '1', '', '1', '', '1', '', '', '', '', '', '', '', '16.05.2024', '', ''),
	(375, 'KÖPÜK DOLABI 60 LT DEPOSUZ', '', 0, 'YD0038', '', '1', '', '1', '', '1', '', '', '', '', '', '', '', '16.05.2024', '', ''),
	(376, 'HORTUM ARABASI MAKARALI 40 METRE HORTUM 2" VANA', '', 0, 'YD0039', '', '1', '', '1', '', '1', '', '', '', '', '', '', '', '16.05.2024', '', ''),
	(377, 'HORTUM ARABASI MAKARALI 60 METRE HORTUM 2” VANA', '', 0, 'YD0040', '', '1', '', '1', '', '1', '', '', '', '', '', '', '', '16.05.2024', '', ''),
	(378, 'KÖPÜK DEPOSU GALVANİZ 60 LT', '', 0, 'YD0041', '', '1', '', '1', '', '1', '', '', '', '', '', '', '', '16.05.2024', '', ''),
	(379, 'KÖPÜK DEPOSU POLİÜRETAN 60 LT', '', 0, 'YD0042', '', '1', '', '1', '', '1', '', '', '', '', '', '', '', '16.05.2024', '', ''),
	(380, 'asdsa', NULL, NULL, '23dsas', NULL, '1', '23', NULL, '333', NULL, NULL, NULL, NULL, NULL, '', NULL, NULL, NULL, NULL, NULL),
	(381, 'sdfsfasdf', NULL, NULL, 'sdfasdf', NULL, '1', '23', NULL, '23', NULL, NULL, NULL, NULL, NULL, '', NULL, NULL, NULL, NULL, NULL),
	(382, 'Yeni ürün kaydı', NULL, NULL, 'sdfasdf', NULL, '1', '23', NULL, '23', NULL, NULL, NULL, NULL, NULL, '', NULL, NULL, NULL, NULL, NULL),
	(383, 'Yeni ürün kaydı', NULL, NULL, 'sdfasdf', NULL, '1', '23', NULL, '23', NULL, NULL, NULL, NULL, NULL, '', NULL, NULL, NULL, NULL, NULL),
	(384, 'sdfasdfa', NULL, NULL, 'asdf', NULL, '1', '23', NULL, '23', NULL, NULL, NULL, NULL, NULL, '', NULL, NULL, NULL, NULL, NULL),
	(385, '', NULL, NULL, '', NULL, '1', '', NULL, '', NULL, NULL, NULL, NULL, NULL, '', NULL, NULL, NULL, NULL, NULL),
	(386, 'Yeni Ürün Kaydı yapıldı', NULL, NULL, 'sdf', NULL, '1', '', NULL, '', NULL, NULL, NULL, NULL, NULL, '', NULL, NULL, NULL, NULL, NULL);
/*!40000 ALTER TABLE `products` ENABLE KEYS */;

-- tablo yapısı dökülüyor puantoryeni.projects
CREATE TABLE IF NOT EXISTS `projects` (
  `id` int(11) NOT NULL AUTO_INCREMENT,
  `type` int(2) NOT NULL,
  `account_id` int(255) NOT NULL,
  `company_id` int(11) DEFAULT NULL,
  `firm_id` int(255) DEFAULT NULL,
  `project_name` varchar(255) DEFAULT NULL,
  `budget` decimal(10,2) DEFAULT NULL,
  `city` int(4) DEFAULT NULL,
  `town` int(6) DEFAULT NULL,
  `address` varchar(255) DEFAULT NULL,
  `phone` varchar(255) DEFAULT NULL,
  `email` varchar(255) DEFAULT NULL,
  `account_number` varchar(100) DEFAULT NULL,
  `notes` text DEFAULT NULL,
  `start_date` varchar(10) DEFAULT NULL,
  `project_file` varchar(255) DEFAULT NULL,
  `creator` varchar(255) DEFAULT NULL,
  `created_at` date NOT NULL DEFAULT current_timestamp(),
  PRIMARY KEY (`id`)
) ENGINE=InnoDB AUTO_INCREMENT=46 DEFAULT CHARSET=utf8mb4 COLLATE=utf8mb4_general_ci;

-- puantoryeni.projects: ~12 rows (yaklaşık) tablosu için veriler indiriliyor
DELETE FROM `projects`;
INSERT INTO `projects` (`id`, `type`, `account_id`, `company_id`, `firm_id`, `project_name`, `budget`, `city`, `town`, `address`, `phone`, `email`, `account_number`, `notes`, `start_date`, `project_file`, `creator`, `created_at`) VALUES
	(34, 1, 50, 2, 7, 'Akka Ges', 470304.00, 32, 0, '', '', '', '', '', '01.11.2023', '', '35', '2024-07-05'),
	(35, 1, 50, 2, 8, 'Başkent Üniversitesi Alpu Ges', 4750000.00, 26, 329, '', NULL, '', '', '', '28.11.2023', '', '35', '2024-07-05'),
	(36, 1, 50, 4, 8, 'Karakuş Ges', 3000000.00, 2, 21, '', NULL, '', '', '', '26.01.2024', '', '35', '2024-07-05'),
	(37, 1, 50, 2, 9, 'Balıkesir', 300000.00, 10, 129, '', NULL, '', '', '', '23.11.2023', '', '35', '2024-07-05'),
	(38, 1, 50, 4, 10, 'Manisa Koç Ges', 255000.00, 45, 0, '', NULL, '', '', '', '10.07.2024', '', '35', '2024-08-24'),
	(39, 0, 0, NULL, NULL, 'Ankara Şantiyesi', NULL, NULL, NULL, '', '', '', '', NULL, NULL, NULL, NULL, '2024-09-17'),
	(40, 0, 0, NULL, NULL, 'Ankara Şantiyesi', NULL, 0, 0, '', '', '', '', NULL, NULL, NULL, NULL, '2024-09-17'),
	(41, 0, 0, NULL, 2, 'Yeni Proje eklendi', NULL, 0, 0, '', '', '', '', NULL, NULL, NULL, NULL, '2024-09-17'),
	(42, 0, 0, 2, NULL, 'Yeni Proje eklendi', NULL, 0, 0, '', '', '', '', NULL, NULL, NULL, NULL, '2024-09-17'),
	(43, 1, 0, 8, NULL, 'Akka Ges', 90000.00, 0, 0, '', '', '', '', NULL, NULL, NULL, NULL, '2024-09-23'),
	(44, 0, 0, 8, NULL, 'Balıkesir Şantiyesi', 125000.00, 0, 0, '', '', '', '', NULL, NULL, NULL, NULL, '2024-09-26'),
	(45, 0, 0, 12, NULL, 'Akka Ges', 4750000.00, 0, 0, '', '', '', '', NULL, NULL, NULL, NULL, '2024-09-27');

-- tablo yapısı dökülüyor puantoryeni.project_gelir_gider
CREATE TABLE IF NOT EXISTS `project_gelir_gider` (
  `id` int(11) NOT NULL AUTO_INCREMENT,
  `firm_id` int(11) NOT NULL DEFAULT 0,
  `project_id` int(11) DEFAULT NULL,
  `tarih` varchar(50) DEFAULT NULL,
  `ay` int(11) DEFAULT NULL,
  `yil` int(11) DEFAULT NULL,
  `tutar` int(11) DEFAULT NULL,
  `kategori` int(11) DEFAULT NULL,
  `turu` varchar(50) DEFAULT NULL,
  `aciklama` varchar(255) DEFAULT NULL,
  `created_at` datetime DEFAULT current_timestamp(),
  PRIMARY KEY (`id`)
) ENGINE=InnoDB AUTO_INCREMENT=13 DEFAULT CHARSET=latin5 COLLATE=latin5_turkish_ci;

-- puantoryeni.project_gelir_gider: ~6 rows (yaklaşık) tablosu için veriler indiriliyor
DELETE FROM `project_gelir_gider`;
INSERT INTO `project_gelir_gider` (`id`, `firm_id`, `project_id`, `tarih`, `ay`, `yil`, `tutar`, `kategori`, `turu`, `aciklama`, `created_at`) VALUES
	(4, 8, 43, '20240911', NULL, NULL, 233, 6, 'Proje Hakediş', '', '2024-09-25 21:58:08'),
	(5, 8, 43, '20240904', NULL, NULL, 5666, 3, 'Proje Ödemesi', '', '2024-09-25 22:15:41'),
	(6, 8, 43, '20240904', NULL, NULL, 1250, 3, 'Proje Ödemesi', '', '2024-09-25 22:16:13'),
	(10, 8, 43, '20240904', NULL, NULL, 6683, 6, 'Proje Hakediş', '', '2024-09-26 14:24:04'),
	(11, 8, 0, '20241001', NULL, NULL, 233, 6, 'Proje Hakediş', '', '2024-10-01 14:03:51'),
	(12, 0, 44, '20241001', NULL, NULL, 233, 3, 'Proje Ödemesi', '', '2024-10-01 14:04:02');

-- tablo yapısı dökülüyor puantoryeni.project_person
CREATE TABLE IF NOT EXISTS `project_person` (
  `id` bigint(20) NOT NULL AUTO_INCREMENT,
  `project_id` int(11) DEFAULT NULL,
  `person_id` varchar(50) DEFAULT NULL,
  `state` int(11) DEFAULT NULL,
  `create_date` timestamp NOT NULL DEFAULT current_timestamp() ON UPDATE current_timestamp(),
  PRIMARY KEY (`id`)
) ENGINE=InnoDB AUTO_INCREMENT=96 DEFAULT CHARSET=utf8mb4 COLLATE=utf8mb4_general_ci;

-- puantoryeni.project_person: ~7 rows (yaklaşık) tablosu için veriler indiriliyor
DELETE FROM `project_person`;
INSERT INTO `project_person` (`id`, `project_id`, `person_id`, `state`, `create_date`) VALUES
	(65, 34, '149,181', 1, '2024-09-18 15:28:25'),
	(85, 35, '181', 1, '2024-09-18 09:06:48'),
	(91, 37, '150,181', 1, '2024-09-18 05:11:44'),
	(92, 42, '149,150,181', 1, '2024-09-18 06:30:01'),
	(93, 43, '226,227,229', 1, '2024-09-25 15:48:03'),
	(94, 44, '226,230', 1, '2024-10-06 08:12:09'),
	(95, 45, '232', 1, '2024-09-27 09:07:57');

-- tablo yapısı dökülüyor puantoryeni.puantaj
CREATE TABLE IF NOT EXISTS `puantaj` (
  `id` int(20) NOT NULL AUTO_INCREMENT,
  `company_id` int(255) NOT NULL,
  `project_id` int(255) NOT NULL,
  `person` varchar(255) NOT NULL,
  `puantaj_id` int(1) DEFAULT 1,
  `gun` varchar(50) DEFAULT NULL,
  `saat` decimal(4,2) DEFAULT NULL,
  `tutar` decimal(20,2) DEFAULT NULL,
  `created_at` varchar(30) NOT NULL DEFAULT current_timestamp(),
  `updated_at` varchar(30) NOT NULL,
  PRIMARY KEY (`id`)
) ENGINE=InnoDB AUTO_INCREMENT=1144 DEFAULT CHARSET=utf8mb4 COLLATE=utf8mb4_general_ci;

-- puantoryeni.puantaj: ~97 rows (yaklaşık) tablosu için veriler indiriliyor
DELETE FROM `puantaj`;
INSERT INTO `puantaj` (`id`, `company_id`, `project_id`, `person`, `puantaj_id`, `gun`, `saat`, `tutar`, `created_at`, `updated_at`) VALUES
	(995, 0, 0, '149', 53, '20240901', 0.00, 0.00, '2024-09-22 19:25:47', ''),
	(996, 0, 0, '149', 22, '20240902', 8.00, 1900.00, '2024-09-22 19:25:47', ''),
	(997, 0, 0, '149', 22, '20240903', 8.00, 1900.00, '2024-09-22 19:25:47', ''),
	(998, 0, 0, '149', 22, '20240904', 8.00, 1900.00, '2024-09-22 19:25:47', ''),
	(999, 0, 0, '149', 22, '20240905', 8.00, 1900.00, '2024-09-22 19:25:47', ''),
	(1000, 0, 0, '149', 22, '20240906', 8.00, 1900.00, '2024-09-22 19:25:47', ''),
	(1001, 0, 0, '149', 22, '20240907', 8.00, 1900.00, '2024-09-22 19:25:47', ''),
	(1002, 0, 0, '149', 53, '20240908', 0.00, 0.00, '2024-09-22 19:25:47', ''),
	(1003, 0, 0, '149', 53, '20240915', 0.00, 0.00, '2024-09-22 19:25:47', ''),
	(1004, 0, 0, '149', 53, '20240922', 0.00, 0.00, '2024-09-22 19:25:47', ''),
	(1005, 0, 0, '149', 53, '20240929', 0.00, 0.00, '2024-09-22 19:25:47', ''),
	(1006, 0, 0, '150', 53, '20240901', 0.00, 0.00, '2024-09-22 19:25:47', ''),
	(1007, 0, 0, '150', 53, '20240908', 0.00, 0.00, '2024-09-22 19:25:47', ''),
	(1008, 0, 0, '150', 53, '20240915', 0.00, 0.00, '2024-09-22 19:25:47', ''),
	(1009, 0, 0, '150', 53, '20240922', 0.00, 0.00, '2024-09-22 19:25:47', ''),
	(1010, 0, 0, '150', 53, '20240929', 0.00, 0.00, '2024-09-22 19:25:47', ''),
	(1011, 0, 0, '181', 53, '20240901', 0.00, 0.00, '2024-09-22 19:25:47', ''),
	(1012, 0, 0, '181', 53, '20240908', 0.00, 0.00, '2024-09-22 19:25:47', ''),
	(1013, 0, 0, '181', 53, '20240915', 0.00, 0.00, '2024-09-22 19:25:47', ''),
	(1014, 0, 0, '181', 53, '20240922', 0.00, 0.00, '2024-09-22 19:25:47', ''),
	(1015, 0, 0, '181', 53, '20240929', 0.00, 0.00, '2024-09-22 19:25:47', ''),
	(1016, 0, 0, '181', 22, '20240902', 8.00, 1000.00, '2024-09-23 08:01:52', ''),
	(1017, 0, 0, '181', 22, '20240903', 8.00, 1000.00, '2024-09-23 08:01:52', ''),
	(1018, 0, 0, '181', 22, '20240904', 8.00, 1000.00, '2024-09-23 08:01:52', ''),
	(1019, 0, 0, '181', 22, '20240905', 8.00, 1000.00, '2024-09-23 08:01:52', ''),
	(1020, 0, 0, '181', 22, '20240906', 8.00, 1000.00, '2024-09-23 08:01:52', ''),
	(1021, 0, 0, '181', 22, '20240907', 8.00, 1000.00, '2024-09-23 08:01:52', ''),
	(1022, 0, 0, '226', 53, '20240901', 0.00, 0.00, '2024-09-23 22:24:30', ''),
	(1023, 0, 43, '226', 22, '20240902', 0.00, 0.00, '2024-09-23 22:24:30', ''),
	(1024, 0, 43, '226', 22, '20240903', 8.00, 1500.00, '2024-09-23 22:24:30', ''),
	(1025, 0, 43, '226', 22, '20240904', 8.00, 1500.00, '2024-09-23 22:24:30', ''),
	(1026, 0, 43, '226', 22, '20240905', 8.00, 1500.00, '2024-09-23 22:24:30', ''),
	(1027, 0, 43, '226', 22, '20240906', 8.00, 1500.00, '2024-09-23 22:24:30', ''),
	(1028, 0, 43, '226', 22, '20240907', 8.00, 1500.00, '2024-09-23 22:24:30', ''),
	(1029, 0, 0, '226', 53, '20240908', 0.00, 0.00, '2024-09-23 22:24:30', ''),
	(1030, 0, 0, '226', 53, '20240915', 0.00, 0.00, '2024-09-23 22:24:30', ''),
	(1031, 0, 0, '226', 53, '20240922', 0.00, 0.00, '2024-09-23 22:24:30', ''),
	(1032, 0, 0, '226', 53, '20240929', 0.00, 0.00, '2024-09-23 22:24:30', ''),
	(1053, 0, 0, '226', 22, '20240909', 8.00, 1500.00, '2024-09-25 09:46:35', ''),
	(1058, 0, 0, '229', 53, '20240901', 0.00, 0.00, '2024-09-26 10:04:13', ''),
	(1059, 0, 0, '229', 53, '20240908', 0.00, 0.00, '2024-09-26 10:04:13', ''),
	(1060, 0, 0, '229', 53, '20240915', 0.00, 0.00, '2024-09-26 10:04:13', ''),
	(1061, 0, 0, '229', 53, '20240922', 0.00, 0.00, '2024-09-26 10:04:13', ''),
	(1062, 0, 0, '229', 53, '20240929', 0.00, 0.00, '2024-09-26 10:04:13', ''),
	(1063, 0, 0, '226', 22, '20240910', 8.00, 1500.00, '2024-09-26 11:48:48', ''),
	(1064, 0, 0, '226', 22, '20240911', 8.00, 1500.00, '2024-09-26 11:48:48', ''),
	(1065, 0, 0, '226', 22, '20240912', 8.00, 1500.00, '2024-09-26 11:48:48', ''),
	(1066, 0, 0, '226', 22, '20240913', 8.00, 1500.00, '2024-09-26 11:48:48', ''),
	(1067, 0, 0, '226', 22, '20240914', 8.00, 1500.00, '2024-09-26 11:48:48', ''),
	(1068, 0, 0, '226', 22, '20240916', 8.00, 1500.00, '2024-09-26 11:48:59', ''),
	(1069, 0, 0, '226', 22, '20241001', 8.00, 1500.00, '2024-09-26 11:58:43', ''),
	(1070, 0, 0, '226', 22, '20241002', 8.00, 1500.00, '2024-09-26 11:58:43', ''),
	(1071, 0, 0, '226', 22, '20241003', 8.00, 1500.00, '2024-09-26 11:58:43', ''),
	(1072, 0, 0, '226', 22, '20241004', 8.00, 1500.00, '2024-09-26 11:58:43', ''),
	(1073, 0, 0, '226', 22, '20241005', 8.00, 1500.00, '2024-09-26 11:58:43', ''),
	(1074, 0, 0, '226', 53, '20241006', 0.00, 0.00, '2024-09-26 11:58:43', ''),
	(1075, 0, 0, '226', 53, '20241013', 0.00, 0.00, '2024-09-26 11:58:43', ''),
	(1076, 0, 0, '226', 53, '20241020', 0.00, 0.00, '2024-09-26 11:58:43', ''),
	(1077, 0, 0, '226', 53, '20241027', 0.00, 0.00, '2024-09-26 11:58:43', ''),
	(1084, 0, 0, '230', 53, '20240901', 0.00, 0.00, '2024-09-26 16:43:28', ''),
	(1085, 0, 0, '230', 53, '20240908', 0.00, 0.00, '2024-09-26 16:43:28', ''),
	(1086, 0, 0, '230', 53, '20240915', 0.00, 0.00, '2024-09-26 16:43:28', ''),
	(1087, 0, 0, '230', 53, '20240922', 0.00, 0.00, '2024-09-26 16:43:28', ''),
	(1088, 0, 0, '230', 53, '20240929', 0.00, 0.00, '2024-09-26 16:43:28', ''),
	(1089, 0, 44, '230', 22, '20240902', 8.00, 1500.00, '2024-09-26 16:44:45', ''),
	(1090, 0, 44, '230', 22, '20240903', 8.00, 1500.00, '2024-09-26 16:44:45', ''),
	(1091, 0, 0, '230', 22, '20240904', 8.00, 1500.00, '2024-09-26 22:41:23', ''),
	(1092, 0, 0, '230', 22, '20240905', 8.00, 1500.00, '2024-09-26 22:41:23', ''),
	(1093, 0, 0, '230', 22, '20240906', 8.00, 1500.00, '2024-09-26 22:41:23', ''),
	(1094, 0, 0, '230', 22, '20240907', 8.00, 1500.00, '2024-09-26 22:41:23', ''),
	(1111, 0, 0, '232', 22, '20240701', 8.00, 1500.00, '2024-09-27 12:11:23', ''),
	(1112, 0, 0, '232', 22, '20240702', 8.00, 1500.00, '2024-09-27 12:11:23', ''),
	(1113, 0, 0, '232', 22, '20240703', 8.00, 1500.00, '2024-09-27 12:11:23', ''),
	(1114, 0, 0, '232', 22, '20240704', 8.00, 1500.00, '2024-09-27 12:11:23', ''),
	(1115, 0, 0, '226', 22, '20240917', 8.00, 1500.00, '2024-09-30 13:16:49', ''),
	(1116, 0, 0, '226', 22, '20240918', 8.00, 1500.00, '2024-09-30 13:16:49', ''),
	(1117, 0, 0, '226', 22, '20240919', 8.00, 1500.00, '2024-09-30 13:16:49', ''),
	(1118, 0, 0, '226', 22, '20240920', 8.00, 1500.00, '2024-09-30 13:16:49', ''),
	(1119, 0, 0, '226', 22, '20240921', 8.00, 1500.00, '2024-09-30 13:16:49', ''),
	(1120, 0, 0, '230', 24, '20240909', 16.00, 3000.00, '2024-09-30 22:28:45', ''),
	(1121, 0, 0, '230', 24, '20240910', 16.00, 3000.00, '2024-09-30 22:28:45', ''),
	(1122, 0, 0, '230', 24, '20240911', 16.00, 3000.00, '2024-09-30 22:28:45', ''),
	(1123, 0, 0, '230', 24, '20240912', 16.00, 3000.00, '2024-09-30 22:28:45', ''),
	(1124, 0, 0, '230', 24, '20240913', 16.00, 3000.00, '2024-09-30 22:28:45', ''),
	(1125, 0, 0, '230', 24, '20240914', 16.00, 3000.00, '2024-09-30 22:28:45', ''),
	(1132, 0, 0, '226', 22, '20241007', 8.00, 1500.00, '2024-10-06 11:12:40', ''),
	(1133, 0, 0, '226', 22, '20241008', 8.00, 1500.00, '2024-10-06 11:12:40', ''),
	(1134, 0, 0, '226', 22, '20241009', 8.00, 1500.00, '2024-10-06 11:12:40', ''),
	(1135, 0, 0, '226', 22, '20241010', 8.00, 1500.00, '2024-10-06 11:12:40', ''),
	(1136, 0, 0, '226', 22, '20241011', 8.00, 1500.00, '2024-10-06 11:12:40', ''),
	(1137, 0, 0, '226', 22, '20241012', 8.00, 1500.00, '2024-10-06 11:12:40', ''),
	(1138, 0, 0, '226', 4, '20241014', 10.00, 1875.00, '2024-10-06 11:13:40', ''),
	(1139, 0, 0, '226', 4, '20241015', 10.00, 1875.00, '2024-10-06 11:13:40', ''),
	(1140, 0, 0, '226', 4, '20241016', 10.00, 1875.00, '2024-10-06 11:13:40', ''),
	(1141, 0, 0, '226', 4, '20241017', 10.00, 1875.00, '2024-10-06 11:13:40', ''),
	(1142, 0, 0, '226', 4, '20241018', 10.00, 1875.00, '2024-10-06 11:13:40', ''),
	(1143, 0, 0, '226', 4, '20241019', 10.00, 1875.00, '2024-10-06 11:13:40', '');

-- tablo yapısı dökülüyor puantoryeni.puantajturu
CREATE TABLE IF NOT EXISTS `puantajturu` (
  `id` int(2) NOT NULL AUTO_INCREMENT,
  `PuantajAdi` varchar(55) DEFAULT NULL,
  `PuantajKod` varchar(6) DEFAULT NULL,
  `PuantajSaati` double DEFAULT NULL,
  `Turu` varchar(14) DEFAULT NULL,
  `FontRengi` varchar(7) DEFAULT NULL,
  `ArkaPlanRengi` varchar(7) DEFAULT NULL,
  `isActive` int(1) DEFAULT NULL,
  `IzinRapor` int(1) DEFAULT NULL,
  PRIMARY KEY (`id`)
) ENGINE=InnoDB AUTO_INCREMENT=60 DEFAULT CHARSET=utf8 COLLATE=utf8_general_ci;

-- puantoryeni.puantajturu: ~59 rows (yaklaşık) tablosu için veriler indiriliyor
DELETE FROM `puantajturu`;
INSERT INTO `puantajturu` (`id`, `PuantajAdi`, `PuantajKod`, `PuantajSaati`, `Turu`, `FontRengi`, `ArkaPlanRengi`, `isActive`, `IzinRapor`) VALUES
	(1, '0,5 Yarım Fazla Çalışma', 'X05', 8.5, 'Fazla Çalışma', '#080808', '#f9f4fe', 1, 0),
	(2, '1 Saat Fazla Çalışma', 'X1', 9, 'Fazla Çalışma', '#080808', '#ecdefd', 1, 0),
	(3, '1,5 Saat Fazla Çalışma', 'X15', 9.5, 'Fazla Çalışma', '#080808', '#dfc8fc', 1, 0),
	(4, '2 Saat Fazla Çalışma', 'X2', 10, 'Fazla Çalışma', '#080808', '#d3b2fb', 1, 0),
	(5, '2,5 Saat Fazla Çalışma', 'X25', 10.5, 'Fazla Çalışma', '#080808', '#c69cf9', 1, 0),
	(6, '3 Saat Fazla Çalışma', 'X3', 11, 'Fazla Çalışma', '#080808', '#ba86f8', 1, 0),
	(7, '3,5 Saat Fazla Çalışma', 'X35', 11.5, 'Fazla Çalışma', '#FFFAF5', '#ad70f7', 1, 0),
	(8, '4 Saat Fazla Çalışma', 'X4', 12, 'Fazla Çalışma', '#FFFAF6', '#a05af6', 1, 0),
	(9, '4,5 Saat Fazla Çalışma', 'X45', 12.5, 'Fazla Çalışma', '#FFFAF6', '#9445f4', 1, 0),
	(10, '5 Saat Fazla Çalışma', 'X5', 13, 'Fazla Çalışma', '#FFFAF7', '#872ff3', 1, 0),
	(11, '5,5 Saat Fazla Çalışma', 'X55', 13.5, 'Fazla Çalışma', '#FFFAF7', '#7b19f2', 1, 0),
	(12, '6 Saat Fazla Çalışma', 'X6', 14, 'Fazla Çalışma', '#FFFAF8', '#6f0de6', 1, 0),
	(13, '6,5 Saat Fazla Çalışma', 'X65', 14.5, 'Fazla Çalışma', '#FFFAF8', '#640cd0', 1, 0),
	(14, '7 Saat Fazla Çalışma', 'X7', 15, 'Fazla Çalışma', '#FFFAF9', '#5a0bba', 1, 0),
	(15, '7,5 Saat Fazla Çalışma', 'X7', 15, 'Fazla Çalışma', '#FFFAF9', '#4f09a4', 1, 0),
	(16, '8 Saat Fazla Çalışma', 'X8', 16, 'Fazla Çalışma', '#FFFAF1', '#45088f', 1, 0),
	(17, '8,5 Saat Fazla Çalışma', 'X85', 16.5, 'Fazla Çalışma', '#FFFAF1', '#3a0779', 1, 0),
	(18, '9 Saat Fazla Çalışma', 'X9', 17, 'Fazla Çalışma', '#FFFAF1', '#300663', 1, 0),
	(19, '9,5 Saat Fazla Çalışma', 'X95', 17.5, 'Fazla Çalışma', '#FFFAF1', '#1a0337', 1, 0),
	(20, '10 Saat Fazla Çalışma', 'X10', 18, 'Fazla Çalışma', '#FFFAF1', '#100221', 1, 0),
	(21, 'Yarım Çalışma', 'X/2', 4, 'Normal Çalışma', '#FFFFFF', '#4a7ef5', 0, 0),
	(22, 'Mevcut', 'X', 8, 'Normal Çalışma', '#FFFAF4', '#2261f2', 0, 0),
	(23, '1,5 Kat Ücret', '15X', 12, 'Normal Çalışma', '#FFFAF4', '#0d4cdd', 0, 0),
	(24, 'Çift Ücret', '2X', 16, 'Normal Çalışma', '#FFFAF4', '#0a3eb5', 1, 1),
	(25, '2,5 Kat Ücret', '25X', 20, 'Normal Çalışma', '#FFFAF4', '#08308d', 1, 1),
	(26, '3 Günlük Ücret', '3X', 24, 'Normal Çalışma', '#FFFAF4', '#062265', 1, 0),
	(27, '1 Saat', 'S1', 1, 'Saatlik', '#080808', '#f4fefa', 1, 0),
	(28, '1,5 Saat Çalışma', 'S15', 1.5, 'Saatlik', '#080808', '#defdef', 1, 0),
	(29, '2 Saat Çalışma', 'S2', 2, 'Saatlik', '#080808', '#c8fce4', 1, 0),
	(30, '2,5 Saat Çalışma', 'S25', 2.5, 'Saatlik', '#080808', '#b2fbd9', 1, 0),
	(31, '3 Saat Çalışma', 'S3', 3, 'Saatlik', '#080808', '#9cf9ce', 1, 0),
	(32, '3,5 Saat Çalışma', 'S35', 3.5, 'Saatlik', '#080808', '#86f8c3', 1, 0),
	(33, '4 Saat Çalışma', 'S4', 4, 'Saatlik', '#080808', '#70f7b8', 1, 0),
	(34, '4,5 Saat Çalışma', 'S45', 4.5, 'Saatlik', '#080808', '#5af6ad', 1, 0),
	(35, '5 Saat Çalışma', 'S5', 5, 'Saatlik', '#080808', '#45f4a2', 1, 0),
	(36, '6 Saat Çalışma', 'S6', 6, 'Saatlik', '#080808', '#2ff397', 1, 0),
	(37, '6,5 Saat Çalışma', 'S65', 6.5, 'Saatlik', '#080808', '#19f28c', 1, 0),
	(38, '7 Saat Çalışma', 'S7', 7, 'Saatlik', '#080808', '#0de681', 1, 0),
	(39, '7,5 Saat Çalışma', 'S75', 7.5, 'Saatlik', '#FFFAF4', '#0cd075', 1, 0),
	(40, '8 Saat Çalışma', 'S8', 8, 'Saatlik', '#FFFAF4', '#0bba68', 1, 0),
	(41, '8,5 Saat Çalışma', 'S85', 8.5, 'Saatlik', '#FFFAF4', '#09a45c', 1, 0),
	(42, '9 Saat Çalışma', 'S9', 9, 'Saatlik', '#FFFAF4', '#088f50', 1, 0),
	(43, '9,5 Saat Çalışma', 'S95', 9.5, 'Saatlik', '#FFFAF4', '#077943', 1, 0),
	(44, '10 Saat Çalışma', 'S10', 10, 'Saatlik', '#FFFAF4', '#066337', 1, 0),
	(45, 'Yıllık İzin', 'Yİ', 8, 'Ücretli İzin', '#FFFAF4', '#f99cd7', 1, 1),
	(46, 'Rapor(Ücretli)', 'R+', 8, 'Ücretli İzin', '#3C486B', '#f886ce', 1, 0),
	(47, 'Evlilik İzni', 'Eİ', 8, 'Ücretli İzin', '#FFFAF4', '#f770c5', 1, 0),
	(48, 'Babalık İzni', 'Bİ', 8, 'Ücretli İzin', '#FFFAF4', '#f770c5', 0, 0),
	(49, 'Yıllık İzin Yarım', 'Yİ/2', 4, 'Ücretli İzin', '#FFFAF4', '#f445b4', 0, 0),
	(50, 'Mesai İzni', 'M', 8, 'Ücretli İzin', '#FFFAF4', '#f32fab', 0, 0),
	(51, 'Devamsız', 'DVZ', 0, 'Ücretsiz', '#FFFAF4', '#f44545', 1, 0),
	(52, 'Ücretsiz İzin', 'Uİ', 0, 'Ücretsiz', '#222', '#fbb2b2', 0, 1),
	(53, 'Hafta Tatili', 'HT', 0, 'Ücretsiz', '#FFFAF4', '#98A88e', 1, 0),
	(54, 'Resmi Tatil', 'RT', 0, 'Ücretsiz', '#FFFAF4', '#19f2bb', 1, 0),
	(55, 'İşten Çıkış', 'CKS', 0, 'Ücretsiz', '#FFFAF4', '#f2a219', 0, 0),
	(56, 'Rapor(Ücretsiz)', 'R-', 0, 'Ücretsiz', '#FFFAF4', '#634006', 1, 0),
	(57, 'Rapor', 'R', 0, 'Ücretsiz', '#FFFAF4', '#794f07', 0, 1),
	(58, '5,5 Saat Çalışma', 'S55', 5.5, 'Saatlik', '#080808', '#45f4a2', 1, NULL),
	(59, 'Yarım Saat Çalışma', 'S05', 0.5, 'Saatlik', '#080808', '#f4fefa', NULL, NULL);

-- tablo yapısı dökülüyor puantoryeni.reports
CREATE TABLE IF NOT EXISTS `reports` (
  `id` int(255) NOT NULL AUTO_INCREMENT,
  `report_number` varchar(50) DEFAULT NULL,
  `report_type` varchar(255) NOT NULL,
  `isemrino` varchar(255) NOT NULL,
  `last_control_date` varchar(20) NOT NULL,
  `control_date` varchar(30) NOT NULL,
  `next_control_date` varchar(20) NOT NULL,
  `control_period` varchar(30) NOT NULL,
  `validity_date` varchar(30) NOT NULL,
  `customer_id` int(11) NOT NULL,
  `standarts` text DEFAULT NULL,
  `equipments` text DEFAULT NULL,
  `warnings` text DEFAULT NULL,
  `notes` text NOT NULL,
  `subNotes` text DEFAULT NULL,
  `controller_id` int(100) NOT NULL,
  `company_official` int(100) NOT NULL,
  `test_date` varchar(20) NOT NULL,
  `servis_no` varchar(50) NOT NULL,
  `report_matters` longtext CHARACTER SET utf8mb4 COLLATE utf8mb4_bin DEFAULT NULL CHECK (json_valid(`report_matters`)),
  `bakim_bilgileri` longtext CHARACTER SET utf8mb4 COLLATE utf8mb4_bin DEFAULT NULL,
  `dedektor_info` longtext CHARACTER SET utf8mb4 COLLATE utf8mb4_bin DEFAULT NULL CHECK (json_valid(`dedektor_info`)),
  `oys_general_matters` longtext CHARACTER SET utf8mb4 COLLATE utf8mb4_bin DEFAULT NULL,
  `controller_peak_info` longtext CHARACTER SET utf8 COLLATE utf8_general_ci NOT NULL,
  `creator` int(10) NOT NULL,
  `create_time` varchar(20) NOT NULL DEFAULT current_timestamp(),
  `updater` int(20) NOT NULL,
  `update_time` varchar(20) NOT NULL,
  PRIMARY KEY (`id`)
) ENGINE=InnoDB AUTO_INCREMENT=190 DEFAULT CHARSET=utf8mb4 COLLATE=utf8mb4_general_ci;

-- puantoryeni.reports: ~17 rows (yaklaşık) tablosu için veriler indiriliyor
DELETE FROM `reports`;
INSERT INTO `reports` (`id`, `report_number`, `report_type`, `isemrino`, `last_control_date`, `control_date`, `next_control_date`, `control_period`, `validity_date`, `customer_id`, `standarts`, `equipments`, `warnings`, `notes`, `subNotes`, `controller_id`, `company_official`, `test_date`, `servis_no`, `report_matters`, `bakim_bilgileri`, `dedektor_info`, `oys_general_matters`, `controller_peak_info`, `creator`, `create_time`, `updater`, `update_time`) VALUES
	(154, 'YSC00154', '1', '1', '', '2024-09-01', '', '12 Ay', '2024-09-30', 58, '                                    ', '', '', '', 'Yukarıda kontrol tarihinde teknik özellikleri belirtilen Yangın Söndürme Sistemi ; mevcut şartlar altında 25 Nisan 2013 tarih ve 28628 sayılı resmi gazetede yayınlanan "İş Ekipmanlarının Kullanımında Sağlık Ve Güvenlik Şartları Yönetmeliği" nde belirtilen kriterlere uygun olarak TS ISO 11602-2 standartı 4.2 maddesine göre Periyodik Kontrol\'ü yapılmıştır. Bu kontrol raporu muayene tarihindeki durumunu yansıtır, uygunluğun devamlılığından işveren sorumludur.Yangın söndürme cihazlarının kullanılmasında teknik olarak sakınca yoktur\r\n                ', 4, 3, '', '', NULL, NULL, NULL, NULL, '', 13, '2024-09-12 11:43:55', 0, ''),
	(164, 'YSC0039', '', '', '', '', '', '', '', 79, NULL, NULL, NULL, '', NULL, 3, 4, '', '', NULL, NULL, NULL, NULL, '', 0, '2024-09-12 23:48:16', 0, ''),
	(165, 'YSC00165', '', '', '', '', '', '', '', 67, NULL, NULL, NULL, '', NULL, 0, 0, '', '', NULL, NULL, NULL, NULL, '', 0, '2024-09-12 23:50:45', 0, ''),
	(169, 'YSC00169', '', '234', '', '2024-09-02', '', '122', '2024-09-16', 93, '', NULL, NULL, '', NULL, 3, 4, '', '', NULL, NULL, NULL, NULL, '', 0, '2024-09-13 08:32:49', 0, ''),
	(170, 'YSC0039', '', '12122121', '', '2024-09-02', '', '12', '2024-09-30', 98, '', NULL, NULL, '', NULL, 3, 4, '', '', NULL, NULL, NULL, NULL, '', 0, '2024-09-13 08:34:18', 0, ''),
	(171, 'YSC00465', '', '21', '', '2024-09-03', '', '12', '2024-09-17', 67, 'adfadfasdfasf', NULL, NULL, '', NULL, 4, 3, '', '', NULL, NULL, NULL, NULL, '', 0, '2024-09-13 09:21:17', 0, ''),
	(172, 'YSC0039', '', '1', '', '2024-04-20', '2024-09-02', '3 ay', '2024-04-20', 99, '                                                                                                                                                                                    <p><b style="background-color: rgb(255, 255, 0);">Deneme kaydı yapıyoruz</b></p>                                                                                                                                                                ', '', '', '', 'Yukarıda kontrol tarihinde teknik özellikleri belirtilen Yangın Söndürme Sistemi ; mevcut şartlar altında 25 Nisan 2013 tarih ve 28628 sayılı resmi gazetede yayınlanan "İş Ekipmanlarının Kullanımında Sağlık Ve Güvenlik Şartları Yönetmeliği" nde belirtilen kriterlere uygun olarak TS ISO 11602-2 standartı 4.2 maddesine göre Periyodik Kontrol\'ü yapılmıştır. Bu kontrol raporu muayene tarihindeki durumunu yansıtır, uygunluğun devamlılığından işveren sorumludur.Yangın söndürme cihazlarının kullanılmasında teknik olarak sakınca yoktur\r\n                ', 3, 4, '', '', NULL, NULL, NULL, NULL, '', 0, '2024-09-13 10:11:01', 0, ''),
	(180, 'YSC0039', '', '1', '', '2024-09-04', '', '3 ay', '2024-09-16', 59, '                                    ', '', '', '', 'Yukarıda kontrol tarihinde teknik özellikleri belirtilen Yangın Söndürme Sistemi ; mevcut şartlar altında 25 Nisan 2013 tarih ve 28628 sayılı resmi gazetede yayınlanan "İş Ekipmanlarının Kullanımında Sağlık Ve Güvenlik Şartları Yönetmeliği" nde belirtilen kriterlere uygun olarak TS ISO 11602-2 standartı 4.2 maddesine göre Periyodik Kontrol\'ü yapılmıştır. Bu kontrol raporu muayene tarihindeki durumunu yansıtır, uygunluğun devamlılığından işveren sorumludur.Yangın söndürme cihazlarının kullanılmasında teknik olarak sakınca yoktur\r\n                ', 3, 4, '', '', NULL, NULL, NULL, NULL, '', 0, '2024-09-13 15:46:42', 0, ''),
	(181, 'YSC0039', '', '1', '', '2024-09-04', '', '3 ay', '2024-09-16', 59, '                                    ', '', '', '', 'Yukarıda kontrol tarihinde teknik özellikleri belirtilen Yangın Söndürme Sistemi ; mevcut şartlar altında 25 Nisan 2013 tarih ve 28628 sayılı resmi gazetede yayınlanan "İş Ekipmanlarının Kullanımında Sağlık Ve Güvenlik Şartları Yönetmeliği" nde belirtilen kriterlere uygun olarak TS ISO 11602-2 standartı 4.2 maddesine göre Periyodik Kontrol\'ü yapılmıştır. Bu kontrol raporu muayene tarihindeki durumunu yansıtır, uygunluğun devamlılığından işveren sorumludur.Yangın söndürme cihazlarının kullanılmasında teknik olarak sakınca yoktur\r\n                ', 3, 4, '', '', NULL, NULL, NULL, NULL, '', 0, '2024-09-13 15:46:51', 0, ''),
	(182, 'YSC0039', '', '1', '', '2024-09-04', '', '3 ay', '2024-09-16', 59, '                                    ', '', '', '', 'Yukarıda kontrol tarihinde teknik özellikleri belirtilen Yangın Söndürme Sistemi ; mevcut şartlar altında 25 Nisan 2013 tarih ve 28628 sayılı resmi gazetede yayınlanan "İş Ekipmanlarının Kullanımında Sağlık Ve Güvenlik Şartları Yönetmeliği" nde belirtilen kriterlere uygun olarak TS ISO 11602-2 standartı 4.2 maddesine göre Periyodik Kontrol\'ü yapılmıştır. Bu kontrol raporu muayene tarihindeki durumunu yansıtır, uygunluğun devamlılığından işveren sorumludur.Yangın söndürme cihazlarının kullanılmasında teknik olarak sakınca yoktur\r\n                ', 3, 4, '', '', NULL, NULL, NULL, NULL, '', 0, '2024-09-13 15:47:23', 0, ''),
	(183, 'YSC0039', '', '1', '', '2024-09-04', '', '3 ay', '2024-09-16', 59, '                                    ', '', '', '', 'Yukarıda kontrol tarihinde teknik özellikleri belirtilen Yangın Söndürme Sistemi ; mevcut şartlar altında 25 Nisan 2013 tarih ve 28628 sayılı resmi gazetede yayınlanan "İş Ekipmanlarının Kullanımında Sağlık Ve Güvenlik Şartları Yönetmeliği" nde belirtilen kriterlere uygun olarak TS ISO 11602-2 standartı 4.2 maddesine göre Periyodik Kontrol\'ü yapılmıştır. Bu kontrol raporu muayene tarihindeki durumunu yansıtır, uygunluğun devamlılığından işveren sorumludur.Yangın söndürme cihazlarının kullanılmasında teknik olarak sakınca yoktur\r\n                ', 3, 4, '', '', NULL, NULL, NULL, NULL, '', 0, '2024-09-13 15:49:39', 0, ''),
	(184, 'YSC00183', '', '1', '', '2024-09-02', '', '1', '2024-09-24', 83, '                                    ', '', '', '', 'Yukarıda kontrol tarihinde teknik özellikleri belirtilen Yangın Söndürme Sistemi ; mevcut şartlar altında 25 Nisan 2013 tarih ve 28628 sayılı resmi gazetede yayınlanan "İş Ekipmanlarının Kullanımında Sağlık Ve Güvenlik Şartları Yönetmeliği" nde belirtilen kriterlere uygun olarak TS ISO 11602-2 standartı 4.2 maddesine göre Periyodik Kontrol\'ü yapılmıştır. Bu kontrol raporu muayene tarihindeki durumunu yansıtır, uygunluğun devamlılığından işveren sorumludur.Yangın söndürme cihazlarının kullanılmasında teknik olarak sakınca yoktur\r\n                ', 3, 4, '', '', NULL, NULL, NULL, NULL, '', 0, '2024-09-13 15:52:38', 0, ''),
	(185, 'YSC00184', '', '1', '', '2024-09-16', '', '1', '2024-09-25', 82, '                                    ', '', '', '', 'Yukarıda kontrol tarihinde teknik özellikleri belirtilen Yangın Söndürme Sistemi ; mevcut şartlar altında 25 Nisan 2013 tarih ve 28628 sayılı resmi gazetede yayınlanan "İş Ekipmanlarının Kullanımında Sağlık Ve Güvenlik Şartları Yönetmeliği" nde belirtilen kriterlere uygun olarak TS ISO 11602-2 standartı 4.2 maddesine göre Periyodik Kontrol\'ü yapılmıştır. Bu kontrol raporu muayene tarihindeki durumunu yansıtır, uygunluğun devamlılığından işveren sorumludur.Yangın söndürme cihazlarının kullanılmasında teknik olarak sakınca yoktur\r\n                ', 3, 4, '', '', NULL, NULL, NULL, NULL, '', 0, '2024-09-13 15:54:06', 0, ''),
	(186, 'YSC00123', '', '1', '', '2024-09-16', '', '1', '2024-09-25', 82, '                                    ', '', '', '', 'Yukarıda kontrol tarihinde teknik özellikleri belirtilen Yangın Söndürme Sistemi ; mevcut şartlar altında 25 Nisan 2013 tarih ve 28628 sayılı resmi gazetede yayınlanan "İş Ekipmanlarının Kullanımında Sağlık Ve Güvenlik Şartları Yönetmeliği" nde belirtilen kriterlere uygun olarak TS ISO 11602-2 standartı 4.2 maddesine göre Periyodik Kontrol\'ü yapılmıştır. Bu kontrol raporu muayene tarihindeki durumunu yansıtır, uygunluğun devamlılığından işveren sorumludur.Yangın söndürme cihazlarının kullanılmasında teknik olarak sakınca yoktur\r\n                ', 3, 4, '', '', NULL, NULL, NULL, NULL, '', 0, '2024-09-13 15:56:15', 0, ''),
	(187, 'YSC0039', '', '1', '', '2024-09-24', '', '1', '2024-09-25', 58, '                                    ', '', '', '', 'Yukarıda kontrol tarihinde teknik özellikleri belirtilen Yangın Söndürme Sistemi ; mevcut şartlar altında 25 Nisan 2013 tarih ve 28628 sayılı resmi gazetede yayınlanan "İş Ekipmanlarının Kullanımında Sağlık Ve Güvenlik Şartları Yönetmeliği" nde belirtilen kriterlere uygun olarak TS ISO 11602-2 standartı 4.2 maddesine göre Periyodik Kontrol\'ü yapılmıştır. Bu kontrol raporu muayene tarihindeki durumunu yansıtır, uygunluğun devamlılığından işveren sorumludur.Yangın söndürme cihazlarının kullanılmasında teknik olarak sakınca yoktur\r\n                ', 3, 3, '', '', NULL, NULL, NULL, NULL, '', 0, '2024-09-13 16:03:04', 0, ''),
	(188, 'YSC0039', '', '1', '', '2024-09-10', '', '1', '2024-09-24', 67, '                                    ', '', '', '', 'Yukarıda kontrol tarihinde teknik özellikleri belirtilen Yangın Söndürme Sistemi ; mevcut şartlar altında 25 Nisan 2013 tarih ve 28628 sayılı resmi gazetede yayınlanan "İş Ekipmanlarının Kullanımında Sağlık Ve Güvenlik Şartları Yönetmeliği" nde belirtilen kriterlere uygun olarak TS ISO 11602-2 standartı 4.2 maddesine göre Periyodik Kontrol\'ü yapılmıştır. Bu kontrol raporu muayene tarihindeki durumunu yansıtır, uygunluğun devamlılığından işveren sorumludur.Yangın söndürme cihazlarının kullanılmasında teknik olarak sakınca yoktur\r\n                ', 4, 4, '', '', NULL, NULL, NULL, NULL, '', 0, '2024-09-13 16:04:11', 0, ''),
	(189, 'YSC0039', '', '12', '', '2024-04-20', '', '12 Ay', '2024-04-20', 59, '                    <span style="background-color: rgb(156, 198, 239);"><font color="#efefef"><b><u>Deneme İçerik Kaydedildi</u></b></font></span>                ', '', '', '', 'Yukarıda kontrol tarihinde teknik özellikleri belirtilen Yangın Söndürme Sistemi ; mevcut şartlar altında 25 Nisan 2013 tarih ve 28628 sayılı resmi gazetede yayınlanan "İş Ekipmanlarının Kullanımında Sağlık Ve Güvenlik Şartları Yönetmeliği" nde belirtilen kriterlere uygun olarak TS ISO 11602-2 standartı 4.2 maddesine göre Periyodik Kontrol\'ü yapılmıştır. Bu kontrol raporu muayene tarihindeki durumunu yansıtır, uygunluğun devamlılığından işveren sorumludur.Yangın söndürme cihazlarının kullanılmasında teknik olarak sakınca yoktur\r\n                ', 3, 3, '', '', NULL, NULL, NULL, NULL, '', 0, '2024-09-13 16:05:04', 0, '');

-- tablo yapısı dökülüyor puantoryeni.report_ysc_content
CREATE TABLE IF NOT EXISTS `report_ysc_content` (
  `id` int(50) NOT NULL AUTO_INCREMENT,
  `report_id` int(20) NOT NULL,
  `cihaz_no` varchar(50) DEFAULT NULL,
  `bulundugu_bolge` varchar(100) DEFAULT NULL,
  `cinsi` varchar(255) DEFAULT NULL,
  `cihaz_dolum_tarihi` varchar(20) DEFAULT NULL,
  `cihaz_sonkullanma_tarihi` varchar(20) DEFAULT NULL,
  `kontrol_tarihi_1` varchar(20) DEFAULT NULL,
  `kontrol_tarihi_2` varchar(20) DEFAULT NULL,
  `islem_kontrol_tarihi_1` varchar(20) DEFAULT NULL,
  `islem_kontrol_tarihi_2` varchar(20) DEFAULT NULL,
  `dis_muhafaza` varchar(2) DEFAULT NULL,
  `cevre_kontrolu` varchar(2) DEFAULT NULL,
  `pim_kontrolu` varchar(2) DEFAULT NULL,
  `manometre_kontrolu` varchar(2) DEFAULT NULL,
  `hortum_kontrolu` varchar(2) DEFAULT NULL,
  `talimat_kontrolu` varchar(2) DEFAULT NULL,
  `agirlik_kontrolu` varchar(2) DEFAULT NULL,
  PRIMARY KEY (`id`)
) ENGINE=InnoDB AUTO_INCREMENT=4040 DEFAULT CHARSET=utf8mb4 COLLATE=utf8mb4_general_ci;

-- puantoryeni.report_ysc_content: ~808 rows (yaklaşık) tablosu için veriler indiriliyor
DELETE FROM `report_ysc_content`;
INSERT INTO `report_ysc_content` (`id`, `report_id`, `cihaz_no`, `bulundugu_bolge`, `cinsi`, `cihaz_dolum_tarihi`, `cihaz_sonkullanma_tarihi`, `kontrol_tarihi_1`, `kontrol_tarihi_2`, `islem_kontrol_tarihi_1`, `islem_kontrol_tarihi_2`, `dis_muhafaza`, `cevre_kontrolu`, `pim_kontrolu`, `manometre_kontrolu`, `hortum_kontrolu`, `talimat_kontrolu`, `agirlik_kontrolu`) VALUES
	(16, 21, 'YSC4267', '2.kat', NULL, '04-03-2024', '11-03-2024', '04-03-2024', '19-03-2024', '18-03-2024', '25-03-2024', '1', '0', '1', '0', '0', '1', '1'),
	(18, 23, 'YSC4267', '2.kat', NULL, '03-03-2024', '03-03-2024', '03-03-2024', '03-03-2024', '03-03-2024', '03-03-2024', '0', '1', '1', '1', '0', '1', '1'),
	(19, 24, 'YSC4267', '2.kat', NULL, '03-03-2024', '03-03-2024', '03-03-2024', '03-03-2024', '03-03-2024', '03-03-2024', '0', '1', '1', '1', '0', '1', '1'),
	(20, 25, 'YSC4267', '2.kat', NULL, '03-03-2024', '03-03-2024', '03-03-2024', '03-03-2024', '03-03-2024', '03-03-2024', '0', '1', '1', '1', '0', '1', '1'),
	(23, 19, 'YSC4512', '1.Kat', NULL, '25-03-2024', '30-03-2024', '25-03-2024', '30-03-2024', '18-03-2024', '18-03-2024', '1', '1', '1', '1', '0', '0', '1'),
	(24, 19, 'ysc78925634', '2.kat', NULL, '26-03-2024', '31-03-2024', '26-03-2024', '31-03-2024', '18-03-2024', '18-03-2024', '1', '0', '1', '0', '1', '1', '1'),
	(25, 22, 'YSC4267', '2.kat', NULL, '03-03-2024', '03-03-2024', '03-03-2024', '03-03-2024', '03-03-2024', '03-03-2024', '1', '1', '1', '1', '1', '1', '1'),
	(105, 109, '1', 'İŞLETME GİRİŞ', '50 KG KÖPÜKLÜ YSC', '02/2023', '02/2027', '06/2024', '', 'Kontrol', '', '1', '1', '1', '1', '1', '1', '1'),
	(106, 109, '2', 'İŞLETME İÇİ', '6 KG KKT YSC', '02/2023', '02/2027', '06/2024', '', 'Kontrol', '', '1', '1', '1', '1', '1', '1', '1'),
	(107, 109, '3', 'İŞLETME İÇİ', '6 KG KKT YSC', '02/2023', '02/2027', '06/2024', '', 'Kontrol', '', '1', '1', '1', '1', '1', '1', '1'),
	(108, 109, '4', 'İŞLETME İÇİ', '6 KG KKT YSC', '02/2023', '02/2027', '06/2024', '', 'Kontrol', '', '1', '1', '1', '1', '1', '1', '1'),
	(109, 109, '5', 'İŞLETME İÇİ', '6 KG KKT YSC', '02/2023', '02/2027', '06/2024', '', 'Kontrol', '', '1', '1', '1', '1', '1', '1', '1'),
	(110, 108, '1', 'MUTFAK GİRİŞİ', '6 KG KKT', '08.2023', '08.2027', '06.2024', '', 'KONTROL', '', '1', '1', '1', '1', '1', '1', '1'),
	(111, 108, '2', 'İŞLETME İÇİ', '6 KG KKT', '07.2021', '07.2025', '06.2024', '', 'KONTROL', '', '1', '1', '1', '1', '1', '1', '1'),
	(112, 108, '3', 'İŞLETME İÇİ TRAFO YANI', '50 KG KKT', '08.2023', '08.2027', '06.2024', '', 'KONTROL', '', '1', '1', '1', '1', '1', '1', '1'),
	(113, 108, '4', 'İŞLETME İÇİ', '12 KG KKT', '06.2024', '06.2028', '06.2024', '', 'DOLUM', '', '1', '1', '1', '1', '1', '1', '1'),
	(114, 108, '5', 'İŞLETME İÇİ', '12 KG KKT', '06.2024', '06.2028', '06.2024', '', 'DOLUM', '', '1', '1', '1', '1', '1', '1', '1'),
	(115, 108, '6', 'İŞLETME İÇİ', '25 KG KKT', '09.2023', '09.2027', '06.2024', '', 'KONTROL', '', '1', '1', '1', '1', '1', '1', '1'),
	(229, 110, '1', 'GÜVENLİK', '6 KG KKT YSC', '12/2021', '12/2025', '10/2023', '', 'Kontrol', '', '1', '1', '1', '1', '1', '1', '1'),
	(230, 110, '2', 'SEVKİYAT ', '50 KG KÖPÜKLÜ YSC', '11/2022', '11/2026', '10/2023', '', 'Kontrol', '', '1', '1', '1', '1', '1', '1', '1'),
	(231, 110, '3', 'SEVKİYAT GİRİŞ ELEK. PANO YANI', '5 KG CO2 YSC', '11/2022', '11/2026', '10/2023', '', 'Kontrol', '', '1', '1', '1', '1', '1', '1', '1'),
	(232, 110, '4', 'ALT KAT DOKUMA GİRİŞ', '6 KG KKT YSC', '10/2023', '10/2027', '10/2023', '', 'Dolum', '', '1', '1', '1', '1', '1', '1', '1'),
	(233, 110, '5', 'ALT KAT DOKUMA', '6 KG KKT YSC', '11/2022', '11/2026', '10/2023', '', 'Kontrol', '', '1', '1', '1', '1', '1', '1', '1'),
	(234, 110, '6', 'ALT KAT DOKUMA', '6 KG KKT YSC', '11/2022', '11/2026', '10/2023', '', 'Kontrol', '', '1', '1', '1', '1', '1', '1', '1'),
	(235, 110, '7', 'ALT KAT DOKUMA', '6 KG KKT YSC', '11/2022', '11/2026', '10/2023', '', 'Kontrol', '', '1', '1', '1', '1', '1', '1', '1'),
	(236, 110, '8', 'ALT KAT DOKUMA', '6 KG KKT YSC', '11/2022', '11/2026', '10/2023', '', 'Kontrol', '', '1', '1', '1', '1', '1', '1', '1'),
	(237, 110, '9', 'ALT KAT DOKUMA', '6 KG KKT YSC', '11/2022', '11/2026', '10/2023', '', 'Kontrol', '', '1', '1', '1', '1', '1', '1', '1'),
	(238, 110, '10', 'ALT KAT ÜRETİM SAĞ', '6 KG KKT YSC', '11/2022', '11/2026', '10/2023', '', 'Kontrol', '', '1', '1', '1', '1', '1', '1', '1'),
	(239, 110, '11', 'ALT KAT ÜRETİM SOL', '6 KG KKT YSC', '06/2024', '06/2028', '10/2023', '', 'Kontrol', '', '1', '1', '1', '1', '1', '1', '1'),
	(240, 110, '12', 'ALT KAT ÜRETİM SOL', '6 KG KKT YSC', '10/2023', '10/2027', '10/2023', '', 'Dolum', '', '1', '1', '1', '1', '1', '1', '1'),
	(241, 110, '13', 'ALT KAT ÜRETİM SAĞ', '25 KG KÖPÜKLÜ YSC', '10/2023', '10/2027', '10/2023', '', 'Dolum', '', '1', '1', '1', '1', '1', '1', '1'),
	(242, 110, '14', 'ALT KAT ÜRETİM SAĞ', '6 KG KKT YSC', '06/2024', '06/2028', '10/2023', '', 'Kontrol', '', '1', '1', '1', '1', '1', '1', '1'),
	(243, 110, '15', 'ALT KAT ÜRETİM ORTA KOLON', '6 KG KKT YSC', '12/2021', '12/2025', '10/2023', '', '', '', '1', '1', '1', '1', '1', '1', '1'),
	(244, 110, '16', 'ALT KAT ÜRETİM ORTA KOLON', '6 KG KKT YSC', '06/2024', '06/2028', '10/2023', '', 'Kontrol', '', '1', '1', '1', '1', '1', '1', '1'),
	(245, 110, '17', 'ALT KAT ÜRETİM ORTA KOLON', '25 KG KÖPÜKLÜ YSC', '11/2022', '11/2026', '10/2023', '', '', '', '1', '1', '1', '1', '1', '1', '1'),
	(246, 110, '18', 'ALT KAT ÜRETİM ORTA KOLON', '25 KG KKT YSC', '10/2023', '10/2027', '10/2023', '', 'Kontrol', '', '1', '1', '1', '1', '1', '1', '1'),
	(247, 110, '19', 'ÜST KAT DEPO', '25 KG KÖPÜKLÜ YSC', '06/2024', '06/2028', '10/2023', '', '', '', '1', '1', '1', '1', '1', '1', '1'),
	(248, 110, '20', 'ÜRETİM ÜST KAT SAĞ KOLON', '6 KG KKT YSC', '10/2023', '10/2027', '10/2023', '', 'Kontrol', '', '1', '1', '1', '1', '1', '1', '1'),
	(249, 110, '21', 'ÜRETİM DEVERE MAKİNA YANI', '6 KG KKT YSC', '11/2022', '11/2026', '10/2023', '', '', '', '1', '1', '1', '1', '1', '1', '1'),
	(250, 110, '22', 'ÜST KAT DEVERE MAKİNA YANI', '50 KG KÖPÜKLÜ YSC', '11/2022', '11/2026', '10/2023', '', 'Yeni', '', '1', '1', '1', '1', '1', '1', '1'),
	(251, 110, '23', 'ÜST KAT DEVERE MAKİNA YANI', '6 KG KKT YSC', '11/2022', '11/2026', '10/2023', '', '', '', '1', '1', '1', '1', '1', '1', '1'),
	(252, 110, '24', 'İDARİ ODA GİRİŞ', '6 KG KKT YSC', '06/2024', '06/2028', '10/2023', '', 'Kontrol', '', '1', '1', '1', '1', '1', '1', '1'),
	(253, 110, '25', 'ÜST KAT ÜRETİM SAĞ KOLON', '50 KG KÖPÜKLÜ YSC', '10/2023', '10/2027', '10/2023', '', '', '', '1', '1', '1', '1', '1', '1', '1'),
	(254, 110, '26', 'YEMEKHANE', '6 KG BİOVERSAL', '11/2022', '11/2026', '10/2023', '', 'Dolum', '', '1', '1', '1', '1', '1', '1', '1'),
	(284, 111, '1', 'İDARİ BİNA İÇİ', '6 KG BİOVERSAL YSC', '03/2023', '03/2027', '06/2024', '', 'Kontrol', '', '1', '1', '1', '1', '1', '1', '1'),
	(285, 111, '2', 'İDARİ BİNA GİRİŞ', '6 KG BİOVERSAL YSC', '03/2023', '03/2027', '06/2024', '', 'Kontrol', '', '1', '1', '1', '1', '1', '1', '1'),
	(286, 111, '3', 'DEPO 1 ÜSTÜ MOTOR DAİRESİ', '5 KG CO2 YSC', '03/2023', '03/2027', '06/2024', '', 'Kontrol', '', '1', '1', '1', '1', '1', '1', '1'),
	(287, 111, '4', 'DEPO 1 ÜSTÜ MOTOR DAİRESİ', '5 KG CO2 YSC', '03/2023', '03/2027', '06/2024', '', 'Kontrol', '', '1', '1', '1', '1', '1', '1', '1'),
	(288, 111, '5', 'DEPO 1 İÇİ KORİDOR', '6 KG BİOVERSAL YSC', '03/2023', '03/2027', '06/2024', '', 'Kontrol', '', '1', '1', '1', '1', '1', '1', '1'),
	(289, 111, '6', 'DEPO 1 İÇİ GİRİŞ', '50 KG KKT YSC', '03/2023', '03/2027', '06/2024', '', 'Kontrol', '', '1', '1', '1', '1', '1', '1', '1'),
	(290, 111, '7', 'DEPO 2 VE DEPO 3 GİRİŞ', '50 KG KKT YSC', '03/2023', '03/2027', '06/2024', '', 'Kontrol', '', '1', '1', '1', '1', '1', '1', '1'),
	(291, 111, '8', 'DEPO 2 VE DEPO 3 GİRİŞ MOTOR DAİRESİ', '5 KG CO2 YSC', '03/2023', '03/2027', '06/2024', '', 'Kontrol', '', '1', '1', '1', '1', '1', '1', '1'),
	(292, 111, '9', 'DEPO 2 VE DEPO 3 GİRİŞ MOTOR DAİRESİ', '5 KG CO2 YSC', '03/2023', '03/2027', '06/2024', '', 'Kontrol', '', '1', '1', '1', '1', '1', '1', '1'),
	(293, 111, '10', 'DEPO 2 GİRİŞ', '50 KG KÖPÜKLÜ YSC', '06/2024', '06/2028', '06/2024', '', 'Dolum', '', '1', '1', '1', '1', '1', '1', '1'),
	(294, 111, '11', 'DEPO 2 İÇİ KORİDOR', '50 KG KÖPÜKLÜ YSC', '03/2023', '03/2027', '06/2024', '', 'Kontrol', '', '1', '1', '1', '1', '1', '1', '1'),
	(295, 111, '12', 'DEPO 3', '50 KG KKT YSC', '06/2024', '06/2028', '06/2024', '', 'Dolum', '', '1', '1', '1', '1', '1', '1', '1'),
	(296, 111, '13', 'DEPO 3 ÇIKIŞ YÜKLEME ED', '50 KG BİOVERSAL YSC', '03/2023', '03/2027', '06/2024', '', 'Kontrol', '', '1', '1', '1', '1', '1', '1', '1'),
	(297, 111, '14', 'OTOPARK', '6 KG BİOVERSAL YSC', '06/2024', '06/2028', '06/2024', '', 'Dolum', '', '1', '1', '1', '1', '1', '1', '1'),
	(298, 111, '15', 'OTOPARK', '6 KG BİOVERSAL YSC', '03/2023', '03/2027', '06/2024', '', 'Kontrol', '', '1', '1', '1', '1', '1', '1', '1'),
	(299, 111, '16', 'OTOPARK E. PANO YANI', '5 KG CO2 YSC', '03/2023', '03/2027', '06/2024', '', 'Kontrol', '', '1', '1', '1', '1', '1', '1', '1'),
	(300, 111, '17', 'MESCİD YANI E. PANO', '5 KG CO2 YSC', '03/2023', '03/2027', '06/2024', '', 'Kontrol', '', '1', '1', '1', '1', '1', '1', '1'),
	(301, 111, '18', 'MESCİD YANI GÜVENLİK', '6 KG BİOVERSAL YSC', '06/2024', '06/2028', '06/2024', '', 'Dolum', '', '1', '1', '1', '1', '1', '1', '1'),
	(302, 111, '19', 'TARIM ALETLERİ OTOPARK', '6 KG BİOVERSAL YSC', '03/2023', '03/2027', '06/2024', '', 'Kontrol', '', '1', '1', '1', '1', '1', '1', '1'),
	(303, 111, '20', 'AMBAR GİRİŞ', '50 KG KÖPÜKLÜ YSC', '06/2024', '06/2028', '06/2024', '', 'Dolum', '', '1', '1', '1', '1', '1', '1', '1'),
	(304, 111, '21', 'DEPO 1 ÜSTÜ MOTOR DAİRESİ', '2 KG HFC PANO İÇİ', '10/2022', '10/2026', '06/2024', '', 'Kontrol', '', '1', '1', '1', '1', '1', '1', '1'),
	(305, 111, '22', 'DEPO 2 GİRİŞ', '2 KG HFC PANO İÇİ', '10/2022', '10/2026', '06/2024', '', 'Kontrol', '', '1', '1', '1', '1', '1', '1', '1'),
	(306, 111, '23', 'DEPO 2 ÜSTÜ MOTOR DAİRESİ', '1 KG HFC PANO İÇİ', '10/2022', '10/2026', '06/2024', '', 'Kontrol', '', '1', '1', '1', '1', '1', '1', '1'),
	(307, 111, '24', 'DEPO 2 ÜSTÜ MOTOR DAİRESİ', '1 KG HFC PANO İÇİ', '10/2022', '10/2026', '06/2024', '', 'Kontrol', '', '1', '1', '1', '1', '1', '1', '1'),
	(308, 111, '25', 'DEPO 2 ÜSTÜ MOTOR DAİRESİ', '1 KG HFC PANO İÇİ', '10/2022', '10/2026', '06/2024', '', 'Kontrol', '', '1', '1', '1', '1', '1', '1', '1'),
	(309, 111, '26', 'DEPO 2 ÜSTÜ MOTOR DAİRESİ', '1 KG HFC PANO İÇİ', '10/2022', '10/2026', '06/2024', '', 'Kontrol', '', '1', '1', '1', '1', '1', '1', '1'),
	(310, 111, '27', 'DEPO 2 ÜSTÜ MOTOR DAİRESİ', '1 KG HFC PANO İÇİ', '10/2022', '10/2026', '06/2024', '', 'Kontrol', '', '1', '1', '1', '1', '1', '1', '1'),
	(311, 111, '28', 'DEPO 2 ÜSTÜ MOTOR DAİRESİ', '1 KG HFC PANO İÇİ', '10/2022', '10/2026', '06/2024', '', 'Kontrol', '', '1', '1', '1', '1', '1', '1', '1'),
	(312, 111, '29', 'DEPO 2 ÜSTÜ MOTOR DAİRESİ', '1 KG HFC PANO İÇİ', '10/2022', '10/2026', '06/2024', '', 'Kontrol', '', '1', '1', '1', '1', '1', '1', '1'),
	(313, 111, '30', 'DEPO 2 ÜSTÜ MOTOR DAİRESİ', '1 KG HFC PANO İÇİ', '10/2022', '10/2026', '06/2024', '', 'Kontrol', NULL, '1', '1', '1', '1', '1', '1', '1'),
	(314, 111, '31', 'DEPO 2 ÜSTÜ MOTOR DAİRESİ', '1 KG HFC PANO İÇİ', '10/2022', '10/2026', '06/2024', '', '', NULL, '1', '1', '1', '1', '1', '1', '1'),
	(315, 111, '32', 'DEPO 2 ÜSTÜ MOTOR DAİRESİ', '1 KG HFC PANO İÇİ', '10/2022', '10/2026', '06/2024', '', 'Kontrol', NULL, '1', '1', '1', '1', '1', '1', '1'),
	(316, 111, '33', 'DEPO 2 ÜSTÜ MOTOR DAİRESİ', '1 KG HFC PANO İÇİ', '10/2022', '10/2026', '06/2024', '', '', NULL, '1', '1', '1', '1', '1', '1', '1'),
	(317, 111, '34', 'DEPO 2 ÜSTÜ MOTOR DAİRESİ', '1 KG HFC PANO İÇİ', '10/2022', '10/2026', '06/2024', '', 'Kontrol', NULL, '1', '1', '1', '1', '1', '1', '1'),
	(337, 112, '1', 'İDARİ BİNA 4.KAT ARŞİV', '6 KG KKT YSC', '06/2024', '06/2028', '06/2024', '', 'Dolum', '', '1', '1', '1', '1', '1', '1', '1'),
	(338, 112, '2', 'İDARİ BİNA 3.KAT', '6 KG HFC 236 FA YSC', '06/2024', '06/2028', '06/2024', '', 'Dolum', '', '1', '1', '1', '1', '1', '1', '1'),
	(339, 112, '3', 'İDARİ BİNA 2.KAT', '6 KG HFC 236 FA YSC', '11/2020', '11/2024', '06/2024', '', 'Kontrol', '', '1', '1', '1', '1', '1', '1', '1'),
	(340, 112, '4', 'İDARİ BİNA 1.KAT', '6 KG HFC 236 FA YSC', '11/2020', '11/2024', '06/2024', '', 'Kontrol', '', '1', '1', '1', '1', '1', '1', '1'),
	(341, 112, '5', 'İDARİ BİNA ZEMİN KAT', '6 KG HFC 236 FA YSC', '11/2020', '11/2024', '06/2024', '', 'Kontrol', '', '1', '1', '1', '1', '1', '1', '1'),
	(342, 112, '6', 'İŞLETME UN DEPOSU', '6 KG KKT YSC', '11/2020', '11/2024', '06/2024', '', 'Kontrol', '', '1', '1', '1', '1', '1', '1', '1'),
	(343, 112, '7', 'İŞLETME STOK ALANI', '50 KG KÖPÜKLÜ YSC', '11/2020', '11/2024', '06/2024', '', 'Kontrol', '', '1', '1', '1', '1', '1', '1', '1'),
	(344, 112, '8', 'İŞLETME STOK ALANI', '6 KG KKT YSC', '06/2024', '06/2028', '06/2024', '', 'Kontrol', '', '1', '1', '1', '1', '1', '1', '1'),
	(345, 112, '9', 'İŞLETME STOK ALANI', '6 KG KKT YSC', '07/2024', '07/2028', '06/2024', '', 'Yeni', '', '1', '1', '1', '1', '1', '1', '1'),
	(346, 112, '10', 'İŞLETME YEMEK DEPOSU', '6 KG KKT YSC', '11/2020', '11/2024', '06/2024', '', 'Kontrol', '', '1', '1', '1', '1', '1', '1', '1'),
	(347, 112, '11', 'İŞLETME YEM ÇUVALAMA', '6 KG KKT YSC', '11/2020', '11/2024', '06/2024', '', 'Kontrol', '', '1', '1', '1', '1', '1', '1', '1'),
	(348, 112, '12', 'YEMEKHANE-BAHÇE', '6 KG KKT YSC', '11/2020', '11/2024', '06/2024', '', 'Kontrol', '', '1', '1', '1', '1', '1', '1', '1'),
	(349, 112, '13', 'YEMEKHANE-İÇİ', '5 KG CO2 YSC', '11/2020', '11/2024', '06/2024', '', 'Kontrol', '', '1', '1', '1', '1', '1', '1', '1'),
	(350, 112, '14', 'ÇAMAŞIRHANE', '6 KG KKT YSC', '11/2020', '11/2024', '06/2024', '', 'Dolum', '', '1', '1', '1', '1', '1', '1', '1'),
	(351, 112, '15', 'ÜST KAT YEM DEPO GİRİŞ', '12 KG KKT YSC', '11/2020', '11/2024', '06/2024', '', 'Kontrol', '', '1', '1', '1', '1', '1', '1', '1'),
	(352, 112, '16', 'ÜST KAT YEM DEPO ', '12 KG KKT YSC', '11/2020', '11/2024', '06/2024', '', 'Kontrol', '', '1', '1', '1', '1', '1', '1', '1'),
	(353, 112, '17', 'ÜST KAT YEM DEPO ', '50 KG KÖPÜKLÜ YSC', '11/2020', '11/2024', '06/2024', '', 'Kontrol', '', '1', '1', '1', '1', '1', '1', '1'),
	(354, 112, '18', 'ÜST KAT YEM DEPO ', '50 KG KÖPÜKLÜ YSC', '11/2020', '11/2024', '06/2024', '', 'Kontrol', '', '1', '1', '1', '1', '1', '1', '1'),
	(355, 112, '19', 'DIŞ ALAN OTOPARK', '6 KG KKT YSC', '06/2024', '06/2028', '06/2024', '', 'Dolum', '', '1', '1', '1', '1', '1', '1', '1'),
	(356, 112, '20', 'ÜST KAT DEPO TRAFO YANI', '5 KG CO2 YSC', '07/2024', '07/2028', '06/2024', '', 'Yeni', NULL, '1', '1', '1', '1', '1', '1', '1'),
	(518, 113, '1', 'ÜST KAT ASANSÖR YANI', '6 KG KKT YSC', '06/2024', '06/2028', '09/2022', '', 'Kontrol', '', '1', '1', '1', '1', '1', '1', '1'),
	(519, 113, '2', 'ÜST KAT DEPO', '6 KG KKT YSC', '06/2024', '06/2028', '09/2022', '', 'Kontrol', '', '1', '1', '1', '1', '1', '1', '1'),
	(520, 113, '3', 'ÜST KAT DEPO', '50 KG KÖPÜKLÜ YSC', '06/2024', '06/2028', '09/2022', '', 'Kontrol', '', '1', '1', '1', '1', '1', '1', '1'),
	(521, 113, '4', 'ÜST KAT DEPO', '6 KG KKT YSC', '09/2022', '09/2026', '09/2022', '', 'Dolum', '', '1', '1', '1', '1', '1', '1', '1'),
	(522, 113, '5', 'ÜST KAT DEPO', '6 KG KKT YSC', '06/2024', '06/2028', '09/2022', '', 'Kontrol', '', '1', '1', '1', '1', '1', '1', '1'),
	(523, 113, '6', 'ÜST KAT DEPO', '6 KG KKT YSC', '06/2024', '06/2028', '09/2022', '', 'Kontrol', '', '1', '1', '1', '1', '1', '1', '1'),
	(524, 113, '7', 'ÜST KAT DEPO', '6 KG KKT YSC', '06/2024', '06/2028', '09/2022', '', 'Kontrol', '', '1', '1', '1', '1', '1', '1', '1'),
	(525, 113, '8', 'ÜST KAT DEPO', '6 KG KKT YSC', '09/2021', '09/2025', '09/2022', '', 'Kontrol', '', '1', '1', '1', '1', '1', '1', '1'),
	(526, 113, '9', 'ÜST KAT DEPO', '50 KG KÖPÜKLÜ YSC', '06/2024', '06/2028', '09/2022', '', 'Kontrol', '', '1', '1', '1', '1', '1', '1', '1'),
	(527, 113, '10', 'ÜST KAT DEPO', '6 KG KKT YSC', '06/2024', '06/2028', '09/2022', '', 'Kontrol', '', '1', '1', '1', '1', '1', '1', '1'),
	(528, 113, '11', 'ÜST KAT DEPO', '6 KG KKT YSC', '06/2024', '06/2028', '09/2022', '', 'Kontrol', '', '1', '1', '1', '1', '1', '1', '1'),
	(529, 113, '12', 'ÜST KAT DEPO', '6 KG KKT YSC', '06/2024', '06/2028', '09/2022', '', 'Kontrol', '', '1', '1', '1', '1', '1', '1', '1'),
	(530, 113, '13', 'ÜST KAT DEPO', '50 KG KÖPÜKLÜ YSC', '06/2024', '06/2028', '09/2022', '', 'Kontrol', '', '1', '1', '1', '1', '1', '1', '1'),
	(531, 113, '14', 'ALT KAT DEPO', '50 KG KÖPÜKLÜ YSC', '06/2024', '06/2028', '09/2022', '', 'Kontrol', '', '1', '1', '1', '1', '1', '1', '1'),
	(532, 113, '15', 'ALT KAT DEPO', '6 KG KKT YSC', '02/2020', '02/2024', '09/2022', '', 'Kontrol', '', '1', '1', '1', '1', '1', '1', '1'),
	(533, 113, '16', 'ALT KAT DEPO', '6 KG KKT YSC', '09/2022', '09/2026', '09/2022', '', 'Dolum', '', '1', '1', '1', '1', '1', '1', '1'),
	(534, 113, '17', 'ALT KAT DEPO', '6 KG KKT YSC', '09/2022', '09/2026', '09/2022', '', 'Dolum', '', '1', '1', '1', '1', '1', '1', '1'),
	(535, 113, '18', 'ALT KAT DEPO', '6 KG KKT YSC', '09/2022', '09/2026', '09/2022', '', 'Dolum', '', '1', '1', '1', '1', '1', '1', '1'),
	(536, 113, '19', 'ALT KAT DEPO', '50 KG KÖPÜKLÜ YSC', '09/2021', '09/2025', '09/2022', '', 'Kontrol', '', '1', '1', '1', '1', '1', '1', '1'),
	(537, 113, '20', 'ALT KAT DEPO', '6 KG KKT YSC', '09/2021', '09/2025', '09/2022', '', 'Kontrol', '', '1', '1', '1', '1', '1', '1', '1'),
	(538, 113, '21', 'ALT KAT DEPO', '6 KG KKT YSC', '09/2021', '09/2025', '09/2022', '', 'Kontrol', '', '1', '1', '1', '1', '1', '1', '1'),
	(539, 113, '22', 'ALT KAT DEPO', '6 KG KKT YSC', '09/2021', '09/2025', '09/2022', '', 'Kontrol', '', '1', '1', '1', '1', '1', '1', '1'),
	(540, 113, '23', 'ALT KAT DEPO', '50 KG KÖPÜKLÜ YSC', '06/2024', '06/2028', '', '', '', '', '1', '1', '1', '1', '1', '1', '1'),
	(1749, 114, '1', 'DIŞ ALAN DOĞALGAZ', '50 KG KKT YSC', '10/2023', '10/2027', '06/2024', '', 'Kontrol', '', '1', '1', '1', '1', '1', '1', '1'),
	(1750, 114, '2', 'DIŞ ALAN DOĞALGAZ', '2 KG KKT YSC', '10/2023', '10/2027', '06/2024', '', 'Kontrol', '', '1', '1', '1', '1', '1', '1', '1'),
	(1751, 114, '3', 'BAKIM MALZEME DEPOSU', '6 KG KKT YSC', '10/2021', '10/2025', '06/2024', '', 'Kontrol', '', '1', '1', '1', '1', '1', '1', '1'),
	(1752, 114, '4', 'DİNLENME ALANI İÇİ', '50 KG KKT YSC', '06/2024', '06/2028', '06/2024', '', 'Dolum', '', '1', '1', '1', '1', '1', '1', '1'),
	(1753, 114, '5', 'M1 KAPISI YANI ACİL ÇIKIŞ SOL TARAF', '50 KG KKT YSC', '06/2024', '06/2028', '06/2024', '', 'Dolum', '', '1', '1', '1', '1', '1', '1', '1'),
	(1754, 114, '6', 'BAKIM ATÖLYESİ İÇİ', '6 KG D TOZLU YSC', '06/2023', '06/2027', '06/2024', '', 'Kontrol', '', '1', '1', '1', '1', '1', '1', '1'),
	(1755, 114, '7', 'FİKSÜR BAKIM ATÖLYESİ İÇİ', '6 KG KKT YSC', '02/2023', '02/2027', '06/2024', '', 'Kontrol', '', '1', '1', '1', '1', '1', '1', '1'),
	(1756, 114, '8', 'KALİTE OFİSİ İÇİ', '6 KG KKT YSC', '02/2023', '02/2027', '06/2024', '', 'Kontrol', '', '1', '1', '1', '1', '1', '1', '1'),
	(1757, 114, '9', 'KAYNAK ODASI', '6 KG KKT YSC', '03/2023', '03/2027', '06/2024', '', 'Kontrol', '', '1', '1', '1', '1', '1', '1', '1'),
	(1758, 114, '10', 'CMM LABORATUVAR İÇİ', '6 KG KKT YSC', '10/2021', '10/2025', '06/2024', '', 'Kontrol', '', '1', '1', '1', '1', '1', '1', '1'),
	(1759, 114, '11', 'FİKSÜR BAKIM ATÖLYESİ KARŞISI', '6 KG KKT YSC', '09/2022', '09/2026', '06/2024', '', 'Kontrol', '', '1', '1', '1', '1', '1', '1', '1'),
	(1760, 114, '12', 'GPS AMBAR YANI', '6 KG KKT YSC', '02/2023', '02/2027', '06/2024', '', 'Kontrol', '', '1', '1', '1', '1', '1', '1', '1'),
	(1761, 114, '13', 'SERVER A KABİN YANI', '6 KG KKT YSC', '10/2021', '10/2025', '06/2024', '', 'Kontrol', '', '1', '1', '1', '1', '1', '1', '1'),
	(1762, 114, '14', 'ASİTLİ YIKAMA ÜNİTESİ KARŞISI', '6 KG KKT YSC', '10/2021', '10/2025', '06/2024', '', 'Kontrol', '', '1', '1', '1', '1', '1', '1', '1'),
	(1763, 114, '15', 'ASİTLİ YIKAMA ÜNİTESİ ÖNÜ', '6 KG KKT YSC', '11/2022', '11/2026', '06/2024', '', 'Kontrol', '', '1', '1', '1', '1', '1', '1', '1'),
	(1764, 114, '16', 'ASİTLİ YIKAMA ÜNİTESİ ARKASI', '6 KG KKT YSC', '11/2022', '11/2026', '06/2024', '', 'Kontrol', '', '1', '1', '1', '1', '1', '1', '1'),
	(1765, 114, '17', 'ESKİ TERMİK FIRIN YANI Y.D. İÇİ', '6 KG KKT YSC', '06/2024', '06/2028', '06/2024', '', 'Dolum', '', '1', '1', '1', '1', '1', '1', '1'),
	(1766, 114, '18', 'ESKİ TERMİK FIRIN YANI', '6 KG KKT YSC', '11/2022', '11/2026', '06/2024', '', 'Kontrol', '', '1', '1', '1', '1', '1', '1', '1'),
	(1767, 114, '19', '5. HAT ACİL ÇIKIŞ KAPISI YANI', '6 KG KKT YSC', '11/2022', '11/2026', '06/2024', '', 'Kontrol', '', '1', '1', '1', '1', '1', '1', '1'),
	(1768, 114, '20', '5.HAT ACİL ÇIKIŞ KAPISI KARŞISI', '6 KG KKT YSC', '03/2023', '03/2027', '06/2024', '', 'Kontrol', '', '1', '1', '1', '1', '1', '1', '1'),
	(1769, 114, '21', '5. HAT ACİL ÇIKIŞ KAPISI YANI Y.D. İÇİ', '6 KG KKT YSC', '06/2024', '06/2028', '06/2024', '', 'Dolum', '', '1', '1', '1', '1', '1', '1', '1'),
	(1770, 114, '22', 'PROFİL AMBARI İÇİ', '6 KG KKT YSC', '11/2022', '11/2026', '06/2024', '', 'Kontrol', '', '1', '1', '1', '1', '1', '1', '1'),
	(1771, 114, '23', 'PROFİL AMBARI İÇİ BAKIM ATÖLYE KARŞISI', '6 KG KKT YSC', '11/2022', '11/2026', '06/2024', '', 'Kontrol', '', '1', '1', '1', '1', '1', '1', '1'),
	(1772, 114, '24', 'FİNAL KONTROL PARÇA BEKLEME ACİL ÇIKIŞ', '6 KG KKT YSC', '11/2022', '11/2026', '06/2024', '', 'Kontrol', '', '1', '1', '1', '1', '1', '1', '1'),
	(1773, 114, '25', 'FİKSÜR ALANI KARŞISI Y.D. İÇİ', '6 KG KKT YSC', '06/2024', '06/2028', '06/2024', '', 'Dolum', '', '1', '1', '1', '1', '1', '1', '1'),
	(1774, 114, '26', 'HİSLER MAKİNA ARKASI', '6 KG KKT YSC', '11/2022', '11/2026', '06/2024', '', 'Kontrol', '', '1', '1', '1', '1', '1', '1', '1'),
	(1775, 114, '27', 'YGM REVA MAKİNA ARKASI', '6 KG KKT YSC', '11/2022', '11/2026', '06/2024', '', 'Kontrol', '', '1', '1', '1', '1', '1', '1', '1'),
	(1776, 114, '28', 'YGM REVA MAKİNA KARŞISI', '6 KG KKT YSC', '11/2022', '11/2026', '06/2024', '', 'Kontrol', '', '1', '1', '1', '1', '1', '1', '1'),
	(1777, 114, '29', 'TALAŞ İMALAT OFİSİ YANI ACİL ÇIKIŞ Y.D. İÇİ', '6 KG KKT YSC', '06/2024', '06/2028', '06/2024', '', 'Dolum', '', '1', '1', '1', '1', '1', '1', '1'),
	(1778, 114, '30', 'ÜRETİM KALİTE OFİS İÇİ', '6 KG KKT YSC', '06/2024', '06/2028', '06/2024', '', 'Dolum', '', '1', '1', '1', '1', '1', '1', '1'),
	(1779, 114, '31', 'ÜRETİM KALİTE MÜDÜR ODASI ÖNÜ', '6 KG KKT YSC', '01/2021', '01/2025', '06/2024', '', 'Kontrol', '', '1', '1', '1', '1', '1', '1', '1'),
	(1780, 114, '32', 'ÜRETİM KALİTE BAKIM MÜDÜR ODASI KARŞISI Y.D.', '6 KG KKT YSC', '10/2021', '10/2025', '06/2024', '', 'Kontrol', '', '1', '1', '1', '1', '1', '1', '1'),
	(1781, 114, '33', 'ÜRETİM KALİTE OFİS ÖNÜ', '6 KG KKT YSC', '11/2022', '11/2026', '06/2024', '', 'Kontrol', '', '1', '1', '1', '1', '1', '1', '1'),
	(1782, 114, '34', 'KALİTE OFİSİ İÇİ KAFETERYA MASA YANI', '6 KG KKT YSC', '08/2021', '08/2025', '06/2024', '', 'Kontrol', '', '1', '1', '1', '1', '1', '1', '1'),
	(1783, 114, '35', 'ÜPH OFİSİ İÇİ', '6 KG KKT YSC', '08/2021', '08/2025', '06/2024', '', 'Kontrol', '', '1', '1', '1', '1', '1', '1', '1'),
	(1784, 114, '36', 'İNSAN KAYNAKLARI İÇİ', '6 KG KKT YSC', '11/2021', '11/2025', '06/2024', '', 'Kontrol', '', '1', '1', '1', '1', '1', '1', '1'),
	(1785, 114, '37', 'İNSAN KAYNAKLARI OFİS GİRİŞ Y.D. İÇİ', '6 KG KKT YSC', '01/2021', '01/2025', '06/2024', '', 'Kontrol', '', '1', '1', '1', '1', '1', '1', '1'),
	(1786, 114, '38', '4.HAT 1.CNC YANI', '6 KG KKT YSC', '11/2022', '11/2026', '06/2024', '', 'Kontrol', '', '1', '1', '1', '1', '1', '1', '1'),
	(1787, 114, '39', 'V363 YGM YANI KOLON', '6 KG KKT YSC', '07/2022', '07/2026', '06/2024', '', 'Kontrol', '', '1', '1', '1', '1', '1', '1', '1'),
	(1788, 114, '40', 'V710 BURÇ ÇAKMA MAKİNA ARKASI ', '6 KG KKT YSC', '11/2022', '11/2026', '06/2024', '', 'Kontrol', '', '1', '1', '1', '1', '1', '1', '1'),
	(1789, 114, '41', 'V710 KAYNAK HÜCRESİ', '6 KG KKT YSC', '06/2024', '06/2028', '06/2024', '', 'Dolum', '', '1', '1', '1', '1', '1', '1', '1'),
	(1790, 114, '42', 'STANDART CNC 11 ', '6 KG KKT YSC', '12/2022', '12/2026', '06/2024', '', 'Kontrol', '', '1', '1', '1', '1', '1', '1', '1'),
	(1791, 114, '43', 'STANDART CNC 8', '6 KG KKT YSC', '10/2021', '10/2025', '06/2024', '', 'Kontrol', '', '1', '1', '1', '1', '1', '1', '1'),
	(1792, 114, '44', 'STANDART CNES KARŞISI', '6 KG KKT YSC', '02/2023', '02/2027', '06/2024', '', 'Kontrol', '', '1', '1', '1', '1', '1', '1', '1'),
	(1793, 114, '45', '2.KAT OTOMATİK DİŞ AÇMA MAKİNA ÇAPRAZI Y.D.', '6 KG KKT YSC', '10/2021', '10/2025', '06/2024', '', 'Kontrol', '', '1', '1', '1', '1', '1', '1', '1'),
	(1794, 114, '46', '2.KAT 1.STANDART CNC YANI', '6 KG KKT YSC', '02/2023', '02/2027', '06/2024', '', 'Basınç', '', '1', '1', '1', '1', '1', '1', '1'),
	(1795, 114, '47', '2.KAT STANDART CNC İŞLEME MAKİNA ARKASI ', '6 KG KKT YSC', '02/2023', '02/2027', '06/2024', '', 'Kontrol', '', '1', '1', '1', '1', '1', '1', '1'),
	(1796, 114, '48', '2.KAT VİDALAMA MONTAJ MAKİNA YANI Y.D. İÇİ', '6 KG KKT YSC', '06/2024', '06/2028', '06/2024', '', 'Dolum', '', '1', '1', '1', '1', '1', '1', '1'),
	(1797, 114, '49', '3.KAT BURÇ ÇAKMA MAKİNA YANI', '6 KG KKT YSC', '01/1999', '01/2003', '06/2024', '', 'Yeni isteniyor', '', '1', '1', '1', '1', '1', '1', '1'),
	(1798, 114, '50', 'ARGE MERKEZ LABORAR YANI Y.D. İÇİATUV', '6 KG KKT YSC', '04/2023', '04/2027', '06/2024', '', 'Kontrol', '', '1', '1', '1', '1', '1', '1', '1'),
	(1799, 114, '51', 'SENDİKA OFİS İÇİ', '6 KG KKT YSC', '11/2022', '11/2026', '06/2024', '', 'Kontrol', '', '1', '1', '1', '1', '1', '1', '1'),
	(1800, 114, '52', 'S1 KAPI İÇİ', '50 KG KÖPÜKLÜ YSC', '10/2021', '10/2025', '06/2024', '', 'Kontrol', '', '1', '1', '1', '1', '1', '1', '1'),
	(1801, 114, '53', 'S1 KAPI Y.D. İÇİ', '6 KG KKT YSC', '06/2024', '06/2028', '06/2024', '', 'Dolum', '', '1', '1', '1', '1', '1', '1', '1'),
	(1802, 114, '54', 'SEVKİYAT YANGIN VANA BÖLGESİ YANI', '6 KG KKT YSC', '11/2022', '11/2026', '06/2024', '', 'Kontrol', '', '1', '1', '1', '1', '1', '1', '1'),
	(1803, 114, '55', 'SEVKİYAT DEPOLAMA ALANI ACİL ÇIKIŞ KAPISI', '6 KG KKT YSC', '07/2022', '07/2026', '06/2024', '', 'Kontrol', '', '1', '1', '1', '1', '1', '1', '1'),
	(1804, 114, '56', 'SEVKİYAT ALANI', '6 KG KKT YSC', '09/2022', '09/2026', '06/2024', '', 'Basınç', '', '1', '1', '1', '1', '1', '1', '1'),
	(1805, 114, '57', 'EON KONTROL ÜNİTESİ ÇAPRAZI 1.KAT', '6 KG KKT YSC', '02/2023', '02/2027', '06/2024', '', 'Kontrol', '', '1', '1', '1', '1', '1', '1', '1'),
	(1806, 114, '58', '1.KAT LER VQ U6 CNC ÇAPRAZI', '6 KG KKT YSC', '11/2021', '11/2025', '06/2024', '', 'Kontrol', '', '1', '1', '1', '1', '1', '1', '1'),
	(1807, 114, '59', '1.KAT LER VQ U6 CNC YANI Y.D. İÇİ', '6 KG KKT YSC', '06/2024', '06/2028', '06/2024', '', 'Dolum', '', '1', '1', '1', '1', '1', '1', '1'),
	(1808, 114, '60', 'MERCEDES FUP KAYNAK ROBOT ÇAPRAZI', '6 KG KKT YSC', '03/2023', '03/2027', '06/2024', '', 'Kontrol', '', '1', '1', '1', '1', '1', '1', '1'),
	(1809, 114, '61', 'TERMİK FIRIN KARŞISI', '6 KG KKT YSC', '06/2024', '06/2028', '06/2024', '', 'Dolum', '', '1', '1', '1', '1', '1', '1', '1'),
	(1810, 114, '62', 'FORD FUP CNC ARKASI Y.D. İÇİ', '6 KG KKT YSC', '06/2024', '06/2028', '06/2024', '', 'Dolum', '', '1', '1', '1', '1', '1', '1', '1'),
	(1811, 114, '63', 'SENDİKA OFİS İÇİ', '6 KG KKT YSC', '01/1999', '01/2003', '06/2024', '', 'Yeni isteniyor', '', '1', '1', '1', '1', '1', '1', '1'),
	(1812, 114, '64', 'FABRİKA MÜDÜR OFİS Y.D. İÇİ', '6 KG KKT YSC', '01/2021', '01/2025', '06/2024', '', 'Kontrol', '', '1', '1', '1', '1', '1', '1', '1'),
	(1813, 114, '65', 'YEŞİLOVA GİRİŞ ARKA KAPI', '6 KG KKT YSC', '02/2023', '02/2027', '06/2024', '', 'Kontrol', '', '1', '1', '1', '1', '1', '1', '1'),
	(1814, 114, '66', 'CANSAN İSG ARKASI PANO YANI', '6 KG KKT YSC', '02/2023', '02/2027', '06/2024', '', 'Kontrol', '', '1', '1', '1', '1', '1', '1', '1'),
	(1815, 114, '67', 'MESCİD', '6 KG KKT YSC', '01/2021', '01/2025', '06/2024', '', 'Yeni isteniyor', '', '1', '1', '1', '1', '1', '1', '1'),
	(1816, 114, '68', 'STILL FORKLİFT', '1 KG KKT YSC', '07/2023', '07/2027', '06/2024', '', 'Kontrol', '', '1', '1', '1', '1', '1', '1', '1'),
	(1817, 114, '69', 'STILL FORKLİFT', '1 KG KKT YSC', '04/2023', '04/2027', '06/2024', '', 'Kontrol', '', '1', '1', '1', '1', '1', '1', '1'),
	(1818, 114, '70', 'DIŞ ALAN KİMYASAL DEPO', '2 KG KKT YSC', '10/2023', '10/2027', '06/2024', '', 'Kontrol', '', '1', '1', '1', '1', '1', '1', '1'),
	(1819, 114, '71', 'FORKLİFT 3', '1 KG KKT YSC', '12/2023', '12/2027', '06/2024', '', 'Kontrol', '', '1', '1', '1', '1', '1', '1', '1'),
	(1820, 114, '72', 'DIŞ ATIK ALANI', '6 KG KKT YSC', '05/2023', '05/2027', '06/2024', '', 'Yeni isteniyor', '', '1', '1', '1', '1', '1', '1', '1'),
	(1821, 114, '73', 'MÜHENDİSLİK OFİSİ', '6 KG KKT YSC', '07/2023', '07/2027', '06/2024', '', 'Kontrol', '', '1', '1', '1', '1', '1', '1', '1'),
	(1822, 114, '74', 'MÜHENDİSLİK OFİSİ', '6 KG KKT YSC', '07/2023', '07/2027', '06/2024', '', 'Kontrol', '', '1', '1', '1', '1', '1', '1', '1'),
	(1823, 114, '75', 'TAKIMHANE', '6 KG KKT YSC', '07/2023', '07/2027', '06/2024', '', 'Kontrol', '', '1', '1', '1', '1', '1', '1', '1'),
	(1824, 114, '76', 'S1 KAPI PANO YANI', '5 KG CO2 YSC', '10/2023', '10/2027', '06/2024', '', 'Kontrol', '', '1', '1', '1', '1', '1', '1', '1'),
	(1825, 114, '77', 'ARGE OFİS İÇİ', '6 KG HFC (TETİKLİ) YSC', '03/2023', '03/2027', '06/2024', '', 'Kontrol', '', '1', '1', '1', '1', '1', '1', '1'),
	(1826, 114, '78', 'ARGE OFİS İÇİ', '6 KG HFC (TETİKLİ) YSC', '03/2023', '03/2027', '06/2024', '', 'Kontrol', '', '1', '1', '1', '1', '1', '1', '1'),
	(1827, 114, '79', 'AZOT', '6 KG HFC (TETİKLİ) YSC', '06/2024', '06/2028', '06/2024', '', 'Dolum', '', '1', '1', '1', '1', '1', '1', '1'),
	(1828, 114, '80', 'DIŞ ALAN TÜP ALANI', '2 KG KKT YSC', '06/2024', '06/2028', '06/2024', '', 'Dolum', '', '1', '1', '1', '1', '1', '1', '1'),
	(1829, 114, '81', 'DIŞ ALAN TÜP ALANI', '2 KG KKT YSC', '10/2023', '10/2027', '06/2024', '', 'Kontrol', '', '1', '1', '1', '1', '1', '1', '1'),
	(1830, 114, '82', 'DIŞ AKÜ ŞARJ ALANI', '2 KG KKT YSC', '10/2023', '10/2027', '06/2024', '', 'Kontrol', '', '1', '1', '1', '1', '1', '1', '1'),
	(1831, 114, '83', 'PROFİL AMBARI', '6 KG KKT YSC', '03/2024', '03/2028', '06/2024', '', 'Kontrol', '', '1', '1', '1', '1', '1', '1', '1'),
	(1832, 114, '84', 'PROFİL AMBARI', '6 KG KKT YSC', '03/2024', '03/2028', '06/2024', '', 'Kontrol', '', '1', '1', '1', '1', '1', '1', '1'),
	(1833, 114, '85', 'PROFİL AMBARI', '6 KG KKT YSC', '03/2024', '03/2028', '06/2024', '', 'Kontrol', '', '1', '1', '1', '1', '1', '1', '1'),
	(1834, 114, '86', 'PROFİL AMBARI', '6 KG KKT YSC', '03/2024', '03/2028', '06/2024', '', 'Kontrol', '', '1', '1', '1', '1', '1', '1', '1'),
	(1835, 114, '87', 'PROFİL AMBARI', '6 KG KKT YSC', '03/2024', '03/2028', '06/2024', '', 'Kontrol', '', '1', '1', '1', '1', '1', '1', '1'),
	(1836, 114, '88', 'PROFİL AMBARI', '6 KG KKT YSC', '03/2024', '03/2028', '06/2024', '', 'Kontrol', '', '1', '1', '1', '1', '1', '1', '1'),
	(1837, 114, '89', 'MEGABRACE 4P KAYNAK', '2 KG KKT YSC', '10/2023', '10/2027', '06/2024', '', 'Kontrol', '', '1', '1', '1', '1', '1', '1', '1'),
	(1838, 114, '90', 'MEGABRACE 4P KAYNAK', '2 KG KKT YSC', '10/2023', '10/2027', '06/2024', '', 'Kontrol', '', '1', '1', '1', '1', '1', '1', '1'),
	(1839, 114, '91', 'MEGABRACE 4P KAYNAK', '2 KG KKT YSC', '10/2023', '10/2027', '06/2024', '', 'Kontrol', '', '1', '1', '1', '1', '1', '1', '1'),
	(1840, 114, '92', 'MEGABRACE 4P KAYNAK', '2 KG KKT YSC', '10/2023', '10/2027', '06/2024', '', 'Kontrol', '', '1', '1', '1', '1', '1', '1', '1'),
	(1841, 114, '93', '710 BT KAYNAK', '2 KG KKT YSC', '10/2023', '10/2027', '06/2024', '', 'Kontrol', '', '1', '1', '1', '1', '1', '1', '1'),
	(1842, 114, '94', '710 BT KAYNAK', '2 KG KKT YSC', '10/2023', '10/2027', '06/2024', '', 'Kontrol', '', '1', '1', '1', '1', '1', '1', '1'),
	(1843, 114, '95', '710 BT KAYNAK', '2 KG KKT YSC', '10/2023', '10/2027', '06/2024', '', 'Kontrol', '', '1', '1', '1', '1', '1', '1', '1'),
	(1844, 114, '96', '710 BT KAYNAK', '2 KG KKT YSC', '10/2023', '10/2027', '06/2024', '', 'Kontrol', '', '1', '1', '1', '1', '1', '1', '1'),
	(1845, 114, '97', 'V710 AWD KAYNAK', '2 KG KKT YSC', '10/2023', '10/2027', '06/2024', '', 'Kontrol', '', '1', '1', '1', '1', '1', '1', '1'),
	(1846, 114, '98', 'V710 AWD KAYNAK', '2 KG KKT YSC', '10/2023', '10/2027', '06/2024', '', 'Kontrol', '', '1', '1', '1', '1', '1', '1', '1'),
	(1847, 114, '99', 'V710 AWD KAYNAK', '2 KG KKT YSC', '10/2023', '10/2027', '06/2024', '', 'Kontrol', '', '1', '1', '1', '1', '1', '1', '1'),
	(1848, 114, '100', 'V710 AWD KAYNAK', '2 KG KKT YSC', '06/2024', '06/2028', '06/2024', '', 'Dolum', '', '1', '1', '1', '1', '1', '1', '1'),
	(1849, 114, '101', 'BURÇ KAYNAK', '2 KG KKT YSC', '10/2023', '10/2027', '06/2024', '', 'Kontrol', '', '1', '1', '1', '1', '1', '1', '1'),
	(1850, 114, '102', 'BURÇ KAYNAK', '2 KG KKT YSC', '10/2023', '10/2027', '06/2024', '', 'Kontrol', '', '1', '1', '1', '1', '1', '1', '1'),
	(1851, 114, '103', 'BURÇ KAYNAK', '2 KG KKT YSC', '10/2023', '10/2027', '06/2024', '', 'Kontrol', '', '1', '1', '1', '1', '1', '1', '1'),
	(1852, 114, '104', 'BURÇ KAYNAK', '2 KG KKT YSC', '10/2023', '10/2027', '06/2024', '', 'Kontrol', '', '1', '1', '1', '1', '1', '1', '1'),
	(1853, 114, '105', 'MEGABRACE KAYNAK', '2 KG KKT YSC', '10/2023', '10/2027', '06/2024', '', 'Kontrol', '', '1', '1', '1', '1', '1', '1', '1'),
	(1854, 114, '106', 'MEGABRACE KAYNAK', '2 KG KKT YSC', '10/2023', '10/2027', '06/2024', '', 'Kontrol', '', '1', '1', '1', '1', '1', '1', '1'),
	(1855, 114, '107', 'MEGABRACE KAYNAK', '2 KG KKT YSC', '10/2023', '10/2027', '06/2024', '', 'Kontrol', '', '1', '1', '1', '1', '1', '1', '1'),
	(1856, 114, '108', 'MEGABRACE KAYNAK', '2 KG KKT YSC', '10/2023', '10/2027', '06/2024', '', 'Kontrol', '', '1', '1', '1', '1', '1', '1', '1'),
	(1857, 114, '109', 'FORD V363 MEGABRACE KAYNAK', '2 KG KKT YSC', '10/2023', '10/2027', '06/2024', '', 'Kontrol', '', '1', '1', '1', '1', '1', '1', '1'),
	(1858, 114, '110', 'FORD V363 MEGABRACE KAYNAK', '2 KG KKT YSC', '10/2023', '10/2027', '06/2024', '', 'Kontrol', '', '1', '1', '1', '1', '1', '1', '1'),
	(1859, 114, '111', 'FORD V363 MEGABRACE KAYNAK', '2 KG KKT YSC', '10/2023', '10/2027', '06/2024', '', 'Kontrol', '', '1', '1', '1', '1', '1', '1', '1'),
	(1860, 114, '112', 'FORD V363 MEGABRACE KAYNAK', '2 KG KKT YSC', '10/2023', '10/2027', '06/2024', '', 'Kontrol', '', '1', '1', '1', '1', '1', '1', '1'),
	(1861, 114, '113', 'REWORK KAYNAK MAKİNASI (SEYYAR)', '2 KG KKT YSC', '10/2023', '10/2027', '06/2024', '', 'Kontrol', '', '1', '1', '1', '1', '1', '1', '1'),
	(1862, 114, '114', 'BÜKÜM MAKİNASI', '2 KG KKT YSC', '10/2023', '10/2027', '06/2024', '', 'Kontrol', '', '1', '1', '1', '1', '1', '1', '1'),
	(1863, 114, '115', 'BÜKÜM MAKİNASI', '2 KG KKT YSC', '10/2023', '10/2027', '06/2024', '', 'Kontrol', '', '1', '1', '1', '1', '1', '1', '1'),
	(1864, 114, '116', 'FORD FUP FIRIN', '2 KG KKT YSC', '10/2023', '10/2027', '06/2024', '', 'Kontrol', '', '1', '1', '1', '1', '1', '1', '1'),
	(1865, 114, '117', 'STİLL ELEKTRİKLİ TRANSPALET', '1 KG KKT YSC', '10/2023', '10/2027', '06/2024', '', 'Kontrol', '', '1', '1', '1', '1', '1', '1', '1'),
	(1866, 114, '118', 'FORD FUP KAYNAK', '2 KG KKT YSC', '10/2023', '10/2027', '06/2024', '', 'Kontrol', '', '1', '1', '1', '1', '1', '1', '1'),
	(1867, 114, '119', 'FORD FUP KAYNAK', '2 KG KKT YSC', '10/2023', '10/2027', '06/2024', '', 'Kontrol', '', '1', '1', '1', '1', '1', '1', '1'),
	(1868, 114, '120', 'FORD FUP KAYNAK', '2 KG KKT YSC', '10/2023', '10/2027', '06/2024', '', 'Kontrol', '', '1', '1', '1', '1', '1', '1', '1'),
	(1869, 114, '121', 'FORD FUP KAYNAK', '2 KG KKT YSC', '10/2023', '10/2027', '06/2024', '', 'Kontrol', '', '1', '1', '1', '1', '1', '1', '1'),
	(1870, 114, '122', 'TRAVERS MARKALAMA MAK. ARKASI', '2 KG KKT YSC', '10/2023', '10/2027', '06/2024', '', 'Kontrol', '', '1', '1', '1', '1', '1', '1', '1'),
	(1871, 114, '123', 'FORD V363 B.T. KAYNAK', '2 KG KKT YSC', '10/2023', '10/2027', '06/2024', '', 'Kontrol', '', '1', '1', '1', '1', '1', '1', '1'),
	(1872, 114, '124', 'FORD V363 B.T. KAYNAK', '2 KG KKT YSC', '10/2023', '10/2027', '06/2024', '', 'Kontrol', '', '1', '1', '1', '1', '1', '1', '1'),
	(1873, 114, '125', 'FORD V363 B.T. KAYNAK', '2 KG KKT YSC', '10/2023', '10/2027', '06/2024', '', 'Kontrol', '', '1', '1', '1', '1', '1', '1', '1'),
	(1874, 114, '126', 'FORD V363 B.T. KAYNAK', '2 KG KKT YSC', '10/2023', '10/2027', '06/2024', '', 'Kontrol', '', '1', '1', '1', '1', '1', '1', '1'),
	(1875, 114, '127', 'V363 4P B.T. KAYNAK', '2 KG KKT YSC', '10/2023', '10/2027', '06/2024', '', 'Kontrol', '', '1', '1', '1', '1', '1', '1', '1'),
	(1876, 114, '128', 'V363 4P B.T. KAYNAK', '2 KG KKT YSC', '10/2023', '10/2027', '06/2024', '', 'Kontrol', '', '1', '1', '1', '1', '1', '1', '1'),
	(1877, 114, '129', 'V363 4P B.T. KAYNAK', '2 KG KKT YSC', '10/2023', '10/2027', '06/2024', '', 'Kontrol', '', '1', '1', '1', '1', '1', '1', '1'),
	(1878, 114, '130', 'V363 4P B.T. KAYNAK', '2 KG KKT YSC', '10/2023', '10/2027', '06/2024', '', 'Kontrol', '', '1', '1', '1', '1', '1', '1', '1'),
	(2404, 115, '1', 'İDARİ BİNA 2.KAT', '6 KG KKT YSC', '01/2022', '01/2026', '06/2024', '', 'Kontrol', '', '1', '1', '1', '1', '1', '1', '1'),
	(2405, 115, '2', 'İDARİ BİNA 2.KAT', '6 KG KKT YSC', '12/2023', '12/2027', '06/2024', '', 'Kontrol', '', '1', '1', '1', '1', '1', '1', '1'),
	(2406, 115, '3', 'İDARİ BİNA 1.KAT', '6 KG KKT YSC', '12/2023', '12/2027', '06/2024', '', 'Kontrol', '', '1', '1', '1', '1', '1', '1', '1'),
	(2407, 115, '4', 'İDARİ BİNA 1.KAT', '6 KG KKT YSC', '12/2023', '12/2027', '06/2024', '', 'Kontrol', '', '1', '1', '1', '1', '1', '1', '1'),
	(2408, 115, '5', 'YEMEKHANE', '5 KG CO2 YSC', '05/2024', '05/2028', '06/2024', '', 'Kontrol', '', '1', '1', '1', '1', '1', '1', '1'),
	(2409, 115, '6', 'ALGILAMA PANO ÖNÜ', '10 KG CO2 YSC', '05/2024', '05/2028', '06/2024', '', 'Kontrol', '', '1', '1', '1', '1', '1', '1', '1'),
	(2410, 115, '7', 'REVİR ÖNÜ', '5 KG CO2 YSC', '05/2024', '05/2028', '06/2024', '', 'Kontrol', '', '1', '1', '1', '1', '1', '1', '1'),
	(2411, 115, '8', 'LABORATUVAR ÖNÜ', '6 KG KKT YSC', '12/2023', '12/2027', '06/2024', '', 'Kontrol', '', '1', '1', '1', '1', '1', '1', '1'),
	(2412, 115, '9', 'LABORATUVAR ÖNÜ', '6 KG KKT YSC', '12/2023', '12/2027', '06/2024', '', 'Kontrol', '', '1', '1', '1', '1', '1', '1', '1'),
	(2413, 115, '10', 'ENJEKSİYON', '6 KG KKT YSC', '06/2022', '06/2026', '06/2024', '', 'Kontrol', '', '1', '1', '1', '1', '1', '1', '1'),
	(2414, 115, '11', 'ENJEKSİYON', '50 KG KKT YSC', '12/2023', '12/2027', '06/2024', '', 'Kontrol', '', '1', '1', '1', '1', '1', '1', '1'),
	(2415, 115, '12', 'ENJEKSİYON', '6 KG KKT YSC', '12/2023', '12/2027', '06/2024', '', 'Kontrol', '', '1', '1', '1', '1', '1', '1', '1'),
	(2416, 115, '13', 'KALIP BEKLEME ALANI', '50 KG KKT YSC', '12/2023', '12/2027', '06/2024', '', 'Kontrol', '', '1', '1', '1', '1', '1', '1', '1'),
	(2417, 115, '14', 'BAKIM', '6 KG KKT YSC', '11/2020', '11/2024', '06/2024', '', 'Kontrol', '', '1', '1', '1', '1', '1', '1', '1'),
	(2418, 115, '15', 'BAKIM', '6 KG KKT YSC', '11/2020', '11/2024', '06/2024', '', 'Kontrol', '', '1', '1', '1', '1', '1', '1', '1'),
	(2419, 115, '16', 'ÜRETİM', '6 KG KKT YSC', '06/2022', '06/2026', '06/2024', '', 'Kontrol', '', '1', '1', '1', '1', '1', '1', '1'),
	(2420, 115, '17', 'ÜRETİM', '6 KG KKT YSC', '05/2024', '05/2028', '06/2024', '', 'Kontrol', '', '1', '1', '1', '1', '1', '1', '1'),
	(2421, 115, '18', 'ÜRETİM', '6 KG KKT YSC', '06/2022', '06/2026', '06/2024', '', 'Kontrol', '', '1', '1', '1', '1', '1', '1', '1'),
	(2422, 115, '19', 'ÜRETİM', '6 KG KKT YSC', '06/2022', '06/2026', '06/2024', '', 'Kontrol', '', '1', '1', '1', '1', '1', '1', '1'),
	(2423, 115, '20', 'ÜRETİM', '6 KG KKT YSC', '06/2022', '06/2026', '06/2024', '', 'Kontrol', '', '1', '1', '1', '1', '1', '1', '1'),
	(2424, 115, '21', 'ÜRETİM', '6 KG KKT YSC', '05/2024', '05/2028', '06/2024', '', 'Kontrol', '', '1', '1', '1', '1', '1', '1', '1'),
	(2425, 115, '22', 'ÜRETİM', '6 KG KKT YSC', '05/2024', '05/2028', '06/2024', '', 'Kontrol', '', '1', '1', '1', '1', '1', '1', '1'),
	(2426, 115, '23', 'ÜRETİM', '6 KG KKT YSC', '03/2022', '03/2026', '06/2024', '', 'Kontrol', '', '1', '1', '1', '1', '1', '1', '1'),
	(2427, 115, '24', 'ÜRETİM', '6 KG KKT YSC', '05/2024', '05/2028', '06/2024', '', 'Kontrol', '', '1', '1', '1', '1', '1', '1', '1'),
	(2428, 115, '25', 'ÜRETİM', '6 KG KKT YSC', '06/2022', '06/2026', '06/2024', '', 'Kontrol', '', '1', '1', '1', '1', '1', '1', '1'),
	(2429, 115, '26', 'ÜRETİM', '6 KG KKT YSC', '05/2024', '05/2028', '06/2024', '', 'Kontrol', '', '1', '1', '1', '1', '1', '1', '1'),
	(2430, 115, '27', 'ÜRETİM', '6 KG KKT YSC', '07/2020', '07/2024', '06/2024', '', 'Kontrol', '', '1', '1', '1', '1', '1', '1', '1'),
	(2431, 115, '28', 'ÜRETİM', '6 KG KKT YSC', '06/2021', '06/2025', '06/2024', '', 'Kontrol', '', '1', '1', '1', '1', '1', '1', '1'),
	(2432, 115, '29', 'ÜRETİM', '6 KG KKT YSC', '05/2024', '05/2028', '06/2024', '', 'Kontrol', '', '1', '1', '1', '1', '1', '1', '1'),
	(2433, 115, '30', 'ÜRETİM', '6 KG KKT YSC', '12/2023', '12/2027', '06/2024', '', 'Kontrol', '', '1', '1', '1', '1', '1', '1', '1'),
	(2434, 115, '31', 'PF4 İÇİ', '6 KG HFC 236 FA YSC', '05/2024', '05/2028', '06/2024', '', 'Kontrol', '', '1', '1', '1', '1', '1', '1', '1'),
	(2435, 115, '32', 'PF4 İÇİ', '6 KG HFC 236 FA YSC', '05/2024', '05/2028', '06/2024', '', 'Kontrol', '', '1', '1', '1', '1', '1', '1', '1'),
	(2436, 115, '33', 'PF4 İÇİ', '6 KG HFC 236 FA YSC', '05/2024', '05/2028', '06/2024', '', 'Kontrol', '', '1', '1', '1', '1', '1', '1', '1'),
	(2437, 115, '34', 'PF4 İÇİ', '6 KG HFC 236 FA YSC', '05/2024', '05/2028', '06/2024', '', 'Kontrol', '', '1', '1', '1', '1', '1', '1', '1'),
	(2438, 115, '35', 'PF4 İÇİ', '6 KG HFC 236 FA YSC', '05/2024', '05/2028', '06/2024', '', 'Kontrol', '', '1', '1', '1', '1', '1', '1', '1'),
	(2439, 115, '36', 'PF4 İÇİ', '6 KG HFC 236 FA YSC', '05/2024', '05/2028', '06/2024', '', 'Kontrol', '', '1', '1', '1', '1', '1', '1', '1'),
	(2440, 115, '37', 'PF4 İÇİ', '6 KG HFC 236 FA YSC', '05/2024', '05/2028', '06/2024', '', 'Kontrol', '', '1', '1', '1', '1', '1', '1', '1'),
	(2441, 115, '38', 'REMORK ALANI', '6 KG HFC 236 FA YSC', '05/2024', '05/2028', '06/2024', '', 'Kontrol', '', '1', '1', '1', '1', '1', '1', '1'),
	(2442, 115, '39', 'ÜRETİM İSTASYONU 1', '6 KG KKT YSC', '12/2021', '12/2025', '06/2024', '', 'Kontrol', '', '1', '1', '1', '1', '1', '1', '1'),
	(2443, 115, '40', 'ÜRETİM İSTASYONU 1', '6 KG KKT YSC', '12/2023', '12/2027', '06/2024', '', 'Kontrol', '', '1', '1', '1', '1', '1', '1', '1'),
	(2444, 115, '41', 'ÜRETİM İSTASYONU 1', '6 KG KKT YSC', '12/2023', '12/2027', '06/2024', '', 'Kontrol', '', '1', '1', '1', '1', '1', '1', '1'),
	(2445, 115, '42', 'ÜRETİM İSTASYONU 1', '6 KG KKT YSC', '12/2021', '12/2025', '06/2024', '', 'Kontrol', '', '1', '1', '1', '1', '1', '1', '1'),
	(2446, 115, '43', 'ÜRETİM İSTASYONU 2', '6 KG KKT YSC', '05/2024', '05/2028', '06/2024', '', 'Kontrol', '', '1', '1', '1', '1', '1', '1', '1'),
	(2447, 115, '44', 'ÜRETİM İSTASYONU 2', '6 KG KKT YSC', '05/2024', '05/2028', '06/2024', '', 'Kontrol', '', '1', '1', '1', '1', '1', '1', '1'),
	(2448, 115, '45', 'ÜRETİM İSTASYONU 2', '6 KG KKT YSC', '05/2024', '05/2028', '06/2024', '', 'Kontrol', '', '1', '1', '1', '1', '1', '1', '1'),
	(2449, 115, '46', 'ÜRETİM İSTASYONU 2', '6 KG KKT YSC', '05/2024', '05/2028', '06/2024', '', 'Kontrol', '', '1', '1', '1', '1', '1', '1', '1'),
	(2450, 115, '47', 'SİGARA İÇME ALANI', '6 KG KKT YSC', '05/2024', '05/2028', '06/2024', '', 'Kontrol', '', '1', '1', '1', '1', '1', '1', '1'),
	(2451, 115, '48', 'SİGARA İÇME ALANI', '6 KG KKT YSC', '05/2024', '05/2028', '06/2024', '', 'Kontrol', '', '1', '1', '1', '1', '1', '1', '1'),
	(2452, 115, '49', 'TEHLİKELİ ATIK B KAPI', '50 KG KKT YSC', '05/2024', '05/2028', '06/2024', '', 'Kontrol', '', '1', '1', '1', '1', '1', '1', '1'),
	(2453, 115, '50', 'ATIK SAHASI C KAPI', '50 KG KKT YSC', '05/2024', '05/2028', '06/2024', '', 'Kontrol', '', '1', '1', '1', '1', '1', '1', '1'),
	(2454, 115, '51', 'ATIK ALANI GİRİŞ', '50 KG KÖPÜKLÜ YSC', '05/2024', '05/2028', '06/2024', '', 'Kontrol', '', '1', '1', '1', '1', '1', '1', '1'),
	(2455, 115, '52', 'BOYAHANE GİRİŞ', '6 KG KKT YSC', '12/2023', '12/2027', '06/2024', '', 'Kontrol', '', '1', '1', '1', '1', '1', '1', '1'),
	(2456, 115, '53', 'BOYAHANE', '6 KG KKT YSC', '10/2023', '10/2027', '06/2024', '', 'Kontrol', '', '1', '1', '1', '1', '1', '1', '1'),
	(2457, 115, '54', 'BOYAHANE', '6 KG KKT YSC', '05/2024', '05/2028', '06/2024', '', 'Kontrol', '', '1', '1', '1', '1', '1', '1', '1'),
	(2458, 115, '55', 'BOYAHANE', '6 KG KKT YSC', '05/2024', '05/2028', '06/2024', '', 'Kontrol', '', '1', '1', '1', '1', '1', '1', '1'),
	(2459, 115, '56', 'BOYAHANE', '25 KG KKT YSC', '06/2022', '06/2026', '06/2024', '', 'Kontrol', '', '1', '1', '1', '1', '1', '1', '1'),
	(2460, 115, '57', 'BOYAHANE', '6 KG KKT YSC', '12/2023', '12/2027', '06/2024', '', 'Kontrol', '', '1', '1', '1', '1', '1', '1', '1'),
	(2461, 115, '58', 'BOYAHANE', '6 KG KKT YSC', '12/2023', '12/2027', '06/2024', '', 'Kontrol', '', '1', '1', '1', '1', '1', '1', '1'),
	(2462, 115, '59', 'BOYAHANE', '6 KG KKT YSC', '12/2023', '12/2027', '06/2024', '', 'Kontrol', '', '1', '1', '1', '1', '1', '1', '1'),
	(2463, 115, '60', 'BOYAHANE', '6 KG KKT YSC', '12/2023', '12/2027', '06/2024', '', 'Kontrol', '', '1', '1', '1', '1', '1', '1', '1'),
	(2464, 115, '61', 'BOYAHANE', '6 KG KKT YSC', '12/2023', '12/2027', '06/2024', '', 'Kontrol', '', '1', '1', '1', '1', '1', '1', '1'),
	(2465, 115, '62', 'BOYAHANE', '6 KG KKT YSC', '05/2024', '05/2028', '06/2024', '', 'Kontrol', '', '1', '1', '1', '1', '1', '1', '1'),
	(2466, 115, '63', 'BOYAHANE', '6 KG KKT YSC', '12/2023', '12/2027', '06/2024', '', 'Kontrol', '', '1', '1', '1', '1', '1', '1', '1'),
	(2467, 115, '64', 'BOYAHANE', '50 KG KKT YSC', '05/2024', '05/2028', '06/2024', '', 'Kontrol', '', '1', '1', '1', '1', '1', '1', '1'),
	(2468, 115, '65', 'BOYAHANE', '6 KG KKT YSC', '12/2023', '12/2027', '06/2024', '', 'Kontrol', '', '1', '1', '1', '1', '1', '1', '1'),
	(2469, 115, '66', 'BOYAHANE', '6 KG KKT YSC', '05/2024', '05/2028', '06/2024', '', 'Kontrol', '', '1', '1', '1', '1', '1', '1', '1'),
	(2470, 115, '67', 'BOYAHANE', '5 KG CO2 YSC', '06/2022', '06/2026', '06/2024', '', 'Kontrol', '', '1', '1', '1', '1', '1', '1', '1'),
	(2471, 115, '68', 'BOYAHANE', '50 KG KKT YSC', '12/2023', '12/2027', '06/2024', '', 'Kontrol', '', '1', '1', '1', '1', '1', '1', '1'),
	(2472, 115, '69', 'BOYAHANE', '6 KG KKT YSC', '12/2023', '12/2027', '06/2024', '', 'Kontrol', '', '1', '1', '1', '1', '1', '1', '1'),
	(2473, 115, '70', 'BOYAHANE', '6 KG KKT YSC', '06/2022', '06/2026', '06/2024', '', 'Kontrol', '', '1', '1', '1', '1', '1', '1', '1'),
	(2474, 115, '71', 'BOYAHANE', '6 KG KKT YSC', '01/2024', '01/2028', '06/2024', '', 'Kontrol', '', '1', '1', '1', '1', '1', '1', '1'),
	(2475, 115, '72', 'BOYAHANE', '6 KG KKT YSC', '12/2021', '12/2025', '06/2024', '', 'Kontrol', '', '1', '1', '1', '1', '1', '1', '1'),
	(2476, 115, '73', 'SEVKİYAT AMBAR GİRİŞİ', '6 KG KKT YSC', '05/2024', '05/2028', '06/2024', '', 'Kontrol', '', '1', '1', '1', '1', '1', '1', '1'),
	(2477, 115, '74', 'SEVKİYAT GÜVENLİK', '6 KG KKT YSC', '01/2021', '01/2025', '06/2024', '', 'Kontrol', '', '1', '1', '1', '1', '1', '1', '1'),
	(2478, 115, '75', 'SEVKİYAT AMBARI', '50 KG KÖPÜKLÜ YSC', '05/2024', '05/2028', '06/2024', '', 'Kontrol', '', '1', '1', '1', '1', '1', '1', '1'),
	(2479, 115, '76', 'SEVKİYAT AMBARI', '6 KG KKT YSC', '12/2023', '12/2027', '06/2024', '', 'Kontrol', '', '1', '1', '1', '1', '1', '1', '1'),
	(2480, 115, '77', 'SEVKİYAT AMBARI', '6 KG KKT YSC', '12/2023', '12/2027', '06/2024', '', 'Kontrol', '', '1', '1', '1', '1', '1', '1', '1'),
	(2481, 115, '78', 'SEVKİYAT AMBARI', '50 KG KKT YSC', '06/2022', '06/2026', '06/2024', '', 'Kontrol', '', '1', '1', '1', '1', '1', '1', '1'),
	(2482, 115, '79', 'SEVKİYAT AMBARI', '6 KG KKT YSC', '12/2021', '12/2025', '06/2024', '', 'Kontrol', '', '1', '1', '1', '1', '1', '1', '1'),
	(2483, 115, '80', 'SEVKİYAT AMBARI', '6 KG KKT YSC', '06/2021', '06/2025', '06/2024', '', 'Kontrol', '', '1', '1', '1', '1', '1', '1', '1'),
	(2484, 115, '81', 'SEVKİYAT AMBARI', '6 KG KKT YSC', '12/2021', '12/2025', '06/2024', '', 'Kontrol', '', '1', '1', '1', '1', '1', '1', '1'),
	(2485, 115, '82', 'SEVKİYAT AMBARI', '6 KG KKT YSC', '05/2024', '05/2028', '06/2024', '', '', '', '1', '1', '1', '1', '1', '1', '1'),
	(2486, 115, '83', 'SEVKİYAT AMBARI', '6 KG KKT YSC', '12/2023', '12/2027', '06/2024', '', 'Kontrol', '', '1', '1', '1', '1', '1', '1', '1'),
	(2487, 115, '84', 'SEVKİYAT AMBARI', '50 KG KÖPÜKLÜ YSC', '12/2020', '12/2024', '06/2024', '', '', '', '1', '1', '1', '1', '1', '1', '1'),
	(2488, 115, '85', 'DOĞALGAZ İSTASYONU', '50 KG KKT YSC ', '12/2023', '12/2027', '06/2024', '', 'Kontrol', '', '1', '1', '1', '1', '1', '1', '1'),
	(2489, 115, '86', 'ARKA DIŞ CEPHE', '6 KG KKT YSC', '05/2024', '05/2028', '06/2024', '', '', '', '1', '1', '1', '1', '1', '1', '1'),
	(2490, 115, '87', 'ARKA DIŞ CEPHE', '12 KG KKT YSC', '05/2024', '05/2028', '06/2024', '', 'Kontrol', '', '1', '1', '1', '1', '1', '1', '1'),
	(2491, 115, '88', 'ARKA DIŞ CEPHE', '50 KG KKT YSC', '05/2024', '05/2028', '06/2024', '', '', '', '1', '1', '1', '1', '1', '1', '1'),
	(2492, 115, '89', 'ARKA DIŞ CEPHE', '12 KG KKT YSC', '06/2022', '06/2026', '06/2024', '', 'Kontrol', '', '1', '1', '1', '1', '1', '1', '1'),
	(2493, 115, '90', 'ARKA DIŞ CEPHE', '6 KG KKT YSC', '06/2022', '06/2026', '06/2024', '', 'Kontrol', '', '1', '1', '1', '1', '1', '1', '1'),
	(2494, 115, '91', 'ARKA DIŞ CEPHE', '50 KG KKT YSC', '05/2024', '05/2028', '06/2024', '', 'Kontrol', '', '1', '1', '1', '1', '1', '1', '1'),
	(2495, 115, '92', 'ERKEK S. ODASI', '6 KG BİOVERSAL YSC', '05/2024', '05/2028', '06/2024', '', '', '', '1', '1', '1', '1', '1', '1', '1'),
	(2496, 115, '93', 'ERKEK S. ODASI ÖNÜ', '6 KG BİOVERSAL YSC', '05/2024', '05/2028', '06/2024', '', 'Kontrol', '', '1', '1', '1', '1', '1', '1', '1'),
	(2497, 115, '94', 'BAYAN S. ODASI ÖNÜ', '6 KG BİOVERSAL YSC', '05/2024', '05/2028', '06/2024', '', '', '', '1', '1', '1', '1', '1', '1', '1'),
	(2498, 115, '95', 'BAYAN S. ODASI ', '6 KG BİOVERSAL YSC', '05/2024', '05/2028', '06/2024', '', 'Kontrol', '', '1', '1', '1', '1', '1', '1', '1'),
	(2499, 115, '96', 'FORKLİFT 2 SEVKİYAT', '1 KG KKT YSC', '05/2024', '05/2028', '06/2024', '', '', '', '1', '1', '1', '1', '1', '1', '1'),
	(2500, 115, '97', 'FORKLİFT 3 SEVKİYAT ', '1 KG KKT YSC', '01/2024', '01/2028', '06/2024', '', 'Kontrol', '', '1', '1', '1', '1', '1', '1', '1'),
	(2501, 115, '98', 'FORKLİFT 1 SEVKİYAT', '2 KG KKT YSC', '01/2021', '01/2025', '06/2024', '', '', '', '1', '1', '1', '1', '1', '1', '1'),
	(2502, 115, '99', 'EĞİTİM ODASI', '2 KG KKT YSC', '01/1999', '01/2003', '06/2024', '', 'Kontrol', '', '1', '1', '1', '1', '1', '1', '1'),
	(2503, 115, '100', 'RÖMORK SEVKİYAT', '2 KG KKT YSC', '12/2021', '12/2025', '06/2024', '', '', '', '1', '1', '1', '1', '1', '1', '1'),
	(2521, 116, '1', 'GİRİŞ SEVKİYAT KAPI YANI', '50 KG KÖPÜKLÜ YSC', '08/2023', '08/2027', '07/2024', '', 'Kontrol', '', '1', '1', '1', '1', '1', '1', '1'),
	(2522, 116, '2', 'GİRİŞ PANO YANI', '5 KG CO2 YSC', '08/2023', '08/2027', '07/2024', '', 'Kontrol', '', '1', '1', '1', '1', '1', '1', '1'),
	(2523, 116, '3', '1.ACİL ÇIKIŞ KAPI YANI', '50 KG KÖPÜKLÜ YSC', '08/2023', '08/2027', '07/2024', '', 'Kontrol', '', '1', '1', '1', '1', '1', '1', '1'),
	(2524, 116, '4', 'AKÜ ŞARJ ALANI FORKLİFT', '5 KG CO2 YSC', '08/2023', '08/2027', '07/2024', '', 'Kontrol', '', '1', '1', '1', '1', '1', '1', '1'),
	(2525, 116, '5', 'SOYUNMA OFİS ÖNÜ ÜST KAT', '6 KG KKT YSC', '08/2023', '08/2027', '07/2024', '', 'Kontrol', '', '1', '1', '1', '1', '1', '1', '1'),
	(2526, 116, '6', 'OFİS ALT KAT', '6 KG KKT YSC', '12/2023', '12/2027', '07/2024', '', 'Kontrol', '', '1', '1', '1', '1', '1', '1', '1'),
	(2527, 116, '7', 'PAKETLEME BÖLÜMÜ', '6 KG KKT YSC', '08/2023', '08/2027', '07/2024', '', 'Kontrol', '', '1', '1', '1', '1', '1', '1', '1'),
	(2528, 116, '8', 'D-N RAF', '6 KG KKT YSC', '07/2024', '07/2028', '07/2024', '', 'Dolum', '', '1', '1', '1', '1', '1', '1', '1'),
	(2529, 116, '9', 'D-A RAF', '6 KG KKT YSC', '07/2024', '07/2028', '07/2024', '', 'Dolum', '', '1', '1', '1', '1', '1', '1', '1'),
	(2530, 116, '10', 'D-L RAF', '6 KG KKT YSC', '07/2024', '07/2028', '07/2024', '', 'Dolum', '', '1', '1', '1', '1', '1', '1', '1'),
	(2531, 116, '11', 'D-C RAF', '6 KG KKT YSC', '07/2024', '07/2028', '07/2024', '', 'Dolum', '', '1', '1', '1', '1', '1', '1', '1'),
	(2532, 116, '12', 'D-J RAF', '6 KG KKT YSC', '07/2024', '07/2028', '07/2024', '', 'Dolum', '', '1', '1', '1', '1', '1', '1', '1'),
	(2533, 116, '13', 'D-E RAF', '6 KG KKT YSC', '07/2024', '07/2028', '07/2024', '', 'Dolum', '', '1', '1', '1', '1', '1', '1', '1'),
	(2534, 116, '14', 'D-H RAF', '6 KG KKT YSC', '08/2023', '08/2027', '07/2024', '', 'Kontrol', '', '1', '1', '1', '1', '1', '1', '1'),
	(2535, 116, '15', 'D-F RAF', '6 KG KKT YSC', '08/2023', '08/2027', '07/2024', '', 'Kontrol', '', '1', '1', '1', '1', '1', '1', '1'),
	(2536, 116, '16', '2.ACİL ÇIKIŞ KAPISI ', '50 KG KÖPÜKLÜ YSC', '08/2023', '08/2027', '07/2024', '', 'Kontrol', '', '1', '1', '1', '1', '1', '1', '1'),
	(2537, 116, '17', 'FORKLİFT ELEKTRİK', '2 KG KKT YSC', '07/2024', '07/2028', '07/2024', '', 'Dolum', '', '1', '1', '1', '1', '1', '1', '1'),
	(2571, 120, '1', 'MANAV REYONU', '6 KG KKT YSC', '09/2024', '09/2028', '09/2024', '', 'YENİ', '', '1', '1', '1', '1', '1', '1', '1'),
	(2572, 120, '2', 'KASALAR YANI', '6 KG KKT YSC', '09/2024', '09/2028', '09/2024', '', 'YENİ', '', '1', '1', '1', '1', '1', '1', '1'),
	(2573, 120, '3', 'ŞARKÜTERİ', '6 KG KKT YSC', '09/2024', '09/2028', '09/2024', '', 'YENİ', '', '1', '1', '1', '1', '1', '1', '1'),
	(2574, 120, '4', 'HİJYEN REYONU', '6 KG KKT YSC', '09/2024', '09/2028', '09/2024', '', 'YENİ', '', '1', '1', '1', '1', '1', '1', '1'),
	(2575, 120, '5', 'EV GEREÇLERİ REYONU', '6 KG KKT YSC', '09/2024', '09/2028', '09/2024', '', 'YENİ', '', '1', '1', '1', '1', '1', '1', '1'),
	(2576, 120, '6', 'İÇECEK REYONU', '6 KG KKT YSC', '09/2024', '09/2028', '09/2024', '', 'YENİ', '', '1', '1', '1', '1', '1', '1', '1'),
	(2577, 120, '7', 'FIRIN YANI', '6 KG KKT YSC', '09/2024', '09/2028', '09/2024', '', 'YENİ', '', '1', '1', '1', '1', '1', '1', '1'),
	(2578, 120, '8', 'ALT KAT DEPO', '6 KG KKT YSC', '09/2024', '09/2028', '09/2024', '', 'YENİ', '', '1', '1', '1', '1', '1', '1', '1'),
	(2579, 120, '9', 'ALT KAT DEPO', '6 KG KKT YSC', '09/2024', '09/2028', '09/2024', '', 'YENİ', '', '1', '1', '1', '1', '1', '1', '1'),
	(2580, 120, '10', 'ALT KAT DEPO', '6 KG KKT YSC', '09/2024', '09/2028', '09/2024', '', 'YENİ', '', '1', '1', '1', '1', '1', '1', '1'),
	(2609, 122, '1', 'SAHA İÇİ', '12 KG KKT YSC', '07/2022', '07/2026', '08/2024', '', 'Kontrol', '', '1', '1', '1', '1', '1', '1', '1'),
	(2610, 122, '2', 'SAHA İÇİ', '12 KG KKT YSC', '07/2022', '07/2026', '08/2024', '', 'Kontrol', '', '1', '1', '1', '1', '1', '1', '1'),
	(2611, 122, '3', 'SAHA İÇİ', '50 KG KKT YSC', '07/2022', '07/2026', '08/2024', '', 'Kontrol', '', '1', '1', '1', '1', '1', '1', '1'),
	(2612, 122, '4', 'SAHA İÇİ', '12 KG KKT YSC', '07/2022', '07/2026', '08/2024', '', 'Kontrol', '', '1', '1', '1', '1', '1', '1', '1'),
	(2613, 122, '5', 'SAHA İÇİ', '12 KG KKT YSC', '07/2022', '07/2026', '08/2024', '', 'Kontrol', '', '1', '1', '1', '1', '1', '1', '1'),
	(2614, 122, '6', 'SAHA İÇİ', '12 KG KKT YSC', '07/2022', '07/2026', '08/2024', '', 'Kontrol', '', '1', '1', '1', '1', '1', '1', '1'),
	(2615, 122, '7', 'SAHA İÇİ', '50 KG KKT YSC', '07/2022', '07/2026', '08/2024', '', 'Kontrol', '', '1', '1', '1', '1', '1', '1', '1'),
	(2616, 122, '8', 'SAHA İÇİ', '12 KG KKT YSC', '07/2022', '07/2026', '08/2024', '', 'Kontrol', '', '1', '1', '1', '1', '1', '1', '1'),
	(2617, 122, '9', 'OTOMASYON ODASI', '6 KG BİOVERSAL', '07/2022', '07/2026', '08/2024', '', 'Kontrol', '', '1', '1', '1', '1', '1', '1', '1'),
	(2618, 122, '10', 'İDARİ OFİS OTOMASYON', '6 KG KKT YSC', '07/2022', '07/2026', '08/2024', '', 'Kontrol', '', '1', '1', '1', '1', '1', '1', '1'),
	(2619, 122, '11', 'İDARİ BİNA 2.KAT', '6 KG KKT YSC', '07/2022', '07/2026', '08/2024', '', 'Kontrol', '', '1', '1', '1', '1', '1', '1', '1'),
	(2620, 122, '12', 'TANKER', '6 KG KKT YSC', '07/2022', '07/2026', '08/2024', '', 'Kontrol', '', '1', '1', '1', '1', '1', '1', '1'),
	(2621, 122, '13', 'İDARİ BİNA 4.KAT', '6 KG KKT YSC', '07/2022', '07/2026', '08/2024', '', 'Kontrol', '', '1', '1', '1', '1', '1', '1', '1'),
	(2622, 122, '14', 'ARKA JENERATÖR ALANI', '12 KG KKT YSC', '07/2022', '07/2026', '08/2024', '', 'Kontrol', '', '1', '1', '1', '1', '1', '1', '1'),
	(2755, 125, '1', 'GÜVENLİK', '6 KG KKT YSC', '06/2021', '06/2025', '08/2024', '', 'Kontrol', '', '1', '1', '1', '1', '1', '1', '1'),
	(2756, 125, '2', 'TEKNİK BÜRO', '6 KG KKT YSC', '12/2023', '12/2027', '08/2024', '', 'Kontrol', '', '1', '1', '1', '1', '1', '1', '1'),
	(2757, 125, '3', 'TÜP DEPO', '6 KG KKT YSC', '06/2022', '06/2026', '08/2024', '', 'Kontrol', '', '1', '1', '1', '1', '1', '1', '1'),
	(2758, 125, '4', 'ATIK SAHASI', '40 KG CO2 YSC', '06/2021', '06/2025', '08/2024', '', 'Kontrol', '', '1', '1', '1', '1', '1', '1', '1'),
	(2759, 125, '5', 'İDARİ BİNA', '6 KG KKT YSC', '06/2022', '06/2026', '08/2024', '', 'Kontrol', '', '1', '1', '1', '1', '1', '1', '1'),
	(2760, 125, '6', 'ROBOT', '6 KG KKT YSC', '12/2023', '12/2027', '08/2024', '', 'Kontrol', '', '1', '1', '1', '1', '1', '1', '1'),
	(2761, 125, '7', 'KALIPHANE', '6 KG KKT YSC', '12/2023', '12/2027', '08/2024', '', 'Kontrol', '', '1', '1', '1', '1', '1', '1', '1'),
	(2762, 125, '8', 'TAMİRHANE', '6 KG KKT YSC', '12/2022', '12/2026', '08/2024', '', 'Kontrol', '', '1', '1', '1', '1', '1', '1', '1'),
	(2763, 125, '9', 'BAKIMHANE', '6 KG KKT YSC', '07/2023', '07/2027', '08/2024', '', 'Kontrol', '', '1', '1', '1', '1', '1', '1', '1'),
	(2764, 125, '10', 'E.PRES', '6 KG KKT YSC', '11/2020', '11/2024', '08/2024', '', 'Kontrol', '', '1', '1', '1', '1', '1', '1', '1'),
	(2765, 125, '11', 'E.PRES', '6 KG KKT YSC', '12/2023', '12/2027', '08/2024', '', 'Kontrol', '', '1', '1', '1', '1', '1', '1', '1'),
	(2766, 125, '12', 'E.PRES', '6 KG KKT YSC', '11/2020', '11/2024', '08/2024', '', 'Kontrol', '', '1', '1', '1', '1', '1', '1', '1'),
	(2767, 125, '13', 'FORKLİFT 2', '6 KG KKT YSC', '11/2020', '11/2024', '08/2024', '', 'Kontrol', '', '1', '1', '1', '1', '1', '1', '1'),
	(2768, 125, '14', 'SEVKİYAT GİRİŞ', '6 KG KKT YSC', '12/2023', '12/2027', '08/2024', '', 'Kontrol', '', '1', '1', '1', '1', '1', '1', '1'),
	(2769, 125, '15', 'SEVKİYAT ASANSÖR', '6 KG KKT YSC', '12/2023', '12/2027', '08/2024', '', 'Kontrol', '', '1', '1', '1', '1', '1', '1', '1'),
	(2770, 125, '16', 'H.PRES', '6 KG KKT YSC', '12/2022', '12/2026', '08/2024', '', 'Kontrol', '', '1', '1', '1', '1', '1', '1', '1'),
	(2771, 125, '17', 'H.PRES', '6 KG KKT YSC', '06/2022', '06/2026', '08/2024', '', 'Kontrol', '', '1', '1', '1', '1', '1', '1', '1'),
	(2772, 125, '18', 'TESVİYE TORNA', '6 KG KKT YSC', '12/2023', '12/2027', '08/2024', '', 'Kontrol', '', '1', '1', '1', '1', '1', '1', '1'),
	(2773, 125, '19', 'TESVİYE TORNA', '40 KG CO2 YSC', '1/2023', '01/2027', '08/2024', '', 'Kontrol', '', '1', '1', '1', '1', '1', '1', '1'),
	(2774, 125, '20', 'CNC', '6 KG KKT YSC', '12/2022', '12/2026', '08/2024', '', 'Kontrol', '', '1', '1', '1', '1', '1', '1', '1'),
	(2775, 125, '21', 'TESVİYE LAVABO', '6 KG KKT YSC', '07/2023', '07/2027', '08/2024', '', 'Kontrol', '', '1', '1', '1', '1', '1', '1', '1'),
	(2776, 125, '22', 'ÇAY OCAĞI', '6 KG KKT YSC', '11/2020', '11/2024', '08/2024', '', 'Kontrol', '', '1', '1', '1', '1', '1', '1', '1'),
	(2777, 125, '23', 'HAVA KOMPRESÖR', '6 KG KKT YSC', '12/2023', '12/2027', '08/2024', '', 'Kontrol', '', '1', '1', '1', '1', '1', '1', '1'),
	(2778, 125, '24', 'BOYAHANE PANO', '6 KG KKT YSC', '08/2024', '08/2028', '08/2024', '', 'Dolum', '', '1', '1', '1', '1', '1', '1', '1'),
	(2779, 125, '25', 'BOYAHANE BANT', '6 KG KKT YSC', '07/2023', '07/2027', '08/2024', '', 'Kontrol', '', '1', '1', '1', '1', '1', '1', '1'),
	(2780, 125, '26', 'BOYAHANE', '50 KG KKT YSC', '07/2023', '07/2027', '08/2024', '', 'Kontrol', '', '1', '1', '1', '1', '1', '1', '1'),
	(2781, 125, '27', 'BOYAHANE', '6 KG KKT YSC', '08/2024', '08/2028', '08/2024', '', 'Dolum', '', '1', '1', '1', '1', '1', '1', '1'),
	(2782, 125, '28', 'BOYAHANE', '50 KG KÖPÜKLÜ YSC', '12/2023', '12/2027', '08/2024', '', 'Kontrol', '', '1', '1', '1', '1', '1', '1', '1'),
	(2783, 125, '29', 'BOYAHANE', '50 KG KÖPÜKLÜ YSC', '07/2023', '07/2027', '08/2024', '', 'Kontrol', '', '1', '1', '1', '1', '1', '1', '1'),
	(2784, 125, '30', 'BOYAHANE', '40 KG CO2 YSC', '12/2023', '12/2027', '08/2024', '', 'Kontrol', '', '1', '1', '1', '1', '1', '1', '1'),
	(2785, 125, '31', 'MASTİK', '6 KG KKT YSC', '07/2023', '07/2027', '08/2024', '', 'Kontrol', '', '1', '1', '1', '1', '1', '1', '1'),
	(2786, 125, '32', 'İMALAT JENERATÖR', '40 KG CO2 YSC', '12/2023', '12/2027', '08/2024', '', 'Kontrol', '', '1', '1', '1', '1', '1', '1', '1'),
	(2787, 125, '33', 'BOYAHANE AYGAZ', '40 KG CO2 YSC', '07/2023', '07/2027', '08/2024', '', 'Kontrol', '', '1', '1', '1', '1', '1', '1', '1'),
	(2788, 125, '34', 'MAMUL EŞYA AMBARI', '6 KG KKT YSC', '12/2023', '12/2027', '08/2024', '', 'Kontrol', '', '1', '1', '1', '1', '1', '1', '1'),
	(2789, 125, '35', 'DEPO', '6 KG KKT YSC', '06/2022', '06/2026', '08/2024', '', 'Kontrol', '', '1', '1', '1', '1', '1', '1', '1'),
	(2790, 125, '36', 'İMALAT MERDİVENİ', '6 KG KKT YSC', '06/2022', '06/2026', '08/2024', '', 'Kontrol', '', '1', '1', '1', '1', '1', '1', '1'),
	(2791, 125, '37', 'İMALAT JENERATÖRÜ', '6 KG KKT YSC', '06/2022', '06/2026', '08/2024', '', 'Kontrol', '', '1', '1', '1', '1', '1', '1', '1'),
	(2792, 125, '38', 'İMALAT ASANSÖR', '6 KG KKT YSC', '12/2023', '12/2027', '08/2024', '', 'Kontrol', '', '1', '1', '1', '1', '1', '1', '1'),
	(2793, 125, '39', 'İMALAT YEMEK', '6 KG KKT YSC', '06/2022', '06/2026', '08/2024', '', 'Kontrol', '', '1', '1', '1', '1', '1', '1', '1'),
	(2794, 125, '40', 'YEMEKHANE', '6 KG KKT YSC', '12/2023', '12/2027', '08/2024', '', 'Kontrol', '', '1', '1', '1', '1', '1', '1', '1'),
	(2795, 125, '41', 'FORKLİFT 1', '6 KG KKT YSC', '06/2022', '06/2026', '08/2024', '', 'BULUNAMADI', '', '0', '0', '0', '0', '0', '0', '0'),
	(2796, 125, '42', 'FORKLİFT 3', '6 KG KKT YSC', '12/2022', '12/2026', '08/2024', '', 'Kontrol', '', '1', '1', '1', '1', '1', '1', '1'),
	(2797, 125, '43', 'İDARİ BİNA KAZAN', '6 KG KKT YSC', '07/2023', '07/2027', '08/2024', '', 'Kontrol', '', '1', '1', '1', '1', '1', '1', '1'),
	(2798, 125, '44', 'KAMYON', '6 KG KKT YSC', '07/2022', '07/2026', '08/2024', '', 'BULUNAMADI', '', '0', '0', '0', '0', '0', '0', '0'),
	(2799, 125, '45', 'OTO GARAJ', '6 KG KKT YSC', '07/2023', '07/2027', '08/2024', '', 'Kontrol', '', '1', '1', '1', '1', '1', '1', '1'),
	(2800, 125, '46', 'DEPO YEDEK', '6 KG KKT YSC', '12/2022', '12/2026', '08/2024', '', 'Kontrol', '', '1', '1', '1', '1', '1', '1', '1'),
	(2801, 125, '47', 'DEPO YEDEK', '6 KG KKT YSC', '06/2022', '06/2026', '08/2024', '', 'Kontrol', '', '1', '1', '1', '1', '1', '1', '1'),
	(2802, 123, '1', 'İDARİ OFİS KARŞI', '6 KG KKT YSC', '08/2022', '08/2026', '7/2024', '', 'Kontrol', '', '1', '1', '1', '1', '1', '1', '1'),
	(2803, 123, '2', 'İDARİ BİNA', '6 KG KKT YSC', '07/2024', '07/2028', '7/2024', '', 'Dolum', '', '1', '1', '1', '1', '1', '1', '1'),
	(2804, 123, '3', 'ÜRETİM ASANSÖR ÖNÜ', '12 KG KKT YSC', '08/2022', '08/2026', '7/2024', '', 'Kontrol', '', '1', '1', '1', '1', '1', '1', '1'),
	(2805, 123, '4', 'ÜRETİM SEVKİYAT', '12 KG KKT YSC', '07/2024', '07/2028', '7/2024', '', 'Dolum', '', '1', '1', '1', '1', '1', '1', '1'),
	(2806, 123, '5', '-1 ÜRETİM', '12 KG KKT YSC', '07/2024', '07/2028', '7/2024', '', 'Dolum', '', '1', '1', '1', '1', '1', '1', '1'),
	(2807, 123, '6', '-1 DEPO GİRİŞ', '6 KG KKT YSC', '07/2024', '07/2028', '7/2024', '', 'Dolum', '', '1', '1', '1', '1', '1', '1', '1'),
	(2808, 123, '7', 'KESİM BÖLÜMÜ', '12 KG KKT YSC', '07/2024', '07/2028', '7/2024', '', 'Dolum', '', '1', '1', '1', '1', '1', '1', '1'),
	(2809, 123, '8', 'KESİM ', '6 KG KKT YSC', '07/2024', '07/2028', '7/2024', '', 'Dolum', '', '1', '1', '1', '1', '1', '1', '1'),
	(2810, 124, '1', 'DEPO SEVKİYAT GİRİŞ', '50 KG KKT YSC', '06/2024', '06/2028', '06/2024', '', 'YENİ', '', '1', '1', '1', '1', '1', '1', '1'),
	(2811, 124, '2', 'DEPO SOL TARAF', '6 KG KKT YSC', '06/2024', '06/2028', '06/2024', '', 'YENİ', '', '1', '1', '1', '1', '1', '1', '1'),
	(2812, 124, '3', 'DEPO SOL TARAF', '6 KG KKT YSC', '06/2024', '06/2028', '06/2024', '', 'YENİ', '', '1', '1', '1', '1', '1', '1', '1'),
	(2813, 124, '4', 'DEPO SOL TARAF ACİL KAPI YANI', '6 KG KKT YSC', '06/2024', '06/2028', '06/2024', '', 'YENİ', '', '1', '1', '1', '1', '1', '1', '1'),
	(2814, 124, '5', 'DEPO SAĞ TARAF ACİL KAPI YANI', '6 KG KKT YSC', '06/2024', '06/2028', '06/2024', '', 'YENİ', '', '1', '1', '1', '1', '1', '1', '1'),
	(2815, 124, '6', 'DEPO SAĞ TARAF', '6 KG KKT YSC', '06/2024', '06/2028', '06/2024', '', 'YENİ', '', '1', '1', '1', '1', '1', '1', '1'),
	(2816, 124, '7', 'DEPO SAĞ TARAF', '6 KG KKT YSC', '06/2024', '06/2028', '06/2024', '', 'YENİ', '', '1', '1', '1', '1', '1', '1', '1'),
	(2817, 124, '8', 'DEPO SAĞ AKÜ SARJ ALANI', '6 KG KKT YSC', '06/2024', '06/2028', '06/2024', '', 'YENİ', '', '1', '1', '1', '1', '1', '1', '1'),
	(2818, 124, '9', 'DEPO SAĞ ÖN ACİL KAPI YANI ', '6 KG KKT YSC', '06/2024', '06/2028', '06/2024', '', 'YENİ', '', '1', '1', '1', '1', '1', '1', '1'),
	(2819, 124, '10', 'DEPO ORTA KOLON  OFİS ÖNÜ', '6 KG KKT YSC', '06/2024', '06/2028', '06/2024', '', 'YENİ', '', '1', '1', '1', '1', '1', '1', '1'),
	(2820, 124, '11', 'DEPO ORTA KOLON  OFİS ÖNÜ', '6 KG KKT YSC', '06/2024', '06/2028', '06/2024', '', 'YENİ', '', '1', '1', '1', '1', '1', '1', '1'),
	(2831, 126, '1', 'MANAV REYONU', '6 KG KKT YSC', '09/2024', '09/2028', '09/2024', '', 'YENİ', '', '1', '1', '1', '1', '1', '1', '1'),
	(2832, 126, '2', 'KASALAR YANI', '6 KG KKT YSC', '09/2024', '09/2028', '09/2024', '', 'YENİ', '', '1', '1', '1', '1', '1', '1', '1'),
	(2833, 126, '3', 'ŞARKÜTERİ', '6 KG KKT YSC', '09/2024', '09/2028', '09/2024', '', 'YENİ', '', '1', '1', '1', '1', '1', '1', '1'),
	(2834, 126, '4', 'HİJYEN REYONU', '6 KG KKT YSC', '09/2024', '09/2028', '09/2024', '', 'YENİ', '', '1', '1', '1', '1', '1', '1', '1'),
	(2835, 126, '5', 'EV GEREÇLERİ REYONU', '6 KG KKT YSC', '09/2024', '09/2028', '09/2024', '', 'YENİ', '', '1', '1', '1', '1', '1', '1', '1'),
	(2836, 126, '6', 'İÇECEK REYONU', '6 KG KKT YSC', '09/2024', '09/2028', '09/2024', '', 'YENİ', '', '1', '1', '1', '1', '1', '1', '1'),
	(2837, 126, '7', 'FIRIN YANI', '6 KG KKT YSC', '09/2024', '09/2028', '09/2024', '', 'YENİ', '', '1', '1', '1', '1', '1', '1', '1'),
	(2838, 126, '8', 'ALT KAT DEPO', '6 KG KKT YSC', '09/2024', '09/2028', '09/2024', '', 'YENİ', '', '1', '1', '1', '1', '1', '1', '1'),
	(2839, 126, '9', 'ALT KAT DEPO', '6 KG KKT YSC', '09/2024', '09/2028', '09/2024', '', 'YENİ', '', '1', '1', '1', '1', '1', '1', '1'),
	(2840, 126, '10', 'ALT KAT DEPO', '6 KG KKT YSC', '09/2024', '09/2028', '09/2024', '', 'YENİ', '', '1', '1', '1', '1', '1', '1', '1'),
	(2857, 127, '1', 'ELEKTRİK ODASI', '6 KG KKT YSC', '06/2024', '06/2028', '06/2024', '', 'Dolum', '', '1', '1', '1', '1', '1', '1', '1'),
	(2858, 127, '2', 'ELEKTRİK ODASI', '6 KG KKT YSC', '12/2021', '12/2025', '06/2024', '', 'Kontrol', '', '1', '1', '1', '1', '1', '1', '1'),
	(2859, 127, '3', 'POMPA 9', '6 KG KKT YSC', '06/2024', '06/2028', '06/2024', '', 'Dolum', '', '1', '1', '1', '1', '1', '1', '1'),
	(2860, 127, '4', 'POMPA 10', '6 KG KKT YSC', '06/2024', '06/2028', '06/2024', '', 'Dolum', '', '1', '1', '1', '1', '1', '1', '1'),
	(2861, 127, '5', 'POMPA 9-10-7-5 ARASI', '50 KG KKT YSC', '06/2023', '06/2027', '06/2024', '', 'Kontrol', '', '1', '1', '1', '1', '1', '1', '1'),
	(2862, 127, '6', 'POMPA 7', '6 KG KKT YSC', '06/2024', '06/2028', '06/2024', '', 'Dolum', '', '1', '1', '1', '1', '1', '1', '1'),
	(2863, 127, '7', 'POMPA 5', '6 KG KKT YSC', '05/2022', '05/2026', '06/2024', '', 'Kontrol', '', '1', '1', '1', '1', '1', '1', '1'),
	(2864, 127, '8', 'POMPA 2', '6 KG KKT YSC', '06/2024', '06/2028', '06/2024', '', 'Kontrol', '', '1', '1', '1', '1', '1', '1', '1'),
	(2865, 127, '9', 'POMPA 1', '6 KG KKT YSC', '04/2021', '04/2025', '06/2024', '', 'Kontrol', '', '1', '1', '1', '1', '1', '1', '1'),
	(2866, 127, '10', 'POMPA 1-2-3-4 ARASI', '50 KG KKT YSC', '06/2023', '06/2027', '06/2024', '', 'Dolum', '', '1', '1', '1', '1', '1', '1', '1'),
	(2867, 127, '11', 'POMPA 3', '6 KG KKT YSC', '06/2024', '06/2028', '06/2024', '', 'Dolum', '', '1', '1', '1', '1', '1', '1', '1'),
	(2868, 127, '12', 'POMPA 4', '6 KG KKT YSC', '06/2023', '06/2027', '06/2024', '', 'Kontrol', '', '1', '1', '1', '1', '1', '1', '1'),
	(2869, 127, '13', 'LPG ALANI', '6 KG KKT YSC', '06/2023', '06/2027', '06/2024', '', 'Kontrol', '', '1', '1', '1', '1', '1', '1', '1'),
	(2870, 127, '14', 'LPG ALANI', '6 KG KKT YSC', '10/2020', '10/2024', '06/2024', '', 'Kontrol', '', '1', '1', '1', '1', '1', '1', '1'),
	(2871, 127, '15', 'LPG ALANI', '6 KG KKT YSC', '10/2020', '10/2024', '06/2024', '', 'Kontrol', '', '1', '1', '1', '1', '1', '1', '1'),
	(2872, 127, '16', 'LPG ALANI', '50 KG KKT YSC', '06/2024', '06/2028', '06/2024', '', 'Dolum', '', '1', '1', '1', '1', '1', '1', '1'),
	(2911, 128, '1', 'İŞLETME İÇİ', '6 KG KKT YSC', '07/2024', '07/2028', '07/2024', '', 'YENİ', '', '1', '1', '1', '1', '1', '1', '1'),
	(2912, 128, '2', 'TIRAŞ MAKİNASI ARKASI', '5 KG CO2 YSC', '11/2021', '11/2025', '07/2024', '', 'Kontrol', '', '1', '1', '1', '1', '1', '1', '1'),
	(2913, 128, '3', 'DOKUMA GİRİŞ', '6 KG KKT YSC', '09/2023', '09/2027', '07/2024', '', 'Kontrol', '', '1', '1', '1', '1', '1', '1', '1'),
	(2914, 128, '4', 'YEMEKHANE ÖNÜ', '6 KG KKT YSC', '01/2023', '01/2027', '07/2024', '', 'Kontrol', '', '1', '1', '1', '1', '1', '1', '1'),
	(2915, 128, '5', 'DOKUMA BÖLÜMÜ', '6 KG KKT YSC', '07/2024', '07/2028', '07/2024', '', 'YENİ', '', '1', '1', '1', '1', '1', '1', '1'),
	(2916, 128, '6', 'DOKUMA BÖLÜMÜ', '6 KG KKT YSC', '11/2021', '11/2025', '07/2024', '', 'Kontrol', '', '1', '1', '1', '1', '1', '1', '1'),
	(2917, 128, '7', 'DOKUMA BÖLÜMÜ', '6 KG KKT YSC', '07/2024', '07/2028', '07/2024', '', 'YENİ', '', '1', '1', '1', '1', '1', '1', '1'),
	(2918, 128, '8', 'BRODE BÖLÜMÜ', '6 KG KKT YSC', '11/2021', '11/2025', '07/2024', '', 'Kontrol', '', '1', '1', '1', '1', '1', '1', '1'),
	(2919, 128, '9', 'BRODE BÖLÜMÜ', '6 KG KKT YSC', '11/2021', '11/2025', '07/2024', '', 'Kontrol', '', '1', '1', '1', '1', '1', '1', '1'),
	(2920, 128, '10', 'BRODE BÖLÜMÜ', '6 KG KKT YSC', '11/2021', '11/2025', '07/2024', '', 'Kontrol', '', '1', '1', '1', '1', '1', '1', '1'),
	(2921, 128, '11', 'BRODE BÖLÜMÜ', '6 KG KKT YSC', '11/2021', '11/2025', '07/2024', '', 'Kontrol', '', '1', '1', '1', '1', '1', '1', '1'),
	(2922, 128, '12', 'BRODE BÖLÜMÜ', '6 KG KKT YSC', '11/2021', '11/2025', '07/2024', '', 'Kontrol', '', '1', '1', '1', '1', '1', '1', '1'),
	(2923, 128, '13', 'KONFEKSİYON BÖLÜMÜ', '50 KG KÖPÜKLÜ YSC', '11/2021', '11/2025', '07/2024', '', 'Kontrol', '', '1', '1', '1', '1', '1', '1', '1'),
	(2924, 128, '14', 'KONFEKSİYON BÖLÜMÜ', '6 KG KKT YSC', '11/2021', '11/2025', '07/2024', '', 'Kontrol', '', '1', '1', '1', '1', '1', '1', '1'),
	(2925, 128, '15', 'KONFEKSİYON BÖLÜMÜ', '6 KG KKT YSC', '11/2021', '11/2025', '07/2024', '', 'Kontrol', '', '1', '1', '1', '1', '1', '1', '1'),
	(2926, 128, '16', 'İDARİ BİNA GİRİŞ', '6 KG KKT YSC', '07/2024', '07/2028', '07/2024', '', 'Dolum', '', '1', '1', '1', '1', '1', '1', '1'),
	(2927, 128, '17', 'PANO ODASI ELEKTRİK PANOSU', '4 KG HFC PANO İÇİ', '09/2023', '09/2027', '07/2024', '', 'Kontrol', '', '1', '1', '1', '1', '1', '1', '1'),
	(2928, 128, '18', 'PANO ODASI ELEKTRİK PANOSU', '4 KG HFC PANO İÇİ', '09/2023', '09/2027', '07/2024', '', 'Kontrol', '', '1', '1', '1', '1', '1', '1', '1'),
	(2929, 128, '19', 'PANO ODASI ELEKTRİK PANOSU', '4 KG HFC PANO İÇİ', '09/2023', '09/2027', '07/2024', '', 'Kontrol', '', '1', '1', '1', '1', '1', '1', '1'),
	(2944, 130, '1', 'RADYO 2', '6 KG FA 236 YSC', '08/2024', '08/2028', '08/2024', '', 'Dolum', '', '1', '1', '1', '1', '1', '1', '1'),
	(2945, 130, '2', 'RADYO 1', '6 KG FA 236 YSC', '08/2024', '08/2028', '08/2024', '', 'Dolum', '', '1', '1', '1', '1', '1', '1', '1'),
	(2946, 130, '3', '2.KAT KORİDOR', '6 KG FA 236 YSC', '08/2024', '08/2028', '08/2024', '', 'Dolum', '', '1', '1', '1', '1', '1', '1', '1'),
	(2947, 130, '4', 'HABER MERKEZİ', '6 KG FA 236 YSC', '08/2024', '08/2028', '08/2024', '', 'Dolum', '', '1', '1', '1', '1', '1', '1', '1'),
	(2948, 130, '5', 'GİRİŞ KAT', '6 KG FA 236 YSC', '08/2024', '08/2028', '08/2024', '', 'Dolum', '', '1', '1', '1', '1', '1', '1', '1'),
	(2949, 130, '6', 'GİRİŞ KAT', '5 KG CO2 YSC', '08/2024', '08/2028', '08/2024', '', 'Dolum', '', '1', '1', '1', '1', '1', '1', '1'),
	(2950, 130, '7', 'ANA KUMANDA', '6 KG FA 236 YSC', '08/2024', '08/2028', '08/2024', '', 'Dolum', '', '1', '1', '1', '1', '1', '1', '1'),
	(2951, 130, '8', 'STÜDYO GİRİŞ', '6 KG FA 236 YSC', '08/2024', '08/2028', '08/2024', '', 'Dolum', '', '1', '1', '1', '1', '1', '1', '1'),
	(2952, 130, '9', 'CANLI YAYIN ARACI', '6 KG FA 236 YSC', '08/2024', '08/2028', '08/2024', '', 'Dolum', '', '1', '1', '1', '1', '1', '1', '1'),
	(2953, 130, '10', 'GÜNDOĞDU', '6 KG FA 236 YSC', '08/2024', '08/2028', '08/2024', '', 'Dolum', '', '1', '1', '1', '1', '1', '1', '1'),
	(2954, 130, '11', 'GÜNDOĞDU', '6 KG FA 236 YSC', '08/2024', '08/2028', '08/2024', '', 'Dolum', '', '1', '1', '1', '1', '1', '1', '1'),
	(2973, 129, '1', 'DEPO', '6 KG KKT YSC', '06/2024', '06/2028', '06/2024', '', 'Dolum', '', '1', '1', '1', '1', '1', '1', '1'),
	(2974, 129, '2', 'DEPO', '6 KG KKT YSC', '02/2022', '02/2026', '06/2024', '', 'Kontrol', '', '1', '1', '1', '1', '1', '1', '1'),
	(2975, 129, '3', 'DEPO', '6 KG HFC 236 FA YSC', '02/2022', '02/2026', '06/2024', '', 'Kontrol', '', '1', '1', '1', '1', '1', '1', '1'),
	(2976, 129, '4', 'DEPO', '6 KG KKT YSC', '04/2023', '04/2027', '06/2024', '', 'Kontrol', '', '1', '1', '1', '1', '1', '1', '1'),
	(2977, 129, '5', 'ALT KAT DEPO', '6 KG KKT YSC', '02/2022', '02/2026', '06/2024', '', 'Kontrol', '', '1', '1', '1', '1', '1', '1', '1'),
	(2978, 129, '6', 'ÜST KAT MERDİVEN', '6 KG HFC 236 FA YSC', '02/2022', '02/2026', '06/2024', '', 'Kontrol', '', '1', '1', '1', '1', '1', '1', '1'),
	(2979, 129, '7', 'ÜST KAT KORİDOR', '6 KG HFC 236 FA YSC', '04/2023', '04/2027', '06/2024', '', 'Kontrol', '', '1', '1', '1', '1', '1', '1', '1'),
	(2980, 131, '1', 'ALT KAT YENİ DEPO', '6 KG KKT YSC', '06/2021', '06/2025', '08/2024', '', 'Kontrol', '', '1', '1', '1', '1', '1', '1', '1'),
	(2981, 131, '2', 'ALT KAT YENİ DEPO', '6 KG KKT YSC', '06/2021', '06/2025', '08/2024', '', 'Kontrol', '', '1', '1', '1', '1', '1', '1', '1'),
	(2982, 131, '3', 'ALT KAT YENİ DEPO', '6 KG KKT YSC', '06/2021', '06/2025', '08/2024', '', 'Kontrol', '', '1', '1', '1', '1', '1', '1', '1'),
	(2983, 131, '4', 'ALT KAT YENİ DEPO', '6 KG KKT YSC', '08/2022', '08/2026', '08/2024', '', 'Kontrol', '', '1', '1', '1', '1', '1', '1', '1'),
	(2984, 131, '5', 'ALT KAT YENİ DEPO', '50 KG KÖPÜKLÜ YSC', '06/2021', '06/2025', '08/2024', '', 'Kontrol', '', '1', '1', '1', '1', '1', '1', '1'),
	(2985, 131, '6', 'ÜST KAT YENİ DEPO', '6 KG KKT YSC', '06/2021', '06/2025', '08/2024', '', 'Kontrol', '', '1', '1', '1', '1', '1', '1', '1'),
	(2986, 131, '7', 'ÜST KAT YENİ DEPO', '6 KG KKT YSC', '06/2021', '06/2025', '08/2024', '', 'Kontrol', '', '1', '1', '1', '1', '1', '1', '1'),
	(2987, 131, '8', 'ÜST KAT YENİ DEPO', '50 KG KÖPÜKLÜ YSC', '06/2021', '06/2025', '08/2024', '', 'Kontrol', '', '1', '1', '1', '1', '1', '1', '1'),
	(2988, 131, '9', 'DİJİTAL BASKI', '5 KG CO2 YSC', '11/2021', '11/2025', '08/2024', '', 'Kontrol', '', '1', '1', '1', '1', '1', '1', '1'),
	(2989, 131, '10', 'DİJİTAL BASKI', '5 KG CO2 YSC', '11/2021', '11/2025', '08/2024', '', 'Kontrol', '', '1', '1', '1', '1', '1', '1', '1'),
	(2990, 131, '11', 'DİJİTAL BASKI', '5 KG CO2 YSC', '11/2021', '11/2025', '08/2024', '', 'Kontrol', '', '1', '1', '1', '1', '1', '1', '1'),
	(3009, 132, '1', 'KAZAN DAİRESİ', '6 KG KKT YSC', '08/2024', '08/2028', '08/2024', '08/2024', 'Dolum', '', '1', '1', '1', '1', '1', '1', '1'),
	(3010, 132, '2', 'OTOPARK', '6 KG KKT YSC', '08/2024', '08/2028', '08/2024', '', 'Dolum', '', '0', '1', '1', '1', '1', '1', '1'),
	(3011, 132, '3', 'A BLOK', '6 KG KKT YSC', '08/2024', '08/2028', '08/2024', '', 'Dolum', '', '1', '1', '1', '1', '1', '1', '1'),
	(3012, 132, '4', 'A BLOK', '6 KG KKT YSC', '08/2024', '08/2028', '08/2024', '', 'Dolum', '', '1', '1', '1', '1', '1', '1', '1'),
	(3013, 132, '5', 'A BLOK', '6 KG KKT YSC', '08/2024', '08/2028', '08/2024', '', 'Dolum', 'kontrol', '1', '0', '0', '0', '1', '1', '1'),
	(3014, 132, '6', 'A BLOK', '6 KG KKT YSC', '08/2024', '08/2028', '08/2024', '', 'Dolum', '', '1', '1', '1', '1', '1', '1', '1'),
	(3015, 132, '7', 'A BLOK', '6 KG KKT YSC', '08/2024', '08/2028', '08/2024', '', 'Dolum', '', '1', '1', '1', '1', '1', '1', '1'),
	(3016, 132, '8', 'A BLOK', '6 KG KKT YSC', '08/2024', '08/2028', '08/2024', '', 'Dolum', '', '1', '1', '1', '1', '1', '1', '1'),
	(3017, 132, '9', 'A BLOK', '6 KG KKT YSC', '08/2024', '08/2028', '08/2024', '', 'Dolum', '', '1', '1', '1', '1', '1', '1', '1'),
	(3018, 132, '10', 'A BLOK', '6 KG KKT YSC', '08/2024', '08/2028', '08/2024', '', 'Dolum', '', '1', '1', '1', '1', '1', '1', '1'),
	(3019, 132, '11', 'B BLOK', '6 KG KKT YSC', '08/2024', '08/2028', '08/2024', '', 'Dolum', '', '1', '1', '1', '1', '1', '1', '1'),
	(3020, 132, '12', 'B BLOK', '6 KG KKT YSC', '08/2024', '08/2028', '08/2024', '', 'Dolum', '', '1', '1', '1', '1', '1', '1', '1'),
	(3021, 132, '13', 'B BLOK', '6 KG KKT YSC', '08/2024', '08/2028', '08/2024', '', 'Dolum', '', '1', '1', '1', '1', '1', '1', '1'),
	(3022, 132, '14', 'B BLOK', '6 KG KKT YSC', '08/2024', '08/2028', '08/2024', '', 'Dolum', '', '1', '1', '1', '1', '1', '1', '1'),
	(3023, 132, '15', 'B BLOK', '6 KG KKT YSC', '08/2024', '08/2028', '08/2024', '', 'Dolum', '', '1', '1', '1', '1', '1', '1', '1'),
	(3024, 132, '16', 'B BLOK', '6 KG KKT YSC', '08/2024', '08/2028', '08/2024', '', 'Dolum', '', '1', '1', '1', '1', '1', '1', '1'),
	(3025, 132, '17', 'B BLOK', '6 KG KKT YSC', '08/2024', '08/2028', '08/2024', '', 'Dolum', '', '1', '1', '1', '1', '1', '1', '1'),
	(3026, 132, '18', 'B BLOK', '6 KG KKT YSC', '08/2024', '08/2028', '08/2024', '', 'Dolum', '', '1', '1', '1', '1', '1', '1', '1'),
	(3041, 134, '1', 'İŞLETME OFİS KARŞISI', '6 KG KKT YSC', '06/2023', '06/2027', '08/2024', '', 'Kontrol', '', '1', '1', '1', '1', '1', '1', '1'),
	(3042, 134, '2', 'İŞLETME OFİS KARŞISI', '50 KG KKT YSC', '08/2024', '08/2028', '08/2024', '', 'Dolum', '', '1', '1', '1', '1', '1', '1', '1'),
	(3043, 134, '3', 'İŞLETME OFİS KARŞISI', '6 KG KKT YSC', '06/2023', '06/2027', '08/2024', '', 'Kontrol', '', '1', '1', '1', '1', '1', '1', '1'),
	(3044, 134, '4', 'İŞLETME OFİS KARŞISI', '6 KG KKT YSC', '08/2024', '08/2028', '08/2024', '', 'Dolum', '', '1', '1', '1', '1', '1', '1', '1'),
	(3045, 134, '5', 'ALT KAT DEPO', '6 KG KKT YSC', '06/2023', '06/2027', '08/2024', '', 'Kontrol', '', '1', '1', '1', '1', '1', '1', '1'),
	(3046, 134, '6', 'ALT KAT DEPO', '6 KG KKT YSC', '06/2023', '06/2027', '08/2024', '', 'Kontrol', '', '1', '1', '1', '1', '1', '1', '1'),
	(3047, 134, '7', 'ALT KAT DEPO', '6 KG KKT YSC', '06/2023', '06/2027', '08/2024', '', 'Kontrol', '', '1', '1', '1', '1', '1', '1', '1'),
	(3048, 134, '8', 'ALT KAT DEPO', '6 KG KKT YSC', '06/2023', '06/2027', '08/2024', '', 'Kontrol', '', '1', '1', '1', '1', '1', '1', '1'),
	(3049, 134, '9', 'İŞLETME ORTA KOLON', '6 KG KKT YSC', '08/2024', '08/2028', '08/2024', '', 'Dolum', '', '1', '1', '1', '1', '1', '1', '1'),
	(3075, 136, '1', 'İDARİ BİNA Y.D İÇİ', '6 KG KKT YSC', '06/2022', '06/2026', '07/2024', '', 'Kontrol', '', '1', '1', '1', '1', '1', '1', '1'),
	(3076, 136, '2', 'DİLME MAKİNA', '6 KG KKT YSC', '06/2022', '06/2026', '07/2024', '', 'Kontrol', '', '1', '1', '1', '1', '1', '1', '1'),
	(3077, 136, '3', 'ÜRETİM ELEKTRİK PANO', '5 KG CO2 YSC', '04/2023', '04/2027', '07/2024', '', 'Kontrol', '', '1', '1', '1', '1', '1', '1', '1'),
	(3078, 136, '4', 'ÜRETİM ELEKTRİK PANO', '6 KG HFC 236 FAYSC', '06/2022', '06/2026', '07/2024', '', 'Kontrol', '', '1', '1', '1', '1', '1', '1', '1'),
	(3079, 136, '5', 'DİLME MAKİNA YANI', '6 KG KKT YSC', '06/2022', '06/2026', '07/2024', '', 'Kontrol', '', '1', '1', '1', '1', '1', '1', '1'),
	(3080, 136, '6', 'ORTA Y.D. İÇİ', '6 KG KKT YSC', '06/2022', '06/2026', '07/2024', '', 'Kontrol', '', '1', '1', '1', '1', '1', '1', '1'),
	(3081, 136, '7', 'ORTA Y.D. İÇİ', '6 KG KKT YSC', '07/2024', '07/2028', '07/2024', '', 'Dolum', '', '1', '1', '1', '1', '1', '1', '1'),
	(3082, 136, '8', 'ORTA Y.D. İÇİ', '6 KG KKT YSC', '06/2022', '06/2026', '07/2024', '', 'Kontrol', '', '1', '1', '1', '1', '1', '1', '1'),
	(3083, 136, '9', 'SEVKİYAT GİRİŞ', '6 KG KKT YSC', '06/2022', '06/2026', '07/2024', '', 'Kontrol', '', '1', '1', '1', '1', '1', '1', '1'),
	(3084, 136, '10', 'BOY KESME MAKİNA YANI', '6 KG KKT YSC', '06/2022', '06/2026', '07/2024', '', 'Kontrol', '', '1', '1', '1', '1', '1', '1', '1'),
	(3085, 136, '11', 'KOMPRESOR', '6 KG KKT YSC', '04/2024', '04/2028', '07/2024', '', 'Kontrol', '', '1', '1', '1', '1', '1', '1', '1'),
	(3086, 136, '12', 'DIŞ PALET ALAN', '50 KG KÖPÜKLÜ YSC', '06/2022', '06/2026', '07/2024', '', 'Kontrol', '', '1', '1', '1', '1', '1', '1', '1'),
	(3200, 137, '1', 'DOKUMA ALT KAT MAL KABUL', '50 KG KÖPÜKLÜ  YSC', '09/2022', '09/2026', '07/2024', '', 'Kontrol', '', '1', '1', '1', '1', '1', '1', '1'),
	(3201, 137, '2', 'DOKUMA ALT KAT SAĞ Y.D İÇİ', '6 KG KKT YSC', '09/2022', '09/2026', '07/2024', '', 'Kontrol', '', '1', '1', '1', '1', '1', '1', '1'),
	(3202, 137, '3', 'DOUMA ALT KAT SAĞ ACİL ÇIKIŞ', '6 KG KKT YSC', '05/2023', '05/2027', '07/2024', '', 'Kontrol', '', '1', '1', '1', '1', '1', '1', '1'),
	(3203, 137, '4', 'DOKUMA ALT KAT  SAĞ Y.D. İÇİ', '6 KG KKT YSC', '09/2022', '09/2026', '07/2024', '', 'Kontrol', '', '1', '1', '1', '1', '1', '1', '1'),
	(3204, 137, '5', 'DOKUMA ALT KAT ORTA KOLON', '6 KG KKT YSC', '02/2022', '02/2026', '07/2024', '', 'Kontrol', '', '1', '1', '1', '1', '1', '1', '1'),
	(3205, 137, '6', 'DOKUMA ALT KAT ORTA KOLON', '6 KG KKT YSC', '05/2023', '05/2027', '07/2024', '', 'Kontrol', '', '1', '1', '1', '1', '1', '1', '1'),
	(3206, 137, '7', 'DOKUMA ALT KAT ORTA KOLON', '6 KG KKT YSC', '05/2023', '05/2027', '07/2024', '', 'Kontrol', '', '1', '1', '1', '1', '1', '1', '1'),
	(3207, 137, '8', 'DOKUMA ALT KAT ORTA KOLON', '6 KG KKT YSC', '05/2023', '05/2027', '07/2024', '', 'Kontrol', '', '1', '1', '1', '1', '1', '1', '1'),
	(3208, 137, '9', 'DOKUMA ALT KAT ORTA KOLON', '6 KG KKT YSC', '05/2023', '05/2027', '07/2024', '', 'Kontrol', '', '1', '1', '1', '1', '1', '1', '1'),
	(3209, 137, '10', 'DOKUMA ALT KAT ORTA KOLON', '6 KG KKT YSC', '05/2023', '05/2027', '07/2024', '', 'Kontrol', '', '1', '1', '1', '1', '1', '1', '1'),
	(3210, 137, '11', 'DOKUMA ALT KAT ORTA KOLON', '6 KG KKT YSC', '05/2023', '05/2027', '07/2024', '', 'Kontrol', '', '1', '1', '1', '1', '1', '1', '1'),
	(3211, 137, '12', 'DOKUMA ALT KAT ORTA KOLON', '12 KG KKT YSC', '05/2023', '05/2027', '07/2024', '', 'Kontrol', '', '1', '1', '1', '1', '1', '1', '1'),
	(3212, 137, '13', 'DOKUMA ALT KAT ORTA KOLON', '6 KG KKT YSC', '05/2023', '05/2027', '07/2024', '', 'Kontrol', '', '1', '1', '1', '1', '1', '1', '1'),
	(3213, 137, '14', 'DOKUMA ALT KAT ORTA KOLON', '6 KG KKT YSC', '05/2023', '05/2027', '07/2024', '', 'Kontrol', '', '1', '1', '1', '1', '1', '1', '1'),
	(3214, 137, '15', 'DOKUMA ALT KAT ORTA KOLON', '12 KG KKT YSC', '05/2023', '05/2027', '07/2024', '', 'Kontrol', '', '1', '1', '1', '1', '1', '1', '1'),
	(3215, 137, '16', 'DOKUMA ALT KAT YEMEKHANE', '6 KG KKT YSC', '09/2022', '09/2026', '07/2024', '', 'Kontrol', '', '1', '1', '1', '1', '1', '1', '1'),
	(3216, 137, '17', 'DOKUMA ALT KAT SOL  Y.D. İÇİ', '50 KG KKT YSC', '09/2022', '09/2026', '07/2024', '', 'Kontrol', '', '1', '1', '1', '1', '1', '1', '1'),
	(3217, 137, '18', 'DOKUMA ALT KAT SOL Y.D İÇİ', '6 KG KKT YSC', '09/2022', '09/2026', '07/2024', '', 'Bulunamadı', '', '1', '1', '1', '1', '1', '1', '1'),
	(3235, 138, '1', 'DOKUMA GİRİŞ', '50 KG KÖPÜKLÜ YSC', '02/2022', '02/2026', '07/2024', '', 'Kontrol', '', '1', '1', '1', '1', '1', '1', '1'),
	(3236, 138, '2', 'DOKUMA SOL Y.D. İÇİ', '6 KG KKT YSC', '09/2022', '09/2026', '07/2024', '', 'Kontrol', '', '1', '1', '1', '1', '1', '1', '1'),
	(3237, 138, '3', 'DOKUMA SOL Y.D. İÇİ', '6 KG KKT YSC', '09/2022', '09/2026', '07/2024', '', 'Kontrol', '', '1', '1', '1', '1', '1', '1', '1'),
	(3238, 138, '4', 'DOKUMA ORTA KOLON', '50 KG KÖPÜKLÜ YSC', '05/2023', '05/2027', '07/2024', '', 'Kontrol', '', '1', '1', '1', '1', '1', '1', '1'),
	(3239, 138, '5', 'DOKUMA ASANSÖR KARŞISI ORTA KOLON', '6 KG KKT YSC', '05/2023', '05/2027', '07/2024', '', 'Kontrol', '', '1', '1', '1', '1', '1', '1', '1'),
	(3240, 138, '6', 'DOKUMA ORTA KOLON', '6 KG KKT YSC', '05/2023', '05/2027', '07/2024', '', 'Kontrol', '', '1', '1', '1', '1', '1', '1', '1'),
	(3241, 138, '7', 'DOKUMA ORTA KOLON', '6 KG KKT YSC', '05//2023', '05//2023', '07/2024', '', 'Basınç', '', '1', '1', '1', '1', '1', '1', '1'),
	(3242, 138, '8', 'DOKUMA ORTA KOLON', '6 KG KKT YSC', '07/2024', '07/2028', '07/2024', '', 'Dolum', '', '1', '1', '1', '1', '1', '1', '1'),
	(3243, 138, '9', 'DOKUMA ORTA KOLON', '6 KG KKT YSC', '05/2023', '05/2027', '07/2024', '', 'Kontrol', '', '1', '1', '1', '1', '1', '1', '1'),
	(3244, 138, '10', 'DOKUMA ORTA KOLON', '6 KG KKT YSC', '05/2023', '05/2027', '07/2024', '', 'Kontrol', '', '1', '1', '1', '1', '1', '1', '1'),
	(3245, 138, '11', 'DOKUMA ORTA KOLON', '6 KG KKT YSC', '05/2023', '05/2027', '07/2024', '', 'Kontrol', '', '1', '1', '1', '1', '1', '1', '1'),
	(3246, 138, '12', 'DOKUMA ORTA KOLON', '12 KG KKT YSC', '09/2022', '09/2026', '07/2024', '', 'Kontrol', '', '1', '1', '1', '1', '1', '1', '1'),
	(3247, 138, '13', 'DOKUMA ORTA KOLON', '6 KG KKT YSC', '07/2024', '07/2028', '07/2024', '', 'Dolum', '', '1', '1', '1', '1', '1', '1', '1'),
	(3248, 138, '14', 'DOKUMA SAĞ ACİL ÇIKIŞ YANI', '6 KG KKT YSC', '09/2022', '09/2026', '07/2024', '', 'Kontrol', '', '1', '1', '1', '1', '1', '1', '1'),
	(3249, 138, '15', 'DOKUMA SAĞ Y.D İÇİ', '6 KG KKT YSC', '09/2022', '09/2026', '07/2024', '', 'Kontrol', '', '1', '1', '1', '1', '1', '1', '1'),
	(3250, 138, '16', 'DOKUMA SAĞ Y.D İÇİ', '6 KG KKT YSC', '09/2022', '09/2026', '07/2024', '', 'Kontrol', '', '1', '1', '1', '1', '1', '1', '1'),
	(3251, 138, '17', 'DOKUMA MAL KABUL', '50 KG KÖPÜKLÜ', '02/2022', '02/2026', '07/2024', '', 'Kontrol', '', '1', '1', '1', '1', '1', '1', '1'),
	(3268, 141, '1', 'LPG TANKI', '6 KG KKT YSC', '05/2023', '05/2027', '08/2024', '', 'Kontrol', '', '1', '1', '1', '1', '1', '1', '1'),
	(3269, 141, '2', 'LPG TANKI', '6 KG KKT YSC', '05/2023', '05/2027', '08/2024', '', 'Kontrol', '', '1', '1', '1', '1', '1', '1', '1'),
	(3270, 141, '3', 'İDARİ BİNA ', '6 KG KKT YSC', '05/2023', '05/2027', '08/2024', '', 'Kontrol', '', '1', '1', '1', '1', '1', '1', '1'),
	(3271, 141, '4', 'MARKET', '6 KG KKT YSC', '05/2023', '05/2027', '08/2024', '', 'Kontrol', '', '1', '1', '1', '1', '1', '1', '1'),
	(3272, 141, '5', 'SAHA İÇİ', '6 KG KKT YSC', '05/2023', '05/2027', '08/2024', '', 'Kontrol', '', '1', '1', '1', '1', '1', '1', '1'),
	(3273, 141, '6', 'SAHA İÇİ', '6 KG KKT YSC', '05/2023', '05/2027', '08/2024', '', 'Kontrol', '', '1', '1', '1', '1', '1', '1', '1'),
	(3274, 141, '7', 'SAHA İÇİ', '6 KG KKT YSC', '08/2024', '08/2028', '08/2024', '', 'Dolum', '', '1', '1', '1', '1', '1', '1', '1'),
	(3275, 141, '8', 'SAHA İÇİ', '6 KG KKT YSC', '08/2024', '08/2028', '08/2024', '', 'Dolum', '', '1', '1', '1', '1', '1', '1', '1'),
	(3276, 141, '9', 'SAHA İÇİ', '6 KG KKT YSC', '05/2023', '05/2027', '08/2024', '', 'Kontrol', '', '1', '1', '1', '1', '1', '1', '1'),
	(3277, 141, '10', 'SAHA İÇİ', '6 KG KKT YSC', '05/2023', '05/2027', '08/2024', '', 'Kontrol', '', '1', '1', '1', '1', '1', '1', '1'),
	(3278, 141, '11', 'SAHA İÇİ', '6 KG KKT YSC', '08/2024', '08/2028', '08/2024', '', 'Dolum', '', '1', '1', '1', '1', '1', '1', '1'),
	(3279, 141, '12', 'SAHA İÇİ', '6 KG KKT YSC', '08/2024', '08/2028', '08/2024', '', 'Dolum', '', '1', '1', '1', '1', '1', '1', '1'),
	(3280, 141, '13', 'ELEKTRİK ODASI', '5 KG CO2 YSC', '08/2024', '08/2028', '08/2024', '', 'Dolum', '', '1', '1', '1', '1', '1', '1', '1'),
	(3281, 141, '14', 'LPG TANKI', '50 KG KKT YSC', '08/2024', '08/2028', '08/2024', '', 'Dolum', '', '1', '1', '1', '1', '1', '1', '1'),
	(3282, 141, '15', 'LPG TANKI', '50 KG KKT YSC', '08/2024', '08/2028', '08/2024', '', 'Dolum', '', '1', '1', '1', '1', '1', '1', '1'),
	(3283, 141, '16', 'SAHA İÇİ', '50 KG KKT YSC', '08/2024', '08/2028', '08/2024', '', 'Dolum', '', '1', '1', '1', '1', '1', '1', '1'),
	(3356, 142, '1', 'SEVKİYAT KOMPRESÖR', '50 KG KÖPÜKLÜ', '06/2022', '06/2026', '07/2024', '', 'Kontrol', '', '1', '1', '1', '1', '1', '1', '1'),
	(3357, 142, '2', 'ÜRETİM İÇİ', '6 KG KKT YSC', '06/2022', '06/2026', '07/2024', '', 'Kontrol', '', '1', '1', '1', '1', '1', '1', '1'),
	(3358, 142, '3', 'ÜRETİM İÇİ', '6 KG KKT YSC', '07/2024', '07/2028', '07/2024', '', 'Dolum', '', '1', '1', '1', '1', '1', '1', '1'),
	(3359, 142, '4', 'ÜRETİM İÇİ', '6 KG KKT YSC', '07/2024', '07/2028', '07/2024', '', 'Dolum', '', '1', '1', '1', '1', '1', '1', '1'),
	(3360, 142, '5', 'ÜRETİM İÇİ', '6 KG KKT YSC', '07/2024', '07/2028', '07/2024', '', 'Dolum', '', '1', '1', '1', '1', '1', '1', '1'),
	(3361, 142, '6', 'ÜRETİM İÇİ', '6 KG KKT YSC', '07/2024', '07/2028', '07/2024', '', 'Dolum', '', '1', '1', '1', '1', '1', '1', '1'),
	(3362, 142, '7', 'ÜRETİM İÇİ', '6 KG KKT YSC', '06/2022', '06/2026', '07/2024', '', 'Kontrol', '', '1', '1', '1', '1', '1', '1', '1'),
	(3363, 142, '8', 'ÜRETİM İÇİ', '6 KG HFC( TETİKLİ)', '07/2024', '07/2028', '07/2024', '', 'Dolum', '', '1', '1', '1', '1', '1', '1', '1'),
	(3364, 142, '9', 'ÜRETİM İÇİ', '6 KG KKT YSC', '07/2024', '07/2028', '07/2024', '', 'Dolum', '', '1', '1', '1', '1', '1', '1', '1'),
	(3365, 142, '10', 'ÜRETİM İÇİ', '6 KG KKT YSC', '06/2022', '06/2026', '07/2024', '', 'Kontrol', '', '1', '1', '1', '1', '1', '1', '1'),
	(3366, 142, '11', 'ÜRETİM GİRİŞ', '6 KG KKT YSC', '06/2022', '06/2026', '07/2024', '', 'Kontrol', '', '1', '1', '1', '1', '1', '1', '1'),
	(3367, 142, '12', 'ÜRETİM İÇİ', '6 KG KKT YSC', '07/2024', '07/2028', '07/2024', '', 'Dolum', '', '1', '1', '1', '1', '1', '1', '1'),
	(3368, 142, '13', 'ÜRETİM İÇİ', '6 KG KKT YSC', '06/2022', '06/2026', '07/2024', '', 'Kontrol', '', '1', '1', '1', '1', '1', '1', '1'),
	(3369, 142, '14', '2.KAT', '50 KG KÖPÜKLÜ HFC', '08/2023', '08/2027', '07/2024', '', 'Kontrol', '', '1', '1', '1', '1', '1', '1', '1'),
	(3370, 142, '15', 'KONFEKSİYON KATI', '50 KG KÖPÜKLÜ HFC', '07/2024', '07/2028', '07/2024', '', 'Dolum', '', '1', '1', '1', '1', '1', '1', '1'),
	(3371, 142, '16', 'KONFEKSİYON KATI', '6 KG KKT YSC', '07/2024', '07/2028', '07/2024', '', 'Dolum', '', '1', '1', '1', '1', '1', '1', '1'),
	(3372, 142, '17', 'ÜRETİM İÇİ', '6 KG KKT YSC', '08/2023', '08/2027', '07/2024', '', 'Kontrol', '', '1', '1', '1', '1', '1', '1', '1'),
	(3373, 142, '18', 'İDARİ 1.KAT', '6 KG HFC( TETİKLİ)', '09/2021', '09/2025', '07/2024', '', 'Kontrol', '', '1', '1', '1', '1', '1', '1', '1'),
	(3374, 142, '19', 'ÜRETİM ACİL ÇIKIŞ YANI', '12 KG KKT YSC', '07/2024', '07/2028', '07/2024', '', 'Dolum', '', '1', '1', '1', '1', '1', '1', '1'),
	(3375, 142, '20', 'ÜRETİM ACİL ÇIKIŞ YANI', '12 KG KKT YSC', '07/2024', '07/2028', '07/2024', '', 'Dolum', '', '1', '1', '1', '1', '1', '1', '1'),
	(3376, 142, '21', 'YEMEKHANE', '6 KG KKT YSC', '07/2024', '07/2028', '07/2024', '', 'Dolum', '', '1', '1', '1', '1', '1', '1', '1'),
	(3377, 142, '22', 'JENERATÖR', '5 KG CO2', '06/2022', '06/2026', '07/2024', '', 'Kontrol', '', '1', '1', '1', '1', '1', '1', '1'),
	(3378, 142, '23', '2.KAT', '6 KG KKT YSC', '07/2024', '07/2028', '07/2024', '', 'Dolum', '', '1', '1', '1', '1', '1', '1', '1'),
	(3379, 142, '24', '2.KAT', '50 KG KÖPÜKLÜ YSC', '07/2024', '07/2028', '07/2024', '', 'Dolum', '', '1', '1', '1', '1', '1', '1', '1'),
	(3387, 143, '1', 'KUMANDA ODASI', '6 KG KKT YSC', '08/2024', '08/2028', '08/2024', '', 'YENİ', '', '1', '1', '1', '1', '1', '1', '1'),
	(3388, 143, '2', 'TRAFO ÖNÜ', '6 KG KKT YSC', '08/2024', '08/2028', '08/2024', '', 'YENİ', '', '1', '1', '1', '1', '1', '1', '1'),
	(3389, 143, '3', 'TRAFO ÖNÜ', '6 KG KKT YSC', '08/2024', '08/2028', '08/2024', '', 'YENİ', '', '1', '1', '1', '1', '1', '1', '1'),
	(3390, 143, '4', 'TAŞ KIRMA', '50 KG KÖPÜKLÜ YSC', '08/2024', '08/2028', '08/2024', '', 'YENİ', '', '1', '1', '1', '1', '1', '1', '1'),
	(3391, 143, '5', 'TAŞ KIRMA', '6 KG KKT YSC', '08/2024', '08/2028', '08/2024', '', 'YENİ', '', '1', '1', '1', '1', '1', '1', '1'),
	(3392, 143, '6', 'SİLOLAR', '6 KG KKT YSC', '08/2024', '08/2028', '08/2024', '', 'YENİ', '', '1', '1', '1', '1', '1', '1', '1'),
	(3393, 143, '7', 'SİLOLAR', '6 KG KKT YSC', '08/2024', '08/2028', '08/2024', '', 'YENİ', '', '1', '1', '1', '1', '1', '1', '1'),
	(3394, 140, '1', 'KANTAR', '6 KG KKT YSC', '09/2024', '09/2028', '09/2024', '', 'YENİ', '', '1', '1', '1', '1', '1', '1', '1'),
	(3395, 140, '2', 'MÜDÜR ODASI ÖNÜ', '6 KG KKT YSC', '09/2024', '09/2028', '09/2024', '', 'Dolum', '', '1', '1', '1', '1', '1', '1', '1'),
	(3396, 140, '3', 'YEMEKHANE', '6 KG KKT YSC', '09/2024', '09/2028', '09/2024', '', 'YENİ', '', '1', '1', '1', '1', '1', '1', '1'),
	(3397, 140, '4', 'MOLA ALANI', '6 KG KKT YSC', '09/2024', '09/2028', '09/2024', '', 'Dolum', '', '1', '1', '1', '1', '1', '1', '1'),
	(3398, 140, '5', 'MAZOT TANKI', '50 KG KÖPÜKLÜ YSC', '09/2024', '09/2028', '09/2024', '', 'YENİ', '', '1', '1', '1', '1', '1', '1', '1'),
	(3399, 140, '6', 'BURKER', '6 KG KKT YSC', '09/2024', '09/2028', '09/2024', '', 'Kontrol', '', '1', '1', '1', '1', '1', '1', '1'),
	(3400, 140, '7', 'BURKER', '6 KG KKT YSC', '09/2024', '09/2028', '09/2024', '', 'Kontrol', '', '1', '1', '1', '1', '1', '1', '1'),
	(3401, 140, '8', 'HİDROFER', '6 KG KKT YSC', '09/2024', '09/2028', '09/2024', '', 'Kontrol', '', '1', '1', '1', '1', '1', '1', '1'),
	(3402, 140, '9', 'SİLO OFİS', '6 KG KKT YSC', '09/2024', '09/2028', '09/2024', '', 'Kontrol', '', '1', '1', '1', '1', '1', '1', '1'),
	(3403, 140, '10', 'SİLO', '6 KG KKT YSC', '09/2024', '09/2028', '09/2024', '', 'Dolum', '', '1', '1', '1', '1', '1', '1', '1'),
	(3404, 144, '1', 'KANTAR KONTEYNER', '6 KG KKT YSC', '08/2024', '08/2028', '08/2024', '', 'YENİ', '', '1', '1', '1', '1', '1', '1', '1'),
	(3405, 144, '2', 'OFİS KONTEYNIR ÖNÜ', '6 KG KKT YSC', '08/2024', '08/2028', '08/2024', '', 'YENİ', '', '1', '1', '1', '1', '1', '1', '1'),
	(3406, 144, '3', 'OFİS KONTEYNIR ÖNÜ', '6 KG KKT YSC', '08/2024', '08/2028', '08/2024', '', 'YENİ', '', '1', '1', '1', '1', '1', '1', '1'),
	(3407, 144, '4', 'OFİS KONTEYNIR ÖNÜ', '6 KG KKT YSC', '08/2024', '08/2028', '08/2024', '', 'YENİ', '', '1', '1', '1', '1', '1', '1', '1'),
	(3408, 144, '5', 'KOMPRESÖR ÖMÜ', '6 KG KKT YSC', '08/2024', '08/2028', '08/2024', '', 'YENİ', '', '1', '1', '1', '1', '1', '1', '1'),
	(3409, 144, '6', 'YATAKHANE ÖNÜ', '6 KG KKT YSC', '08/2024', '08/2028', '08/2024', '', 'YENİ', '', '1', '1', '1', '1', '1', '1', '1'),
	(3410, 144, '7', 'YATAKHANE ÖNÜ', '6 KG KKT YSC', '08/2024', '08/2028', '08/2024', '', 'YENİ', '', '1', '1', '1', '1', '1', '1', '1'),
	(3411, 144, '8', 'SİLO OFİS ÖNÜ', '6 KG KKT YSC', '08/2024', '08/2028', '08/2024', '', 'YENİ', '', '1', '1', '1', '1', '1', '1', '1'),
	(3412, 144, '9', 'JENARATÖR', '50 KG KKT YSC', '08/2024', '08/2028', '08/2024', '', 'YENİ', '', '1', '1', '1', '1', '1', '1', '1'),
	(3413, 144, '10', 'MAZOT TANKI', '6 KG KKT YSC', '08/2024', '08/2028', '08/2024', '', 'YENİ', '', '1', '1', '1', '1', '1', '1', '1'),
	(3414, 145, '1', 'YÖNETİM BÜROLAR', '6 KG KKT YSC', '08/2024', '08/2028', '08/2024', '', 'YENİ', '', '1', '1', '1', '1', '1', '1', '1'),
	(3415, 145, '2', 'YÖNETİM BÜROLAR', '6 KG KKT YSC', '08/2024', '08/2028', '08/2024', '', 'YENİ', '', '1', '1', '1', '1', '1', '1', '1'),
	(3416, 145, '3', 'YÖNETİM BÜROLAR', '6 KG KKT YSC', '08/2024', '08/2028', '08/2024', '', 'YENİ', '', '1', '1', '1', '1', '1', '1', '1'),
	(3417, 145, '4', 'YÖNETİM BÜROLAR', '6 KG KKT YSC', '08/2024', '08/2028', '08/2024', '', 'YENİ', '', '1', '1', '1', '1', '1', '1', '1'),
	(3418, 145, '5', 'YÖNETİM BÜROLAR', '6 KG KKT YSC', '08/2024', '08/2028', '08/2024', '', 'YENİ', '', '1', '1', '1', '1', '1', '1', '1'),
	(3419, 145, '6', 'YEMEKHANE', '6 KG KKT YSC', '08/2024', '08/2028', '08/2024', '', 'YENİ', '', '1', '1', '1', '1', '1', '1', '1'),
	(3420, 145, '7', 'TAŞERON BİLBERK', '6 KG KKT YSC', '08/2024', '08/2028', '08/2024', '', 'YENİ', '', '1', '1', '1', '1', '1', '1', '1'),
	(3421, 145, '8', 'TAŞERON BİLBERK', '6 KG KKT YSC', '08/2024', '08/2028', '08/2024', '', 'YENİ', '', '1', '1', '1', '1', '1', '1', '1'),
	(3422, 145, '9', 'TAŞERON FİDANLAR', '6 KG KKT YSC', '08/2024', '08/2028', '08/2024', '', 'YENİ', '', '1', '1', '1', '1', '1', '1', '1'),
	(3423, 145, '10', 'TAŞERON FİDANLAR', '6 KG KKT YSC', '08/2024', '08/2028', '08/2024', '', 'YENİ', '', '1', '1', '1', '1', '1', '1', '1'),
	(3424, 145, '11', 'TAŞERON FİDANLAR', '6 KG KKT YSC', '08/2024', '08/2028', '08/2024', '', 'YENİ', '', '1', '1', '1', '1', '1', '1', '1'),
	(3425, 145, '12', 'DEPO', '6 KG KKT YSC', '08/2024', '08/2028', '08/2024', '', 'YENİ', '', '1', '1', '1', '1', '1', '1', '1'),
	(3426, 145, '13', 'DEPO', '50 KG KÖPÜKLÜ YSC', '08/2024', '08/2028', '08/2024', '', 'YENİ', '', '1', '1', '1', '1', '1', '1', '1'),
	(3455, 146, '1', 'SU DEPOSU', '12 KG KKT YSC', '08/2024', '08/2028', '08/2024', '', 'Kontrol', '', '1', '1', '1', '1', '1', '1', '1'),
	(3456, 146, '2', 'BELOVER ODASI İÇİ', '12 KG KÖPÜKLÜ YSC', '08/2024', '08/2028', '08/2024', '', 'Kontrol', '', '1', '1', '1', '1', '1', '1', '1'),
	(3457, 146, '3', 'BELOVER ODASI İÇİ', '12 KG KÖPÜKLÜ YSC', '08/2024', '08/2028', '08/2024', '', 'Kontrol', '', '1', '1', '1', '1', '1', '1', '1'),
	(3458, 146, '4', 'KÖMÜR BÖLÜMÜ', '50 KG KÖPÜKLÜ YSC', '08/2024', '08/2028', '08/2024', '', 'Kontrol', '', '1', '1', '1', '1', '1', '1', '1'),
	(3459, 146, '5', 'KÖMÜR BÖLÜMÜ', '50 KG KÖPÜKLÜ YSC', '08/2024', '08/2028', '08/2024', '', 'Kontrol', '', '1', '1', '1', '1', '1', '1', '1'),
	(3460, 146, '6', 'FIRIN GİRİŞ', '50 KG KÖPÜKLÜ YSC', '08/2024', '08/2028', '08/2024', '', 'Kontrol', '', '1', '1', '1', '1', '1', '1', '1'),
	(3461, 146, '7', 'FIRIN GİRİŞ ELEKTRİK ODASI', '5 KG CO2', '08/2024', '08/2028', '08/2024', '', 'Kontrol', '', '1', '1', '1', '1', '1', '1', '1'),
	(3462, 146, '8', 'FIRIN GİRİŞ ELEKTRİK ODASI', '5 KG CO2', '08/2024', '08/2028', '08/2024', '', 'Kontrol', '', '1', '1', '1', '1', '1', '1', '1'),
	(3463, 146, '9', 'FIRIN DEPO', '6 KG KKT YSC', '08/2024', '08/2028', '08/2024', '', 'Basınç', '', '1', '1', '1', '1', '1', '1', '1'),
	(3464, 146, '10', 'FIRIN KOMPRESÖR ODASI', '12 KG KÖPÜKLÜ YSC', '08/2024', '08/2028', '08/2024', '', 'Kontrol', '', '1', '1', '1', '1', '1', '1', '1'),
	(3465, 146, '11', 'FIRIN BİLGİSAYAR ODASI', '5 KG CO2 YSC', '08/2024', '08/2028', '08/2024', '', 'Kontrol', '', '1', '1', '1', '1', '1', '1', '1'),
	(3466, 146, '12', 'FIRIN BİLGİSAYAR ODASI', '5 KG CO2 YSC', '08/2024', '08/2028', '08/2024', '', 'Kontrol', '', '1', '1', '1', '1', '1', '1', '1'),
	(3467, 146, '13', 'FIRIN HİDROLİK ODASI', '12 KG KÖPÜKLÜ YSC', '08/2024', '08/2028', '08/2024', '', 'Kontrol', '', '1', '1', '1', '1', '1', '1', '1'),
	(3468, 146, '14', 'LANS KATI', '12 KG KÖPÜKLÜ YSC', '08/2024', '08/2028', '08/2024', '', 'Kontrol', '', '1', '1', '1', '1', '1', '1', '1'),
	(3469, 146, '15', 'TAŞ BOŞALTMA', '12 KG KÖPÜKLÜ YSC', '08/2024', '08/2028', '08/2024', '', 'Kontrol', '', '1', '1', '1', '1', '1', '1', '1'),
	(3470, 146, '16', 'BAKIM DIŞI', '12 KG KÖPÜKLÜ YSC', '08/2024', '08/2028', '08/2024', '', 'Kontrol', '', '1', '1', '1', '1', '1', '1', '1'),
	(3471, 146, '17', 'BAKIM İÇİ', '12 KG KÖPÜKLÜ YSC', '08/2024', '08/2028', '08/2024', '', 'Kontrol', '', '1', '1', '1', '1', '1', '1', '1'),
	(3472, 146, '18', 'KAZAN DAİRESİ', '6 KG KKT YSC', '08/2024', '08/2028', '08/2024', '', 'Kontrol', '', '1', '1', '1', '1', '1', '1', '1'),
	(3473, 146, '19', 'TEHLİKELİ ATIK', '6 KG KÖPÜKLÜ YSC', '08/2024', '08/2028', '08/2024', '', 'Kontrol', '', '1', '1', '1', '1', '1', '1', '1'),
	(3474, 146, '20', 'LABARATUAR', '6 KG KKT YSC', '08/2024', '08/2028', '08/2024', '', 'Kontrol', '', '1', '1', '1', '1', '1', '1', '1'),
	(3475, 146, '21', 'İDARİ YANI DEPO ÖNÜ', '6 KG KKT YSC', '08/2024', '08/2028', '08/2024', '', 'Kontrol', '', '1', '1', '1', '1', '1', '1', '1'),
	(3476, 146, '22', 'İDARİ GİRİŞ', '12 KG KÖPÜKLÜ YSC', '08/2024', '08/2028', '08/2024', '', 'Kontrol', '', '1', '1', '1', '1', '1', '1', '1'),
	(3477, 146, '23', 'İDARİ 1.KAT', '6 KG KÖPÜKLÜ YSC', '08/2024', '08/2028', '08/2024', '', 'Kontrol', '', '1', '1', '1', '1', '1', '1', '1'),
	(3478, 146, '24', 'İDARİ 2.KAT', '6 KG KKT YSC', '08/2024', '08/2028', '08/2024', '', 'Kontrol', '', '1', '1', '1', '1', '1', '1', '1'),
	(3479, 146, '25', 'YATAKHANE DIŞI', '12 KG KÖPÜKLÜ YSC', '08/2024', '08/2028', '08/2024', '', 'Kontrol', '', '1', '1', '1', '1', '1', '1', '1'),
	(3480, 146, '26', 'YATAKHANE DIŞI', '12 KG KÖPÜKLÜ YSC', '08/2024', '08/2028', '08/2024', '', 'Kontrol', '', '1', '1', '1', '1', '1', '1', '1'),
	(3481, 146, '27', 'YATAKHANE KORİDOR', '6 KG KÖPÜKLÜ YSC', '08/2024', '08/2028', '08/2024', '', 'Kontrol', '', '1', '1', '1', '1', '1', '1', '1'),
	(3482, 146, '28', 'YEMEKHANE', '6 KG KKT YSC', '08/2024', '08/2028', '08/2024', '', 'Dolum', '', '1', '1', '1', '1', '1', '1', '1'),
	(3483, 146, '29', 'KANTAR', '12 KG KÖPÜKLÜ YSC', '08/2024', '08/2028', '08/2024', '', 'Kontrol', '', '1', '1', '1', '1', '1', '1', '1'),
	(3484, 147, '1', 'İŞLETME GİRİŞ TRAFO ÖNÜ', '6 KG KKT YSC', '12/2021', '12/2025', '08/2024', '', 'Kontrol', '', '1', '1', '1', '1', '1', '1', '1'),
	(3485, 147, '2', 'İŞLETME GİRİŞ TRAFO ÖNÜ', '6 KG KKT YSC', '02/2024', '02/2028', '08/2024', '', 'Kontrol', '', '1', '1', '1', '1', '1', '1', '1'),
	(3486, 147, '3', 'İDARİ BİNA GİRİŞ', '6 KG KKT YSC', '12/2020', '12/2024', '08/2024', '', 'Kontrol', '', '1', '1', '1', '1', '1', '1', '1'),
	(3487, 147, '4', 'KADEME', '6 KG KKT YSC', '12/2024', '12/2028', '08/2024', '', 'Kontrol', '', '1', '1', '1', '1', '1', '1', '1'),
	(3488, 147, '5', 'EBATLAMA GİRİŞ', '50 KG KÖPÜKLÜ YSC', '12/2020', '12/2024', '08/2024', '', 'Kontrol', '', '1', '1', '1', '1', '1', '1', '1'),
	(3489, 147, '6', 'EBATLAMA MAKİNASI ELEKTRİK PANOSU', '6 KG HFC 236 FA YSC', '12/2020', '12/2024', '08/2024', '', 'Kontrol', '', '1', '1', '1', '1', '1', '1', '1'),
	(3490, 147, '7', 'CİLA HATTI GİRİŞ', '6 KG KKT YSC', '12/2020', '12/2024', '08/2024', '', 'Kontrol', '', '1', '1', '1', '1', '1', '1', '1'),
	(3491, 147, '8', 'CİLA HATTI TÜNEL', '6 KG KKT YSC', '08/2024', '08/2028', '08/2024', '', 'Dolum', '', '1', '1', '1', '1', '1', '1', '1'),
	(3492, 147, '9', 'FAYANS ESKİTME BÖLÜMÜ ELEKTRİK PANO', '6 KG HFC 236 FA YSC', '12/2020', '12/2024', '08/2024', '', 'Kontrol', '', '1', '1', '1', '1', '1', '1', '1'),
	(3493, 147, '10', 'PLAKA CİLA GİRİŞ', '50 KÖPÜKLÜ YSC', '12/2020', '12/2024', '08/2024', '', 'Kontrol', '', '1', '1', '1', '1', '1', '1', '1'),
	(3494, 147, '11', 'PLAKA CİLA MAKİNA YANI', '6 KG KKT YSC', '11/2021', '11/2025', '08/2024', '', 'Kontrol', '', '1', '1', '1', '1', '1', '1', '1'),
	(3495, 147, '12', 'EPOKSİ HATTI', '6 KG KKT YSC', '12/2020', '12/2024', '08/2024', '', 'Kontrol', '', '1', '1', '1', '1', '1', '1', '1'),
	(3496, 147, '13', 'EPOKSİ HATTI ELEKTRİK PANOSU', '6 KG HFC 236 FA YSC', '12/2020', '12/2024', '08/2024', '', 'Kontrol', '', '1', '1', '1', '1', '1', '1', '1'),
	(3497, 147, '14', 'EPOKSİ KESİM HATTI', '6 KG HFC 236 FA YSC', '08/2024', '08/2028', '08/2024', '', 'Dolum', '', '1', '1', '1', '1', '1', '1', '1'),
	(3498, 147, '15', 'SEVKİYAT ALANI', '50 KG KÖPÜKLÜ YSC', '12/2020', '12/2024', '08/2024', '', 'Kontrol', '', '1', '1', '1', '1', '1', '1', '1'),
	(3499, 147, '16', 'KESİM HATTI ELEKTRİK PANOSU', '6 KG HFC 236 FA YSC', '08/2024', '08/2028', '08/2024', '', 'Dolum', '', '1', '1', '1', '1', '1', '1', '1'),
	(3500, 148, '1', 'GİRİŞ KONTEYNIR ÖN', '50 KG KKT YSC', '04/2021', '04/2025', '07/2024', '', 'Kontrol', '', '1', '1', '1', '1', '1', '1', '1'),
	(3501, 148, '2', 'GİRİŞ KONTEYNIR ÖN', '6 KG HFC 236 FA YSC', '10/2023', '10/2027', '07/2024', '', 'Kontrol', '', '1', '1', '1', '1', '1', '1', '1'),
	(3502, 148, '3', 'GİRİŞ KONTEYNIR ÖN', '6 KG KKT YSC', '10/2023', '10/2027', '07/2024', '', 'Kontrol', '', '1', '1', '1', '1', '1', '1', '1'),
	(3503, 148, '4', 'GİRİŞ KONTEYNIR ÖN', '6 KG KKT YSC', '10/2023', '10/2027', '07/2024', '', 'Kontrol', '', '1', '1', '1', '1', '1', '1', '1'),
	(3504, 148, '5', 'GİRİŞ KONTEYNIR ÖN', '6 KG KKT YSC', '10/2023', '10/2027', '07/2024', '', 'Kontrol', '', '1', '1', '1', '1', '1', '1', '1'),
	(3505, 148, '6', 'GİRİŞ KONTEYNIR ÖN', '50 KG KÖPÜKLÜ YSC', '04/2022', '04/2026', '07/2024', '', 'Kontrol', '', '1', '1', '1', '1', '1', '1', '1'),
	(3524, 149, '1', 'ÜST KAT SOYUNMA ODASI', '6 KG KKT YSC', '03/2021', '03/2025', '07/2024', '', 'Kontrol', '', '1', '1', '1', '1', '1', '1', '1'),
	(3525, 149, '2', 'İDARİ BİNA ARKASI', '6 KG KKT YSC', '01/2022', '01/2026', '07/2024', '', 'Kontrol', '', '1', '1', '1', '1', '1', '1', '1'),
	(3526, 149, '3', 'İDARİ BİNA GİRİŞ', '6 KG KKT YSC', '03/2021', '03/2025', '07/2024', '', 'Kontrol', '', '1', '1', '1', '1', '1', '1', '1'),
	(3527, 149, '4', ' ÜRETİM  BÜYÜK SALON', '6 KG KKT YSC', '01/2022', '01/2026', '07/2024', '', 'Kontrol', '', '1', '1', '1', '1', '1', '1', '1'),
	(3528, 149, '5', ' ÜRETİM  BÜYÜK SALON', '6 KG KKT YSC', '03/2021', '03/2025', '07/2024', '', 'Kontrol', '', '1', '1', '1', '1', '1', '1', '1'),
	(3529, 149, '6', ' ÜRETİM  BÜYÜK SALON', '25 KG KÖPÜKLÜ YSC', '03/2021', '03/2025', '07/2024', '', 'Kontrol', '', '1', '1', '1', '1', '1', '1', '1'),
	(3530, 149, '7', ' ÜRETİM  BÜYÜK SALON PANO', '6 KG HFC 236 FA YSC', '03/2021', '03/2025', '07/2024', '', 'Kontrol', '', '1', '1', '1', '1', '1', '1', '1'),
	(3531, 149, '8', ' ÜRETİM  BÜYÜK SALON PANO', '6 KG HFC 236 FA YSC', '03/2021', '03/2025', '07/2024', '', 'Kontrol', '', '1', '1', '1', '1', '1', '1', '1'),
	(3532, 149, '9', 'ÜRETİM BÜYÜK SALON TANK ODASI ÖNÜ', '6 KG KKT YSC', '03/2021', '03/2025', '07/2024', '', 'Kontrol', '', '1', '1', '1', '1', '1', '1', '1'),
	(3533, 149, '10', 'ÜRETİM BÜYÜK SALON TANK ODASI ÖNÜ', '6 KG KKT YSC', '03/2021', '03/2025', '07/2024', '', 'Kontrol', '', '1', '1', '1', '1', '1', '1', '1'),
	(3534, 149, '11', 'ÜRETİM BÜYÜK SALON TANK ODASI İÇİ', '50 KG KÖPÜKLÜ YSC', '03/2021', '03/2025', '07/2024', '', 'Kontrol', '', '1', '1', '1', '1', '1', '1', '1'),
	(3535, 149, '12', 'ÜRETİM PANO YANI-1', '50 KG KÖPÜKLÜ YSC', '03/2021', '03/2025', '07/2024', '', 'Kontrol', '', '1', '1', '1', '1', '1', '1', '1'),
	(3536, 149, '13', 'ÜRETİM PANO YANI-1', '6 KG HFC 236 FA YSC', '09/2023', '09/2027', '07/2024', '', 'Basınç', '', '1', '1', '1', '1', '1', '1', '1'),
	(3537, 149, '14', 'ÜRETİM KORİDOR', '6 KG KKT YSC', '01/2022', '01/2026', '07/2024', '', 'Kontrol', '', '1', '1', '1', '1', '1', '1', '1'),
	(3538, 149, '15', 'ÜRETİM PANO YANI-2', '6 KG HFC 236 FA YSC', '03/2022', '03/2026', '07/2024', '', 'Kontrol', '', '1', '1', '1', '1', '1', '1', '1'),
	(3539, 149, '16', 'ÜRETİM KAPI YANI', '6 KG KKT YSC', '01/2022', '01/2026', '07/2024', '', 'Kontrol', '', '1', '1', '1', '1', '1', '1', '1'),
	(3540, 149, '17', 'ÜRETİM ÇATI ALTI DIŞ ALAN', '50 KG KÖPÜKLÜ YSC', '03/2021', '03/2025', '07/2024', '', 'Kontrol', '', '1', '1', '1', '1', '1', '1', '1'),
	(3541, 149, '18', 'İDARİ BÖLÜM DEPO', '6 KG HFC 236 FA YSC', '01/2022', '01/2026', '07/2024', '', 'Kontrol', '', '1', '1', '1', '1', '1', '1', '1'),
	(3542, 139, '1', 'YEMEKHANE ÖNÜ', '6 KG KKT YSC', '04/2023', '04/2027', '07/2024', '', 'Kontrol', '', '1', '1', '1', '1', '1', '1', '1'),
	(3543, 139, '2', 'ÜRETİM TAŞLAMA', '50 KG KÖPÜKLÜ YSC', '04/2023', '04/2027', '07/2024', '', 'Kontrol', '', '1', '1', '1', '1', '1', '1', '1'),
	(3544, 139, '3', 'ÜRETİM TAŞLAMA', '6 KG KKT YSC', '04/2023', '04/2027', '07/2024', '', 'Kontrol', '', '1', '1', '1', '1', '1', '1', '1'),
	(3545, 139, '4', 'ÜRETİM VAKUM', '6 KG KKT YSC', '03/2021', '03/2025', '07/2024', '', 'Kontrol', '', '1', '1', '1', '1', '1', '1', '1'),
	(3546, 139, '5', 'ÜRETİM VAKUM', '6 KG KKT YSC', '04/2023', '04/2027', '07/2024', '', 'Kontrol', '', '1', '1', '1', '1', '1', '1', '1'),
	(3547, 139, '6', 'ÜRETİM VAKUM', '50 KG KÖPÜKLÜ YSC', '04/2023', '04/2027', '07/2024', '', 'Kontrol', '', '1', '1', '1', '1', '1', '1', '1'),
	(3548, 139, '7', 'ÜRETİM ROBOT', '50 KG KÖPÜKLÜ YSC', '04/2023', '04/2027', '07/2024', '', 'Kontrol', '', '1', '1', '1', '1', '1', '1', '1'),
	(3549, 139, '8', 'ÜRETİM FİBER ARA KAT', '6 KG KKT YSC', '04/2023', '04/2027', '07/2024', '', 'Kontrol', '', '1', '1', '1', '1', '1', '1', '1'),
	(3550, 139, '9', 'ÜRETİM FİBER', '50 KG KÖPÜKLÜ YSC', '04/2023', '04/2027', '07/2024', '', 'Kontrol', '', '1', '1', '1', '1', '1', '1', '1'),
	(3551, 139, '10', 'ÜRETİM FİBER', '6 KG KKT YSC', '04/2023', '04/2027', '07/2024', '', 'Kontrol', '', '1', '1', '1', '1', '1', '1', '1'),
	(3552, 139, '11', 'ÜRETİM FİBER', '6 KG KKT YSC', '', '', '07/2024', '', 'Bulunamadı', '', '0', '0', '0', '0', '0', '0', '0'),
	(3553, 139, '12', 'ÜRETİM FİBER', '50 KG KÖPÜKLÜ YSC', '04/2023', '04/2027', '07/2024', '', 'Kontrol', '', '1', '1', '1', '1', '1', '1', '1'),
	(3554, 139, '13', 'ÜRETİM GİRİŞ', '50 KG KÖPÜKLÜ YSC', '04/2023', '04/2027', '07/2024', '', 'Kontrol', '', '1', '1', '1', '1', '1', '1', '1'),
	(3555, 139, '14', 'FİBER TAŞLAMA', '6 KG KKT YSC', '04/2023', '04/2027', '07/2024', '', 'Kontrol', '', '1', '1', '1', '1', '1', '1', '1'),
	(3556, 139, '15', 'FİBER BOYAHANE', '6 KG KKT YSC', '04/2023', '04/2027', '07/2024', '', 'Kontrol', '', '1', '1', '1', '1', '1', '1', '1'),
	(3557, 139, '16', 'ÜRETİM FİBER ARA KAT', '6 KG KKT YSC', '04/2023', '04/2027', '07/2024', '', 'Kontrol', '', '1', '1', '1', '1', '1', '1', '1'),
	(3558, 150, '1', 'GİRİŞ OFİS SOL DIŞ DEMİR', '6 KG KKT YSC', '07/2024', '07/2028', '07/2024', '', 'Kontrol', '', '1', '1', '1', '1', '1', '1', '1'),
	(3559, 150, '2', 'GİRİŞ OFİS SAĞ DIŞ DEMİR', '6 KG KKT YSC', '03/2021', '03/2025', '07/2024', '', 'Kontrol', '', '1', '1', '1', '1', '1', '1', '1'),
	(3560, 150, '3', '1.AHIR BAŞI', '6 KG KKT YSC', '03/2021', '03/2025', '07/2024', '', 'Kontrol', '', '1', '1', '1', '1', '1', '1', '1'),
	(3561, 150, '4', '1.AHIR SONU', '6 KG KKT YSC', '03/2021', '03/2025', '07/2024', '', 'Kontrol', '', '1', '1', '1', '1', '1', '1', '1'),
	(3562, 150, '5', 'MAZOT DEPOSU', '6 KG KKT YSC', '03/2021', '03/2025', '07/2024', '', 'Kontrol', '', '1', '1', '1', '1', '1', '1', '1'),
	(3563, 150, '6', 'ÜST SAMANLIK DEPO DEPO 1 BAŞI KAPI', '6 KG HFC 236 FA YSC', '07/2024', '07/2028', '07/2024', '', 'Dolum', '', '1', '1', '1', '1', '1', '1', '1'),
	(3564, 150, '7', 'ÜST SAMANLIK DEPO DEPO 1 BAŞI KAPI', '6 KG KKT YSC', '03/2021', '03/2025', '07/2024', '', 'Kontrol', '', '1', '1', '1', '1', '1', '1', '1'),
	(3565, 150, '8', 'ÜST SAMANLIK DEPO  2 KAPI', '6 KG KKT YSC', '03/2021', '03/2025', '07/2024', '', 'Kontrol', '', '1', '1', '1', '1', '1', '1', '1'),
	(3566, 150, '9', 'ÜST SAMANLIK DEPO  2 KAPI', '6 KG KKT YSC', '07/2024', '07/2028', '07/2024', '', 'Dolum', '', '1', '1', '1', '1', '1', '1', '1'),
	(3567, 150, '10', 'ÜST SAMANLIK DEPO  2 KAPI', '6 KG KKT YSC', '03/2021', '03/2025', '07/2024', '', 'Kontrol', '', '1', '1', '1', '1', '1', '1', '1'),
	(3568, 150, '11', 'ÜST SAMANLIK DEPO  3 KAPI', '50 KG KÖPÜKLÜ YSC', '03/2021', '03/2025', '07/2024', '', 'Kontrol', '', '1', '1', '1', '1', '1', '1', '1'),
	(3569, 150, '12', 'ÜST SAMANLIK DEPO  3 KAPI', '6 KG FA 236 YSC', '03/2021', '03/2025', '07/2024', '', 'Kontrol', '', '1', '1', '1', '1', '1', '1', '1'),
	(3570, 150, '13', 'BÜYÜK  AHIR 2 BAŞI ELEKTRİK PANO', '6 KG KKT YSC', '03/2021', '03/2025', '07/2024', '', 'Kontrol', '', '1', '1', '1', '1', '1', '1', '1'),
	(3571, 150, '14', 'BÜYÜK AHIR 2BAŞI ORTA KISIM', '12 KG KÖPÜKLÜ YSC', '03/2021', '03/2025', '07/2024', '', 'Kontrol', '', '1', '1', '1', '1', '1', '1', '1'),
	(3572, 150, '15', '2.SAMANLIK DIŞ ORTA Y.DOLABI İÇİ', '6 KG KKT YSC', '03/2021', '03/2025', '07/2024', '', 'Kontrol', '', '1', '1', '1', '1', '1', '1', '1'),
	(3573, 150, '16', '2.SAMANLIK DIŞ ORTA Y.DOLABI İÇİ', '12 KG KÖPÜKLÜ YSC', '03/2021', '03/2025', '07/2024', '', 'Kontrol', '', '1', '1', '1', '1', '1', '1', '1'),
	(3574, 150, '17', '3.AHIR BAŞI', '6 KG KKT YSC', '03/2021', '03/2025', '07/2024', '', 'Kontrol', '', '1', '1', '1', '1', '1', '1', '1'),
	(3575, 150, '18', '3.AHIR BAŞI', '6 KG KKT YSC', '03/2021', '03/2025', '07/2024', '', 'Kontrol', '', '1', '1', '1', '1', '1', '1', '1'),
	(3576, 150, '19', '4.AHIR BAŞI', '6 KG KKT YSC', '04/2022', '04/2026', '07/2024', '', 'Kontrol', '', '1', '1', '1', '1', '1', '1', '1'),
	(3577, 150, '20', '4.AHIR BAŞI', '6 KG KKT YSC', '04/2022', '04/2026', '07/2024', '', 'Kontrol', '', '1', '1', '1', '1', '1', '1', '1'),
	(3668, 151, '1', 'İDARİ BİNA GİRİŞ', '5 KG CO2 YSC', '02/2021', '02/2025', '08/2024', '', 'Kontrol', '', '1', '1', '1', '1', '1', '1', '1'),
	(3669, 151, '2', 'YEMEKHANE', '6 KG KKT YSC', '02/2021', '02/2025', '08/2024', '', 'Kontrol', '', '1', '1', '1', '1', '1', '1', '1'),
	(3670, 151, '3', 'SEVKİYAT ACİL ÇIKIŞ', '6 KG KKT YSC', '07/2023', '07/2027', '08/2024', '', 'Kontrol', '', '1', '1', '1', '1', '1', '1', '1'),
	(3671, 151, '4', 'SEVKİYAT SOL KOLON', '6 KG KKT YSC', '02/2021', '02/2025', '08/2024', '', 'Kontrol', '', '1', '1', '1', '1', '1', '1', '1'),
	(3672, 151, '5', 'SEVKİYAT SAĞ KOLON', '6 KG KKT YSC', '02/2021', '02/2025', '08/2024', '', 'Kontrol', '', '1', '1', '1', '1', '1', '1', '1'),
	(3673, 151, '6', 'DEPO', '6 KG KKT YSC', '02/2021', '02/2025', '08/2024', '', 'Kontrol', '', '1', '1', '1', '1', '1', '1', '1'),
	(3674, 151, '7', 'CNC FREZE', '6 KG KKT YSC', '02/2021', '02/2025', '08/2024', '', 'Kontrol', '', '1', '1', '1', '1', '1', '1', '1'),
	(3675, 151, '8', 'CNC FREZE', '6 KG KKT YSC', '08/2024', '08/2028', '08/2024', '', 'Dolum', '', '1', '1', '1', '1', '1', '1', '1'),
	(3676, 151, '9', 'CNC FREZE', '6 KG KKT YSC', '02/2021', '02/2025', '08/2024', '', 'Kontrol', '', '1', '1', '1', '1', '1', '1', '1'),
	(3677, 151, '10', 'FREZE MİLL SECTİON', '6 KG KKT YSC', '08/2024', '08/2028', '08/2024', '', 'Dolum', '', '1', '1', '1', '1', '1', '1', '1'),
	(3678, 151, '11', 'CNC FREZE SANKO MAKİNASI', '6 KG KKT YSC', '02/2021', '02/2025', '08/2024', '', 'Kontrol', '', '1', '1', '1', '1', '1', '1', '1'),
	(3679, 151, '12', 'CNC FREZE SANKO MAKİNASI', '6 KG KKT YSC', '02/2021', '02/2025', '08/2024', '', 'Kontrol', '', '1', '1', '1', '1', '1', '1', '1'),
	(3680, 151, '13', 'CNC FREZE SANKO MAKİNASI', '5 KG CO2 YSC', '02/2021', '02/2025', '08/2024', '', 'Kontrol', '', '1', '1', '1', '1', '1', '1', '1'),
	(3681, 151, '14', 'CNC FREZE SANKO MAKİNASI', '6 KG KKT YSC', '07/2023', '07/2027', '08/2024', '', 'Kontrol', '', '1', '1', '1', '1', '1', '1', '1'),
	(3682, 151, '15', 'KAYNAK-BOYA BÖLÜMÜ', '6 KG KKT YSC', '02/2021', '02/2025', '08/2024', '', 'Kontrol', '', '1', '1', '1', '1', '1', '1', '1'),
	(3683, 151, '16', 'KAYNAK BÖLÜMÜ GİRİŞ', '6 KG KKT YSC', '02/2021', '02/2025', '08/2024', '', 'Kontrol', '', '1', '1', '1', '1', '1', '1', '1'),
	(3684, 151, '17', 'TESFİYE', '6 KG KKT YSC', '07/2023', '07/2027', '08/2024', '', 'Kontrol', '', '1', '1', '1', '1', '1', '1', '1'),
	(3685, 151, '18', 'TESFİYE ELEKTRİK PANOSU', '5 KG CO2 YSC', '02/2021', '02/2025', '08/2024', '', 'Kontrol', '', '1', '1', '1', '1', '1', '1', '1'),
	(3686, 151, '19', 'TESVİYE', '6 KG KKT YSC', '02/2021', '02/2025', '08/2024', '', 'Kontrol', '', '1', '1', '1', '1', '1', '1', '1'),
	(3687, 151, '20', 'BEŞ EKSEN CNC', '6 KG KKT YSC', '02/2021', '02/2025', '08/2024', '', 'Kontrol', '', '1', '1', '1', '1', '1', '1', '1'),
	(3688, 151, '21', 'BEŞ EKSEN CNC', '6 KG KKT YSC', '02/2021', '02/2025', '08/2024', '', 'Kontrol', '', '1', '1', '1', '1', '1', '1', '1'),
	(3689, 151, '22', 'BEŞ EKSEN CNC', '6 KG KKT YSC', '02/2021', '02/2025', '08/2024', '', 'Kontrol', '', '1', '1', '1', '1', '1', '1', '1'),
	(3690, 151, '23', 'ÖLÇÜM ODASI', '6 KG KKT YSC', '07/2023', '07/2027', '08/2024', '', 'Kontrol', '', '1', '1', '1', '1', '1', '1', '1'),
	(3757, 152, '1', 'ÜRETİM GİRİŞ', '6 KG KKT YSC', '04/2023', '04/2027', '08/2024', '', 'Kontrol', '', '1', '1', '1', '1', '1', '1', '1'),
	(3758, 152, '2', 'ÜRETİM SOL KOLON', '6 KG KKT YSC', '05/2024', '05/2028', '08/2024', '', 'Kontrol', '', '1', '1', '1', '1', '1', '1', '1'),
	(3759, 152, '3', 'DEPO GİRİŞ', '6 KG KKT YSC', '04/2023', '04/2027', '08/2024', '', 'Kontrol', '', '1', '1', '1', '1', '1', '1', '1'),
	(3760, 152, '4', 'ÜRETİM SEVKİYAT KAPISI', '6 KG KKT YSC', '04/2023', '04/2027', '08/2024', '', 'Kontrol', '', '1', '1', '1', '1', '1', '1', '1'),
	(3761, 152, '5', 'ÜRETİM ELEKTRİK PANO YANI', '10 KG CO2 YSC', '04/2023', '04/2027', '08/2024', '', 'Kontrol', '', '1', '1', '1', '1', '1', '1', '1'),
	(3762, 152, '6', 'ÜRETİM KIRMA GİRİŞ KAPI', '50 KG KÖPÜKLÜ YSC', '04/2023', '04/2027', '08/2024', '', 'Kontrol', '', '1', '1', '1', '1', '1', '1', '1'),
	(3763, 152, '7', 'ÜRETİM SAĞ KOLON YANI', '6 KG KKT YSC', '03/2023', '03/2027', '08/2024', '', 'Dolum', '', '1', '1', '1', '1', '1', '1', '1'),
	(3764, 152, '8', 'HAMMADDE DEPO', '50 KG KÖPÜKLÜ YSC', '05/2024', '05/2028', '08/2024', '', 'Kontrol', '', '1', '1', '1', '1', '1', '1', '1'),
	(3765, 152, '9', 'DEPO HAMMADDE ALANI', '6 KG KKT YSC', '04/2023', '04/2027', '08/2024', '', 'Kontrol', '', '1', '1', '1', '1', '1', '1', '1'),
	(3766, 152, '10', 'İDARİ BİNA- Y.D İÇİ', '6 KG KKT YSC', '04/2023', '04/2027', '08/2024', '', 'Kontrol', '', '1', '1', '1', '1', '1', '1', '1'),
	(3767, 152, '11', 'KURUTMA ALANI', '50 KG KÖPÜKLÜ YSC', '03/2022', '03/2026', '08/2024', '', 'Kontrol', '', '1', '1', '1', '1', '1', '1', '1'),
	(3883, 133, '1', 'İDARİ BİNA 1.KAT', '4 KG CO2 YSC', '08/2024', '08/2028', '08/2024', '', 'Kontrol', '', '1', '1', '1', '1', '1', '1', '1'),
	(3884, 133, '2', 'İDARİ BİNA GİRİŞ', '6 KG BİOVERSAL YSC', '08/2024', '08/2028', '08/2024', '', 'Kontrol', '', '1', '1', '1', '1', '1', '1', '1'),
	(3885, 133, '3', 'YENİ RAM', '6 KG KKT YSC', '02/2022', '02/2026', '08/2024', '', 'ULAŞILAMADI', '', '1', '1', '1', '1', '1', '1', '1'),
	(3886, 133, '4', 'YENİ RAM', '6 KG KKT YSC', '08/2024', '08/2028', '08/2024', '', 'DOLUM', '', '1', '1', '1', '1', '1', '1', '1'),
	(3887, 133, '5', 'YENİ RAM', '50 KG KÖPÜKLÜ YSC', '12/2022', '12/2026', '08/2024', '', 'KONTROL', '', '1', '1', '1', '1', '1', '1', '1'),
	(3888, 133, '6', 'YENİ RAM', '6 KG KKT YSC', '02/2022', '02/2026', '08/2024', '', 'KONTROL', '', '1', '1', '1', '1', '1', '1', '1'),
	(3889, 133, '7', 'YENİ RAM', '6 KG KKT YSC', '02/2022', '02/2026', '08/2024', '', 'KONTROL', '', '1', '1', '1', '1', '1', '1', '1'),
	(3890, 133, '8', 'LABORATUVAR', '6 KG KKT YSC', '12/2022', '12/2026', '08/2024', '', 'KONTROL', '', '1', '1', '1', '1', '1', '1', '1'),
	(3891, 133, '9', 'YENİ RAM', '6 KG KKT YSC', '08/2024', '08/2028', '08/2024', '', 'DOLUM', '', '1', '1', '1', '1', '1', '1', '1'),
	(3892, 133, '10', 'YENİ RAM', '6 KG KKT YSC', '12/2022', '12/2026', '08/2024', '', 'KONTROL', '', '1', '1', '1', '1', '1', '1', '1'),
	(3893, 133, '11', 'YENİ RAM', '12 KG KKT YSC', '12/2022', '12/2026', '08/2024', '', 'KONTROL', '', '1', '1', '1', '1', '1', '1', '1'),
	(3894, 133, '12', 'YENİ RAM ORTA KOLON', '6 KG KKT YSC', '12/2022', '12/2026', '08/2024', '', 'KONTROL', '', '1', '1', '1', '1', '1', '1', '1'),
	(3895, 133, '13', 'YENİ RAM ORTA KOLON', '6 KG KKT YSC', '03/2023', '03/2027', '08/2024', '', 'ULAŞILAMADI', '', '1', '1', '1', '1', '1', '1', '1'),
	(3896, 133, '14', 'YENİ RAM ORTA KOLON', '6 KG KKT YSC', '02/2022', '02/2026', '08/2024', '', 'KONTROL', '', '1', '1', '1', '1', '1', '1', '1'),
	(3897, 133, '15', 'YENİ RAM ORTA KOLON', '12 KG KKT YSC', '12/2022', '12/2026', '08/2024', '', 'KONTROL', '', '1', '1', '1', '1', '1', '1', '1'),
	(3898, 133, '16', 'YENİ RAM SEVKİYAT GİRİŞ', '50 KÖPÜKLÜ YSC', '03/2023', '03/2027', '08/2024', '', 'KONTROL', '', '1', '1', '1', '1', '1', '1', '1'),
	(3899, 133, '17', 'YENİ RAM JETLER KOLON', '6 KG KKT YSC', '03/2023', '03/2027', '08/2024', '', 'ULAŞILAMADI', '', '1', '1', '1', '1', '1', '1', '1'),
	(3900, 133, '18', 'YENİ RAM JETLER KOLON', '6 KG KKT YSC', '03/2023', '03/2027', '08/2024', '', 'ULAŞILAMADI', '', '1', '1', '1', '1', '1', '1', '1'),
	(3901, 133, '19', 'YENİ RAM JETLER KOLON', '50 KG KKT YSC', '12/2022', '12/2026', '08/2024', '', 'Kontrol', '', '1', '1', '1', '1', '1', '1', '1'),
	(3902, 133, '20', 'YENİ RAM JETLER KOLON', '6 KG KKT YSC', '12/2022', '12/2026', '08/2024', '', 'Kontrol', '', '1', '1', '1', '1', '1', '1', '1'),
	(3903, 133, '21', 'KİMYASAL DAĞITIM 1', '6 KG KKT YSC', '03/2023', '03/2027', '08/2024', '', 'Kontrol', '', '1', '1', '1', '1', '1', '1', '1'),
	(3904, 133, '22', 'TAMBUR', '6 KG KKT YSC', '03/2023', '03/2027', '08/2024', '', 'ULAŞILAMADI', '', '1', '1', '1', '1', '1', '1', '1'),
	(3905, 133, '23', 'TAMBUR', '50 KG KÖPÜKLÜ YSC', '12/2022', '12/2026', '08/2024', '', 'Kontrol', '', '1', '1', '1', '1', '1', '1', '1'),
	(3906, 133, '24', 'TAMBUR', '6 KG KKT YSC', '08/2019', '08/2023', '08/2024', '', 'ULAŞILAMADI', '', '1', '1', '1', '1', '1', '1', '1'),
	(3907, 133, '25', 'TAMBUR KAPI YANI', '50 KG KÖPÜKLÜ YSC', '12/2022', '12/2026', '08/2024', '', 'Kontrol', '', '1', '1', '1', '1', '1', '1', '1'),
	(3908, 133, '26', 'TAMBUR', '6 KG KKT YSC', '12/2022', '12/2026', '08/2024', '', 'Kontrol', '', '1', '1', '1', '1', '1', '1', '1'),
	(3909, 133, '27', 'TAMBUR', '50 KG KÖPÜKLÜ YSC', '03/2023', '03/2027', '08/2024', '', 'Kontrol', '', '1', '1', '1', '1', '1', '1', '1'),
	(3910, 133, '28', 'TAMBUR', '6 KG KKT YSC', '12/2022', '12/2026', '08/2024', '', 'Kontrol', '', '1', '1', '1', '1', '1', '1', '1'),
	(3911, 133, '29', 'TAROF', '6 KG KKT YSC', '03/2023', '03/2027', '08/2024', '', 'Kontrol', '', '1', '1', '1', '1', '1', '1', '1'),
	(3912, 133, '30', 'KAZAN DAİRESİ', '50 KG KÖPÜKLÜ YSC', '12/2022', '12/2026', '08/2024', '', 'Kontrol', '', '1', '1', '1', '1', '1', '1', '1'),
	(3913, 133, '31', 'KAZAN DAİRESİ', '50 KG KÖPÜKLÜ YSC', '12/2022', '12/2026', '08/2024', '', 'Kontrol', '', '1', '1', '1', '1', '1', '1', '1'),
	(3914, 133, '32', 'KAZAN DAİRESİ', '50 KG KÖPÜKLÜ YSC', '12/2022', '12/2026', '08/2024', '', 'Kontrol', '', '1', '1', '1', '1', '1', '1', '1'),
	(3915, 133, '33', 'DEPO', '6 KG BİOVERSAL YSC', '01/1999', '01/2003', '08/2024', '', 'Kontrol', '', '1', '1', '1', '1', '1', '1', '1'),
	(3916, 133, '34', 'ÇİĞ MAL KABUL DEPO', '6 KG BİOVERSAL YSC', '01/1999', '01/2003', '08/2024', '', 'Kontrol', '', '1', '1', '1', '1', '1', '1', '1'),
	(3917, 133, '35', 'YEMEKHANE', '6 KG BİOVERSAL YSC', '08/2024', '08/2028', '08/2024', '', 'DOLUM', '', '1', '1', '1', '1', '1', '1', '1'),
	(3918, 133, '36', 'SİGARA İÇME ALANI', '50 KG KÖPÜKLÜ YSC', '08/2024', '08/2028', '08/2024', '', 'DOLUM', '', '1', '1', '1', '1', '1', '1', '1'),
	(3919, 133, '37', 'REVİR', '50 KG KÖPÜKLÜ YSC', '08/2024', '08/2028', '08/2024', '', 'DOLUM', '', '1', '1', '1', '1', '1', '1', '1'),
	(3920, 133, '38', 'KALİTE KONTROL', '6 KG KKT YSC', '08/2024', '08/2028', '08/2024', '', 'DOLUM', '', '1', '1', '1', '1', '1', '1', '1'),
	(3921, 133, '39', 'KALİTE KONTROL DEPO', '6 KG KKT YSC', '01/1999', '01/2003', '08/2024', '', 'ULAŞILAMADI', '', '1', '1', '1', '1', '1', '1', '1'),
	(3922, 133, '40', 'KALİTE KONTROL', '9 KG BİOVERSAL YSC', '12/2022', '12/2026', '08/2024', '', 'Kontrol', '', '1', '1', '1', '1', '1', '1', '1'),
	(3923, 133, '41', 'KALİTE KONTROL', '6 KG KKT YSC', '12/2022', '12/2026', '08/2024', '', 'Kontrol', '', '1', '1', '1', '1', '1', '1', '1'),
	(3924, 133, '42', 'İPLİK DEPO', '6 KG KKT YSC', '08/2024', '08/2028', '08/2024', '', 'DOLUM', '', '1', '1', '1', '1', '1', '1', '1'),
	(3925, 133, '43', 'KAYNAK ARABASI', '6 KG KKT YSC', '02/2022', '02/2026', '08/2024', '', 'Kontrol', '', '1', '1', '1', '1', '1', '1', '1'),
	(3926, 133, '44', 'İPLİK DEPO', '6 KG BİOVERSAL YSC', '02/2022', '02/2026', '08/2024', '', 'Kontrol', '', '1', '1', '1', '1', '1', '1', '1'),
	(3927, 133, '45', 'İPLİK DEPO', '50 KG KÖPÜKLÜ YSC', '03/2023', '03/2027', '08/2024', '', 'Kontrol', '', '1', '1', '1', '1', '1', '1', '1'),
	(3928, 133, '46', 'İPLİK DEPO', '50 KG KÖPÜKLÜ YSC', '12/2022', '12/2026', '08/2024', '', 'Kontrol', '', '1', '1', '1', '1', '1', '1', '1'),
	(3929, 133, '47', 'İPLİK DEPO', '12 KG KKT YSC', '08/2024', '08/2028', '08/2024', '', 'DOLUM', '', '1', '1', '1', '1', '1', '1', '1'),
	(3930, 133, '48', 'İPLİK DEPO', '50 KG KÖPÜKLÜ YSC', '12/2022', '12/2026', '08/2024', '', 'Kontrol', '', '1', '1', '1', '1', '1', '1', '1'),
	(3931, 133, '49', 'İPLİK DEPO', '6 KG BİOVERSAL YSC', '01/1999', '01/2003', '08/2024', '', 'ULAŞILAMADI', '', '1', '1', '1', '1', '1', '1', '1'),
	(3932, 133, '50', 'KALİTE KONTROL', '9 KG BİOVERSAL YSC', '12/2022', '12/2026', '08/2024', '', 'Kontrol', '', '1', '1', '1', '1', '1', '1', '1'),
	(3933, 133, '51', 'HAM KALİTE KONTROL', '6 KG KKT YSC', '02/2022', '02/2026', '08/2024', '', 'Kontrol', '', '1', '1', '1', '1', '1', '1', '1'),
	(3934, 133, '52', 'HAM KALİTE KONTROL', '6 KG BİOVERSAL YSC', '03/2023', '03/2027', '08/2024', '', 'Kontrol', '', '1', '1', '1', '1', '1', '1', '1'),
	(3935, 133, '53', 'HAM KALİTE KONTROL', '6 KG KKT YSC', '12/2022', '12/2026', '08/2024', '', 'Kontrol', '', '1', '1', '1', '1', '1', '1', '1'),
	(3936, 133, '54', 'ORTA BİNA 2.KAT', '9 KG BİOVERSAL YSC', '12/2022', '12/2026', '08/2024', '', 'Kontrol', '', '1', '1', '1', '1', '1', '1', '1'),
	(3937, 133, '55', 'ORTA BİNA 2.KAT', '6 KG KKT YSC', '03/2023', '03/2027', '08/2024', '', 'Kontrol', '', '1', '1', '1', '1', '1', '1', '1'),
	(3938, 133, '56', 'ORTA BİNA 2. KAT', '6 KG KKT YSC', '08/2024', '08/2028', '08/2024', '', 'DOLUM', '', '1', '1', '1', '1', '1', '1', '1'),
	(3939, 133, '57', 'ORTA BİNA 2. KAT', '6 KG KKT YSC', '03/2023', '03/2027', '08/2024', '', 'KONTROL', '', '1', '1', '1', '1', '1', '1', '1'),
	(3940, 133, '58', 'DOKUMA', '6 KG BİOVERSAL YSC', '12/2022', '12/2026', '08/2024', '', 'KONTROL', '', '1', '1', '1', '1', '1', '1', '1'),
	(3941, 133, '59', 'DOKUMA', '6 KG KKT YSC', '03/2023', '03/2027', '08/2024', '', 'KONTROL', '', '1', '1', '1', '1', '1', '1', '1'),
	(3942, 133, '60', 'DOKUMA', '6 KG KKT YSC', '12/2022', '12/2026', '08/2024', '', 'KONTROL', '', '1', '1', '1', '1', '1', '1', '1'),
	(3943, 133, '61', 'DOKUMA', '6 KG BİOVERSAL YSC', '12/2022', '12/2026', '08/2024', '', 'KONTROL', '', '1', '1', '1', '1', '1', '1', '1'),
	(3944, 133, '62', 'DOKUMA', '6 KG BİOVERSAL YSC', '12/2022', '12/2026', '08/2024', '', 'KONTROL', '', '1', '1', '1', '1', '1', '1', '1'),
	(3945, 133, '63', 'DOKUMA', '5 KG CO2 YSC', '08/2024', '08/2028', '08/2024', '', 'DOLUM', '', '1', '1', '1', '1', '1', '1', '1'),
	(3946, 133, '64', 'DOKUMA', '6 KG KKT YSC', '03/2023', '03/2027', '08/2024', '', 'KONTROL', '', '1', '1', '1', '1', '1', '1', '1'),
	(3947, 133, '65', 'DOKUMA', '6 KG KKT YSC', '08/2024', '08/2028', '08/2024', '', 'DOLUM', '', '1', '1', '1', '1', '1', '1', '1'),
	(3948, 133, '66', 'DOKUMA', '6 KG KKT YSC', '12/2022', '12/2026', '08/2024', '', 'KONTROL', '', '1', '1', '1', '1', '1', '1', '1'),
	(3949, 133, '67', 'DOKUMA', '6 KG KKT YSC', '01/1999', '01/2003', '08/2024', '', 'ULAŞILAMADI', '', '1', '1', '1', '1', '1', '1', '1'),
	(3950, 133, '68', 'DOKUMA', '6 KG BİOVERSAL', '02/2022', '02/2026', '08/2024', '', 'KONTROL', '', '1', '1', '1', '1', '1', '1', '1'),
	(3951, 133, '69', 'DEVERE DOKUMA 2.KAT', '12 KG KKT YSC', '12/2022', '12/2026', '08/2024', '', 'KONTROL', '', '1', '1', '1', '1', '1', '1', '1'),
	(3952, 133, '70', 'DEVERE DOKUMA 2.KAT', '6 KG KKT YSC', '12/2022', '12/2026', '08/2024', '', 'KONTROL', '', '1', '1', '1', '1', '1', '1', '1'),
	(3953, 133, '71', 'BÜKÜM ', '12 KG KKT YSC', '03/2023', '03/2027', '08/2024', '', 'KONTROL', '', '1', '1', '1', '1', '1', '1', '1'),
	(3954, 133, '72', 'BÜKÜM ', '6 KG KKT YSC', '08/2024', '08/2028', '08/2024', '', 'DOLUM', '', '1', '1', '1', '1', '1', '1', '1'),
	(3955, 133, '73', 'BÜKÜM ', '50 KG KÖPÜKLÜ YSC', '08/2024', '08/2028', '08/2024', '', 'DOLUM', '', '1', '1', '1', '1', '1', '1', '1'),
	(3956, 133, '74', 'BÜKÜM ', '12 KG KKT YSC', '12/2022', '12/2026', '08/2024', '', 'KONTROL', '', '1', '1', '1', '1', '1', '1', '1'),
	(3957, 133, '75', 'BÜKÜM ', '12 KG KKT YSC', '08/2024', '08/2028', '08/2024', '', 'DOLUM', '', '1', '1', '1', '1', '1', '1', '1'),
	(3958, 133, '76', 'BÜKÜM ÜST KAT DEPO', '50 KG KÖPÜKLÜ YSC', '12/2022', '12/2026', '08/2024', '', 'KONTROL', '', '1', '1', '1', '1', '1', '1', '1'),
	(3959, 133, '77', 'BÜKÜM ÜST KAT DEPO', '50 KG KÖPÜKLÜ YSC', '12/2022', '12/2026', '08/2024', '', 'KONTROL', '', '1', '1', '1', '1', '1', '1', '1'),
	(3960, 133, '78', 'BÜKÜM ÜST KAT DEPO', '50 KG KÖPÜKLÜ YSC', '12/2019', '12/2023', '08/2024', '', 'KONTROL', '', '1', '1', '1', '1', '1', '1', '1'),
	(3961, 133, '79', 'ALT KAT DEPO', '6 KG KKT YSC', '08/2024', '08/2028', '08/2024', '', 'DOLUM', '', '1', '1', '1', '1', '1', '1', '1'),
	(3962, 133, '80', 'ALT KAT DEPO', '50 KG KÖPÜKLÜ YSC', '08/2024', '08/2028', '08/2024', '', 'DOLUM', '', '1', '1', '1', '1', '1', '1', '1'),
	(3963, 133, '81', 'ALT KAT DEPO', '6 KG KKT YSC', '12/2022', '12/2026', '08/2024', '', 'KONTROL', '', '1', '1', '1', '1', '1', '1', '1'),
	(3964, 133, '82', 'TRAFO ÖNÜ', '12 KG KKT YSC', '03/2023', '03/2027', '08/2024', '', 'KONTROL', '', '1', '1', '1', '1', '1', '1', '1'),
	(3965, 133, '83', 'DIŞ ATIK KARTON', '50 KG KÖPÜKLÜ YSC', '03/2023', '03/2027', '08/2024', '', 'KONTROL', '', '1', '1', '1', '1', '1', '1', '1'),
	(3966, 133, '84', 'PALET ALANI', '12 KG KKT YSC', '02/2022', '02/2026', '08/2024', '', 'BULUNAMADI', '', '1', '1', '1', '1', '1', '1', '1'),
	(3967, 133, '85', 'GİRİŞ', '6 KG KKT YSC', '08/2024', '08/2028', '08/2024', '', 'DOLUM', '', '1', '1', '1', '1', '1', '1', '1'),
	(3968, 133, '86', 'ARGE ', '6 KG KKT YSC', '08/2024', '08/2028', '08/2024', '', 'DOLUM', '', '1', '1', '1', '1', '1', '1', '1'),
	(3969, 133, '87', 'İDARİ BİNA 2 ÜST KAT', '6 KG KKT YSC', '08/2024', '08/2028', '08/2024', '', 'DOLUM', '', '1', '1', '1', '1', '1', '1', '1'),
	(3970, 133, '88', 'KOMPRESÖR', '6 KG KKT YSC', '01/1999', '01/2003', '08/2024', '', 'BULUNAMADI', '', '1', '1', '1', '1', '1', '1', '1'),
	(3971, 133, '89', 'DOĞALGAZ', '50 KG KÖPÜKLÜ YSC', '03/2023', '03/2027', '08/2024', '', 'Kontrol', '', '1', '1', '1', '1', '1', '1', '1'),
	(3972, 133, '90', 'DOĞALGAZ', '50 KG KÖPÜKLÜ YSC', '08/2024', '08/2028', '08/2024', '', 'DOLUM', '', '1', '1', '1', '1', '1', '1', '1'),
	(3973, 133, '91', 'MUTFAK 1', '6 KG BİOVERSAL YSC ', '12/2019', '12/2023', '08/2024', '', 'Kontrol', '', '1', '1', '1', '1', '1', '1', '1'),
	(3974, 133, '92', 'GÜVENLİK 1', '6 KG KKT YSC', '02/2022', '02/2026', '08/2024', '', 'Kontrol', '', '1', '1', '1', '1', '1', '1', '1'),
	(3975, 133, '93', 'ASANSÖR DAİRESİ', '6 KG KKT YSC', '12/2022', '12/2026', '08/2024', '', 'YERİNDE YOK', '', '1', '1', '1', '1', '1', '1', '1'),
	(3976, 133, '94', 'FORKLİFT', '2 KG KKT YSC ', '02/2022', '02/2026', '08/2024', '', 'ŞİRKETTE DEĞİL', '', '1', '1', '1', '1', '1', '1', '1'),
	(3977, 133, '95', 'KAMYON İÇİ', '6 KG BİOVERSAL YSC ', '01/1999', '01/2003', '08/2024', '', 'BULUNAMADI', '', '1', '1', '1', '1', '1', '1', '1'),
	(3978, 133, '96', 'KİMYASAL DAĞITIM', '6 KG KÖPÜKLÜ SPRİNK', '09/2020', '09/2024', '08/2024', '', 'Kontrol', '', '1', '1', '1', '1', '1', '1', '1'),
	(3979, 133, '97', 'KİMYASAL DAĞITIM', '6 KG KÖPÜKLÜ SPRİNK', '09/2020', '09/2024', '08/2024', '', 'Kontrol', '', '1', '1', '1', '1', '1', '1', '1'),
	(3980, 133, '98', 'KİMYASAL DAĞITIM', '6 KG KÖPÜKLÜ SPRİNK', '09/2020', '09/2024', '08/2024', '', 'Kontrol', '', '1', '1', '1', '1', '1', '1', '1'),
	(3981, 133, '99', 'KİMYASAL DAĞITIM', '6 KG KÖPÜKLÜ SPRİNK', '09/2020', '09/2024', '08/2024', '', 'Kontrol', '', '1', '1', '1', '1', '1', '1', '1'),
	(3982, 133, '100', 'KİMYASAL DAĞITIM', '6 KG KÖPÜKLÜ SPRİNK', '09/2020', '09/2024', '08/2024', '', 'Kontrol', '', '1', '1', '1', '1', '1', '1', '1'),
	(3983, 133, '101', 'KİMYASAL DAĞITIM', '6 KG KÖPÜKLÜ SPRİNK', '09/2020', '09/2024', '08/2024', '', 'Kontrol', '', '1', '1', '1', '1', '1', '1', '1'),
	(3984, 133, '102', 'KİMYASAL DAĞITIM', '6 KG KÖPÜKLÜ SPRİNK', '09/2020', '09/2024', '08/2024', '', 'Kontrol', '', '1', '1', '1', '1', '1', '1', '1'),
	(3985, 133, '103', 'KİMYASAL DAĞITIM', '6 KG KÖPÜKLÜ SPRİNK', '09/2020', '09/2024', '08/2024', '', 'Kontrol', '', '1', '1', '1', '1', '1', '1', '1'),
	(3986, 133, '104', 'KİMYASAL DAĞITIM', '6 KG KÖPÜKLÜ SPRİNK', '09/2020', '09/2024', '08/2024', '', 'Kontrol', '', '1', '1', '1', '1', '1', '1', '1'),
	(3987, 133, '105', 'DOKUMA DEPO', '6 KG KKT YSC', '03/2023', '03/2027', '08/2024', '', 'Kontrol', '', '1', '1', '1', '1', '1', '1', '1'),
	(3988, 133, '106', 'DOKUMA DEPO', '6 KG KKT YSC', '03/2023', '03/2027', '08/2024', '', 'Kontrol', '', '1', '1', '1', '1', '1', '1', '1'),
	(3989, 133, '107', 'RAM 1 YANI ', '45 KG CO2 YSC', '03/2023', '03/2027', '08/2024', '', 'Kontrol', '', '1', '1', '1', '1', '1', '1', '1'),
	(3990, 133, '108', 'RAM 1 YANI ', '45 KG CO2 YSC', '03/2023', '03/2027', '08/2024', '', 'Kontrol', '', '1', '1', '1', '1', '1', '1', '1'),
	(3991, 133, '109', 'RAM 2 BACA SÖNDÜRME', '45 KG CO2 YSC', '12/2023', '12/2027', '08/2024', '', 'Kontrol', '', '1', '1', '1', '1', '1', '1', '1'),
	(3992, 133, '110', 'RAM 2 BACA SÖNDÜRME', '45 KG CO2 YSC', '12/2023', '12/2027', '08/2024', '', 'Kontrol', '', '1', '1', '1', '1', '1', '1', '1'),
	(3993, 133, '111', 'RAM 2 BACA SÖNDÜRME', '45 KG CO2 YSC', '12/2023', '12/2027', '08/2024', '', 'Kontrol', '', '1', '1', '1', '1', '1', '1', '1'),
	(3994, 133, '112', 'RAM 2 BACA SÖNDÜRME', '45 KG CO2 YSC', '12/2023', '12/2027', '08/2024', '', 'Kontrol', '', '1', '1', '1', '1', '1', '1', '1'),
	(3995, 133, '113', 'DIŞ ALAN KİMYASAL ODA', '12 KG KÖPÜKLÜ SPRİNK', '12/2023', '12/2027', '08/2024', '', 'Kontrol', '', '1', '1', '1', '1', '1', '1', '1'),
	(3996, 133, '114', 'DIŞ ALAN KİMYASAL ODA', '6 KG KÖPÜKLÜ SPRİNK', '12/2023', '12/2027', '08/2024', '', 'Kontrol', '', '1', '1', '1', '1', '1', '1', '1'),
	(3997, 133, '115', 'DIŞ ALAN KİMYASAL ODA', '6 KG KÖPÜKLÜ SPRİNK', '12/2023', '12/2027', '08/2024', '', 'Kontrol', '', '1', '1', '1', '1', '1', '1', '1'),
	(3998, 153, '1', 'SEVKİYAT', '6 KG KKT YSC', '03/2020', '03/2024', '', '', 'BULUNAMADI', '', '1', '1', '1', '1', '1', '1', '1'),
	(3999, 153, '2', 'STOK ALANI', '6 KG KKT YSC', '05/2023', '05/2027', '', '', 'Kontrol', '', '1', '1', '1', '1', '1', '1', '1'),
	(4000, 153, '3', 'STOK ARKA KISIM', '12 KG KKT YSC', '11/2023', '11/2027', '', '', 'Basınç', '', '1', '1', '1', '1', '1', '1', '1'),
	(4001, 153, '4', 'GİRİŞ KALİTE', '12 KG KKT YSC', '11/2023', '11/2027', '', '', 'Kontrol', '', '1', '1', '1', '1', '1', '1', '1'),
	(4002, 153, '5', 'CNC MEKANİK', '6 KG KKT YSC', '11/2023', '11/2027', '', '', 'Kontrol', '', '1', '1', '1', '1', '1', '1', '1'),
	(4003, 153, '6', 'ÜRETİM ', '6 KG KKT YSC', '03/2022', '03/2026', '', '', 'Basınç', '', '1', '1', '1', '1', '1', '1', '1'),
	(4004, 153, '7', 'ÜRETİM 2', '6 KG KKT YSC', '11/2023', '11/2027', '', '', 'Kontrol', '', '1', '1', '1', '1', '1', '1', '1'),
	(4005, 153, '8', 'HAMURHANE ', '12 KG KKT YSC', '11/2023', '11/2027', '', '', 'Kontrol', '', '1', '1', '1', '1', '1', '1', '1'),
	(4006, 153, '9', 'ÖN ŞEKİLLENDİRME', '6 KG KKT YSC', '09/2024', '09/2028', '', '', 'Dolum', '', '1', '1', '1', '1', '1', '1', '1'),
	(4007, 153, '10', 'YEMEKHANE', '6 KG KKT YSC', '12/2021', '12/2025', '', '', 'BULUNAMADI', '', '1', '1', '1', '1', '1', '1', '1'),
	(4008, 153, '11', 'STOK ALANI', '6 KG KKT YSC', '05/2023', '05/2027', '', '', 'Kontrol', '', '1', '1', '1', '1', '1', '1', '1'),
	(4009, 153, '12', 'FİNİSAJ', '6 KG KKT YSC', '05/2023', '05/2027', '', '', 'Kontrol', '', '1', '1', '1', '1', '1', '1', '1'),
	(4010, 153, '13', 'PRES PANO İÇİ SÖNDÜRME', '2 KG FA 236 YSC', '05/2023', '05/2027', '', '', 'Kontrol', '', '1', '1', '1', '1', '1', '1', '1'),
	(4011, 153, '14', 'PRES PANO İÇİ SÖNDÜRME', '2 KG FA 236 YSC', '10/2020', '10/2024', '', '', 'Kontrol', '', '1', '1', '1', '1', '1', '1', '1'),
	(4012, 153, '15', 'CNC PANO', '2 KG FA 236 YSC', '05/2023', '05/2027', '', '', 'Kontrol', '', '1', '1', '1', '1', '1', '1', '1'),
	(4013, 153, '16', 'ÜRETİM PANO', '2 KG FA 236 YSC', '05/2023', '05/2027', '', '', 'Kontrol', '', '1', '1', '1', '1', '1', '1', '1'),
	(4014, 153, '17', 'ANA PANO SÖNDÜRME', '6 KG FA 236 YSC', '05/2023', '05/2027', '', '', 'Kontrol', '', '1', '1', '1', '1', '1', '1', '1'),
	(4015, 153, '18', 'AMBAR', '6 KG KKT YSC', '06/2021', '06/2025', '', '', 'Kontrol', '', '1', '1', '1', '1', '1', '1', '1'),
	(4016, 153, '19', 'FORKLİFT', '1 KG KKT YSC', '05/2023', '05/2027', '', '', 'Kontrol', '', '1', '1', '1', '1', '1', '1', '1'),
	(4023, 172, '1123123123', 'yeni bölged kayıt', 'Tüp de', NULL, NULL, NULL, NULL, NULL, NULL, NULL, NULL, NULL, NULL, NULL, NULL, NULL),
	(4024, 172, '345', 'yeni kayıt', '', NULL, NULL, NULL, NULL, NULL, NULL, NULL, NULL, NULL, NULL, NULL, NULL, NULL),
	(4025, 180, '1', '1.Kat', 'YANGIN DOLABI', NULL, NULL, NULL, NULL, NULL, NULL, NULL, NULL, NULL, NULL, NULL, NULL, NULL),
	(4026, 181, '1', '1.Kat', 'YANGIN DOLABI', NULL, NULL, NULL, NULL, NULL, NULL, NULL, NULL, NULL, NULL, NULL, NULL, NULL),
	(4027, 182, '1', '1.Kat', 'YANGIN DOLABI', NULL, NULL, NULL, NULL, NULL, NULL, NULL, NULL, NULL, NULL, NULL, NULL, NULL),
	(4028, 184, '1', 'yeni bölged kayıt', 'Tüp de', NULL, NULL, NULL, NULL, NULL, NULL, NULL, NULL, NULL, NULL, NULL, NULL, NULL),
	(4029, 186, '1', 'yeni bölged kayıt', 'Tüp de', NULL, NULL, NULL, NULL, NULL, NULL, NULL, NULL, NULL, NULL, NULL, NULL, NULL),
	(4036, 186, '1', 'yenikayıt', 'Tüp de', NULL, NULL, NULL, NULL, NULL, NULL, NULL, NULL, NULL, NULL, NULL, NULL, NULL),
	(4039, 186, '2', 'GÜVENLİK', 'TÜP', NULL, NULL, NULL, NULL, NULL, NULL, NULL, NULL, NULL, NULL, NULL, NULL, NULL);

-- görünüm yapısı dökülüyor puantoryeni.sqlmaas_gelir_kesinti
-- VIEW bağımlılık sorunlarını çözmek için geçici tablolar oluşturuluyor
CREATE TABLE `sqlmaas_gelir_kesinti` (
	`id` INT(20) NOT NULL,
	`person_id` VARCHAR(1) NOT NULL COLLATE 'utf8mb4_general_ci',
	`turu` VARCHAR(1) NOT NULL COLLATE 'latin5_turkish_ci',
	`kategori` INT(11) NOT NULL,
	`ay` INT(11) NULL,
	`yil` INT(11) NULL,
	`person` VARCHAR(1) NOT NULL COLLATE 'utf8mb4_general_ci',
	`gun` VARCHAR(1) NULL COLLATE 'utf8mb4_general_ci',
	`tutar` DECIMAL(20,2) NULL,
	`aciklama` VARCHAR(1) NOT NULL COLLATE 'latin5_turkish_ci',
	`created_at` VARCHAR(1) NOT NULL COLLATE 'utf8mb4_general_ci'
) ENGINE=MyISAM;

-- tablo yapısı dökülüyor puantoryeni.userauths
CREATE TABLE IF NOT EXISTS `userauths` (
  `id` int(25) NOT NULL AUTO_INCREMENT,
  `roleID` int(10) NOT NULL,
  `authID` int(10) NOT NULL,
  PRIMARY KEY (`id`)
) ENGINE=InnoDB AUTO_INCREMENT=2292 DEFAULT CHARSET=utf8mb4 COLLATE=utf8mb4_general_ci;

-- puantoryeni.userauths: ~197 rows (yaklaşık) tablosu için veriler indiriliyor
DELETE FROM `userauths`;
INSERT INTO `userauths` (`id`, `roleID`, `authID`) VALUES
	(23, 10, 4),
	(24, 10, 5),
	(25, 10, 6),
	(26, 10, 7),
	(27, 10, 8),
	(28, 10, 9),
	(29, 10, 15),
	(30, 10, 14),
	(31, 10, 13),
	(32, 10, 12),
	(33, 10, 11),
	(34, 10, 10),
	(35, 10, 16),
	(36, 10, 17),
	(37, 10, 18),
	(38, 10, 21),
	(39, 10, 20),
	(40, 10, 19),
	(41, 10, 22),
	(42, 10, 23),
	(43, 10, 24),
	(44, 10, 28),
	(45, 10, 27),
	(46, 10, 26),
	(47, 10, 25),
	(48, 10, 29),
	(49, 10, 30),
	(50, 10, 31),
	(51, 10, 35),
	(52, 10, 34),
	(53, 10, 33),
	(54, 10, 32),
	(55, 10, 39),
	(56, 10, 38),
	(57, 10, 37),
	(58, 10, 36),
	(59, 10, 40),
	(60, 10, 41),
	(61, 10, 42),
	(62, 10, 43),
	(63, 10, 44),
	(64, 10, 45),
	(77, 10, 1),
	(80, 10, 2),
	(83, 10, 3),
	(86, 10, 4),
	(89, 10, 5),
	(92, 10, 6),
	(95, 10, 7),
	(98, 10, 8),
	(101, 10, 9),
	(104, 10, 10),
	(107, 10, 11),
	(110, 10, 12),
	(113, 10, 13),
	(116, 10, 14),
	(119, 10, 15),
	(122, 10, 16),
	(125, 10, 17),
	(128, 10, 18),
	(131, 10, 19),
	(134, 10, 20),
	(137, 10, 21),
	(140, 10, 22),
	(143, 10, 23),
	(146, 10, 24),
	(149, 10, 25),
	(152, 10, 26),
	(155, 10, 27),
	(158, 10, 28),
	(161, 10, 29),
	(164, 10, 30),
	(167, 10, 31),
	(170, 10, 32),
	(173, 10, 33),
	(176, 10, 34),
	(179, 10, 35),
	(182, 10, 36),
	(185, 10, 37),
	(188, 10, 38),
	(191, 10, 39),
	(194, 10, 40),
	(197, 10, 41),
	(200, 10, 42),
	(203, 10, 43),
	(206, 10, 44),
	(209, 10, 45),
	(212, 10, 46),
	(215, 10, 47),
	(218, 10, 48),
	(221, 10, 49),
	(224, 10, 50),
	(227, 10, 51),
	(559, 93, 51),
	(560, 11, 1),
	(561, 11, 2),
	(562, 11, 3),
	(563, 11, 15),
	(564, 11, 14),
	(565, 11, 13),
	(566, 11, 12),
	(567, 11, 11),
	(568, 11, 10),
	(569, 11, 29),
	(570, 11, 30),
	(571, 11, 31),
	(1192, 51, 1),
	(1662, 9, 13),
	(1663, 9, 2),
	(1664, 9, 4),
	(1665, 9, 5),
	(1666, 9, 8),
	(1667, 9, 7),
	(1668, 9, 10),
	(1669, 9, 12),
	(1670, 9, 13),
	(1671, 9, 14),
	(1672, 9, 15),
	(1673, 9, 17),
	(1674, 9, 20),
	(1675, 9, 19),
	(1676, 9, 52),
	(1677, 9, 23),
	(1678, 9, 22),
	(1679, 9, 29),
	(1680, 9, 30),
	(1681, 9, 35),
	(1682, 9, 33),
	(1683, 9, 32),
	(1684, 9, 39),
	(1685, 9, 38),
	(1686, 9, 37),
	(1687, 9, 36),
	(1688, 9, 41),
	(1689, 9, 40),
	(1690, 9, 44),
	(1691, 9, 43),
	(1692, 9, 42),
	(1693, 9, 50),
	(2234, 1, 1),
	(2235, 1, 2),
	(2236, 1, 3),
	(2237, 1, 4),
	(2238, 1, 5),
	(2239, 1, 6),
	(2240, 1, 63),
	(2241, 1, 9),
	(2242, 1, 8),
	(2243, 1, 7),
	(2244, 1, 15),
	(2245, 1, 14),
	(2246, 1, 13),
	(2247, 1, 12),
	(2248, 1, 11),
	(2249, 1, 10),
	(2250, 1, 16),
	(2251, 1, 17),
	(2252, 1, 18),
	(2253, 1, 54),
	(2254, 1, 21),
	(2255, 1, 20),
	(2256, 1, 19),
	(2257, 1, 22),
	(2258, 1, 23),
	(2259, 1, 24),
	(2260, 1, 52),
	(2261, 1, 31),
	(2262, 1, 30),
	(2263, 1, 29),
	(2264, 1, 32),
	(2265, 1, 33),
	(2266, 1, 34),
	(2267, 1, 35),
	(2268, 1, 39),
	(2269, 1, 38),
	(2270, 1, 37),
	(2271, 1, 36),
	(2272, 1, 64),
	(2273, 1, 65),
	(2274, 1, 40),
	(2275, 1, 41),
	(2276, 1, 42),
	(2277, 1, 58),
	(2278, 1, 45),
	(2279, 1, 43),
	(2280, 1, 44),
	(2281, 1, 51),
	(2282, 1, 57),
	(2283, 1, 56),
	(2284, 1, 60),
	(2285, 1, 61),
	(2286, 1, 62),
	(2287, 1, 59),
	(2288, 1, 50),
	(2289, 1, 26),
	(2290, 1, 25),
	(2291, 1, 27);

-- tablo yapısı dökülüyor puantoryeni.userroles
CREATE TABLE IF NOT EXISTS `userroles` (
  `id` int(25) NOT NULL AUTO_INCREMENT,
  `firm_id` int(25) NOT NULL DEFAULT 0,
  `roleName` varchar(255) NOT NULL,
  `roleDescription` varchar(255) NOT NULL,
  `isActive` int(1) NOT NULL,
  PRIMARY KEY (`id`)
) ENGINE=InnoDB AUTO_INCREMENT=23 DEFAULT CHARSET=utf8mb4 COLLATE=utf8mb4_general_ci;

-- puantoryeni.userroles: ~5 rows (yaklaşık) tablosu için veriler indiriliyor
DELETE FROM `userroles`;
INSERT INTO `userroles` (`id`, `firm_id`, `roleName`, `roleDescription`, `isActive`) VALUES
	(1, 0, 'AdminLte', 'Tüm Yetkilere Sahip Kullanıcı', 1),
	(9, 0, 'User', 'Normal Kullanıcı', 1),
	(10, 0, 'Genel Kullanıcı', 'Admin yetkilerine sahip normal kullanıcı', 1),
	(11, 0, 'Kısıtlı Kullanıcı', 'Sınırlı yetkilere sahip personel', 1),
	(22, 8, 'Admin', '', 0);

-- tablo yapısı dökülüyor puantoryeni.users
CREATE TABLE IF NOT EXISTS `users` (
  `id` int(11) NOT NULL AUTO_INCREMENT,
  `firm_id` int(11) NOT NULL DEFAULT 0,
  `full_name` varchar(255) NOT NULL,
  `email` varchar(255) NOT NULL,
  `password` varchar(255) NOT NULL,
  `phone` varchar(20) DEFAULT NULL,
  `job` varchar(50) DEFAULT NULL,
  `title` varchar(50) DEFAULT NULL,
  `user_roles` int(11) DEFAULT NULL,
  `status` int(11) DEFAULT NULL,
  `ekipnet_no` varchar(50) DEFAULT NULL,
  `sicil_no` varchar(50) DEFAULT NULL,
  `yetkinlik_no` varchar(50) DEFAULT NULL,
  `session_token` varchar(255) DEFAULT NULL,
  `remember_token` int(11) DEFAULT NULL,
  `created_at` timestamp NOT NULL DEFAULT current_timestamp(),
  PRIMARY KEY (`id`),
  UNIQUE KEY `email` (`email`)
) ENGINE=InnoDB AUTO_INCREMENT=67 DEFAULT CHARSET=utf8mb4 COLLATE=utf8mb4_general_ci;

-- puantoryeni.users: ~8 rows (yaklaşık) tablosu için veriler indiriliyor
DELETE FROM `users`;
INSERT INTO `users` (`id`, `firm_id`, `full_name`, `email`, `password`, `phone`, `job`, `title`, `user_roles`, `status`, `ekipnet_no`, `sicil_no`, `yetkinlik_no`, `session_token`, `remember_token`, `created_at`) VALUES
	(3, 0, 'Bilge Kazaz', 'bilgekazaz@gmail.com', '81dc9bdb52d04dc20036dbd8313ed055', '507', 'Mühendis', '', 1, 1, NULL, NULL, NULL, NULL, NULL, '2024-08-30 16:00:31'),
	(4, 0, 'Mehmet Ali Gökmen', 'beyzade83@gmail.com', '81dc9bdb52d04dc20036dbd8313ed055', '539', '', '', 9, 1, NULL, NULL, NULL, NULL, NULL, '2024-09-04 15:56:13'),
	(60, 8, 'Mehmet Ali Gökmen', 'beyzade83@hotmail.com', '$2y$10$AT6jUkLr/nAgKkEQm3wqqOIAi0u6ey7FnFiR/8AHl1Y0r9l4awwJe', NULL, NULL, NULL, NULL, 1, NULL, NULL, NULL, NULL, NULL, '2024-09-23 19:18:25'),
	(61, 0, 'Avni Akgöz ', 'avniiakgoz@gmail.com', '$2y$10$81U50qIwKRyuudnpah4IL.zu95ZExgD0lO23PNYglLrKbpA2MlaO6', NULL, NULL, NULL, NULL, 1, NULL, NULL, NULL, NULL, NULL, '2024-09-26 19:29:00'),
	(63, 11, 'Ümüt Ünal', 'umutunal.91@gmail.com', '$2y$10$yip0iyY8brgrIKShtU5omeVcdOCm1cqSLtOTdicQX2.QiisOvyu7a', NULL, NULL, NULL, NULL, 1, NULL, NULL, NULL, NULL, NULL, '2024-09-27 08:57:57'),
	(64, 12, 'Ümüt Ünal', 'yngsolarenerji@gmail.com', '$2y$10$kBeDnGUrJyuXJ.o3NFdVhOOQZbB36ikTf7EqcLtWvNbwnjVQTCNiq', NULL, NULL, NULL, NULL, 1, NULL, NULL, NULL, NULL, NULL, '2024-09-27 08:59:24'),
	(65, 0, 'gokmen', 'admin@puantor.com.tr', '$2y$10$/LY27auC2qYCf0LN8zBjUe6dUXeMJw3vvxAUVyB.xVBRAaDE9P2Iy', NULL, NULL, NULL, NULL, 1, NULL, NULL, NULL, NULL, NULL, '2024-09-29 19:50:08'),
	(66, 14, 'Avni Akgöz', 'avniakgoz01@gmail.com', '$2y$10$A1BmQH024cciv6DGrkMcaewilM06P93Xk4LGJ1LBW2h4ZdCphXLq.', NULL, NULL, NULL, NULL, 1, NULL, NULL, NULL, NULL, NULL, '2024-10-01 10:01:56');

-- Geçici tablolar temizlenerek final VIEW oluşturuluyor
DROP TABLE IF EXISTS `sqlmaas_gelir_kesinti`;
CREATE ALGORITHM=UNDEFINED SQL SECURITY DEFINER VIEW `sqlmaas_gelir_kesinti` AS select `puantaj`.`id` AS `id`,`puantaj`.`person` AS `person_id`,'Puantaj Çalışma' AS `turu`,1 AS `kategori`,month(`puantaj`.`gun`) AS `ay`,year(`puantaj`.`gun`) AS `yil`,`puantaj`.`person` AS `person`,`puantaj`.`gun` AS `gun`,`puantaj`.`tutar` AS `tutar`,'' AS `aciklama`,`puantaj`.`created_at` AS `created_at` from `puantaj` union all select `maas_gelir_kesinti`.`id` AS `id`,`maas_gelir_kesinti`.`person_id` AS `person_id`,`maas_gelir_kesinti`.`turu` AS `turu`,`maas_gelir_kesinti`.`kategori` AS `kategori`,`maas_gelir_kesinti`.`ay` AS `ay`,`maas_gelir_kesinti`.`yil` AS `yil`,`maas_gelir_kesinti`.`person_id` AS `person_id`,`maas_gelir_kesinti`.`gun` AS `gun`,`maas_gelir_kesinti`.`tutar` AS `tutar`,`maas_gelir_kesinti`.`aciklama` AS `aciklama`,`maas_gelir_kesinti`.`created_at` AS `created_at` from `maas_gelir_kesinti` ;

/*!40103 SET TIME_ZONE=IFNULL(@OLD_TIME_ZONE, 'system') */;
/*!40101 SET SQL_MODE=IFNULL(@OLD_SQL_MODE, '') */;
/*!40014 SET FOREIGN_KEY_CHECKS=IFNULL(@OLD_FOREIGN_KEY_CHECKS, 1) */;
/*!40101 SET CHARACTER_SET_CLIENT=@OLD_CHARACTER_SET_CLIENT */;
/*!40111 SET SQL_NOTES=IFNULL(@OLD_SQL_NOTES, 1) */;
